account_id,cohort,tenure_months,usage_change_90d,communication_gap_days,billing_change,delivered_performance_index,support_contacts_90d,monthly_revenue,churned_120d,lead_time_days,model_probability
SYN-00001,development,82,0.2569,13,0,0.638,2,2768.58,0,0,0.067096
SYN-00002,development,63,0.2281,43,0,0.972,1,1225.08,0,0,0.079025
SYN-00003,development,9,0.0106,41,0,1.0491,0,1696.38,0,0,0.110693
SYN-00004,development,37,0.2139,38,0,0.9351,0,5166.51,0,0,0.076753
SYN-00005,development,18,-0.3509,45,1,1.0171,1,878.75,1,56,0.333681
SYN-00006,development,36,-0.4912,1,0,0.9107,0,1832.29,0,0,0.128039
SYN-00007,development,79,0.0158,19,0,0.6868,2,2001.56,0,0,0.098049
SYN-00008,development,80,0.0796,26,1,0.8936,0,2654.75,0,0,0.13576
SYN-00009,development,66,-0.0074,15,0,1.1801,0,5301.78,0,0,0.053573
SYN-00010,development,73,-0.0549,14,0,0.9309,1,1047.8,0,0,0.078402
SYN-00011,development,58,0.1515,33,0,0.783,2,1763.81,0,0,0.098758
SYN-00012,development,68,-0.52,1,0,0.9243,0,1496.62,0,0,0.116087
SYN-00013,development,76,-0.0997,1,0,0.7984,0,487.5,0,0,0.073294
SYN-00014,development,68,0.2903,69,0,0.8118,0,1292.1,0,0,0.107721
SYN-00015,development,75,-0.3066,3,1,1.049,0,1418.38,0,0,0.150137
SYN-00016,development,33,-0.0545,9,0,1.036,2,2052.0,0,0,0.083358
SYN-00017,development,40,-0.4732,36,0,0.9993,0,711.84,0,0,0.177968
SYN-00018,development,56,-0.087,1,0,1.0094,2,3123.94,0,0,0.071822
SYN-00019,development,84,0.0777,56,0,0.9432,0,1661.74,0,0,0.09975
SYN-00020,development,18,-0.4114,1,0,1.0011,0,5733.25,0,0,0.109167
SYN-00021,development,84,0.3569,42,1,1.0684,1,8110.19,1,141,0.098178
SYN-00022,development,21,-0.1273,73,0,0.843,1,1072.68,0,0,0.233421
SYN-00023,development,53,-0.093,41,1,0.8122,1,411.83,1,102,0.254828
SYN-00024,development,74,-0.3431,21,0,0.9482,0,982.84,0,0,0.114839
SYN-00025,development,59,-0.13,20,0,1.0302,0,4348.29,0,0,0.081032
SYN-00026,development,7,-0.2909,33,0,0.7087,0,2914.42,1,78,0.192398
SYN-00027,development,39,0.1425,22,1,0.8623,2,2594.59,0,0,0.163876
SYN-00028,development,42,-0.0991,32,0,1.134,0,419.31,0,0,0.093796
SYN-00029,development,14,-0.1141,40,0,1.0412,0,1167.02,0,0,0.127392
SYN-00030,development,28,-0.0962,22,0,0.8357,0,618.85,0,0,0.112875
SYN-00031,development,44,0.1635,1,0,0.9392,1,1444.24,0,0,0.054644
SYN-00032,development,37,-0.6197,52,1,0.9914,0,3099.97,1,56,0.408401
SYN-00033,development,30,-0.1102,1,0,1.0307,3,1115.9,0,0,0.08926
SYN-00034,development,34,0.2371,17,0,0.6029,2,963.48,0,0,0.093866
SYN-00035,development,56,-0.3168,12,0,0.8797,1,1561.66,0,0,0.119945
SYN-00036,development,78,0.4329,31,1,1.0981,6,4193.47,0,0,0.114179
SYN-00037,development,2,-0.276,1,0,1.0738,3,1589.82,0,0,0.118689
SYN-00038,development,60,0.0118,17,0,1.0015,0,2182.77,0,0,0.067762
SYN-00039,development,73,0.4402,36,0,0.8857,3,1488.21,0,0,0.064434
SYN-00040,development,17,-0.2887,30,1,0.9915,2,4624.75,0,0,0.279582
SYN-00041,development,9,-0.1004,60,0,0.9589,0,598.15,0,0,0.175899
SYN-00042,development,29,-0.0228,59,0,0.9699,0,904.49,1,84,0.144638
SYN-00043,development,65,-0.3251,19,0,0.947,1,3030.27,0,0,0.118252
SYN-00044,development,73,0.1777,1,0,0.7907,0,2568.52,0,0,0.049772
SYN-00045,development,84,-0.1206,61,0,1.1239,0,882.57,0,0,0.118462
SYN-00046,development,19,-0.1902,58,1,1.1376,3,1764.24,1,71,0.327085
SYN-00047,development,75,0.3776,47,0,0.7772,4,180.0,0,0,0.096822
SYN-00048,development,19,-0.3515,46,0,0.5625,1,1860.87,0,0,0.273271
SYN-00049,development,8,0.0283,28,0,1.016,3,642.87,0,0,0.117686
SYN-00050,development,56,0.3714,70,0,1.096,0,618.31,1,97,0.080649
SYN-00051,development,49,-0.1112,36,0,1.0253,0,1159.01,0,0,0.106358
SYN-00052,development,24,-0.17,16,0,0.8511,0,933.09,0,0,0.114803
SYN-00053,development,40,0.2728,36,0,0.83,1,1073.22,0,0,0.085101
SYN-00054,development,79,0.2395,1,0,1.0546,0,332.52,0,0,0.035803
SYN-00055,development,69,-0.093,26,0,0.9529,0,1868.3,0,0,0.088797
SYN-00056,development,26,0.0311,5,1,0.886,0,1203.63,0,0,0.140731
SYN-00057,development,40,0.1582,10,0,0.7847,7,1364.63,0,0,0.110676
SYN-00058,development,73,-0.3343,41,0,0.6555,2,6529.76,0,0,0.197292
SYN-00059,development,5,-0.0177,5,0,0.8223,1,867.88,0,0,0.097089
SYN-00060,development,30,0.2119,28,0,1.0457,1,1231.55,0,0,0.071015
SYN-00061,development,55,-0.1573,12,0,1.013,1,608.09,0,0,0.08808
SYN-00062,development,79,-0.741,48,0,0.8417,0,5639.5,0,0,0.256786
SYN-00063,development,48,0.02,13,0,0.9354,1,409.67,0,0,0.078057
SYN-00064,development,54,-0.2756,41,1,0.7674,1,1758.08,0,0,0.312552
SYN-00065,development,9,0.2376,25,0,0.9442,5,1066.73,0,0,0.104463
SYN-00066,development,52,-0.0021,2,0,1.0809,0,1164.18,0,0,0.054982
SYN-00067,development,55,0.0643,7,0,1.0478,4,1942.32,0,0,0.072057
SYN-00068,development,78,-0.022,37,0,1.0953,0,4258.48,0,0,0.07659
SYN-00069,development,15,0.1248,40,0,0.6526,0,1576.71,0,0,0.130292
SYN-00070,development,60,-0.3979,22,0,1.007,1,1819.55,0,0,0.132506
SYN-00071,development,35,0.2971,6,0,0.9816,8,1618.83,0,0,0.080036
SYN-00072,development,44,0.201,23,1,0.8097,5,386.52,1,121,0.196319
SYN-00073,development,73,-0.0626,27,0,0.904,0,450.14,0,0,0.090536
SYN-00074,development,18,-0.1914,1,0,0.8772,1,769.43,0,0,0.104623
SYN-00075,development,69,-0.2297,27,0,1.011,3,2674.48,0,0,0.123943
SYN-00076,development,75,-0.2135,21,0,0.8315,0,2482.8,0,0,0.105082
SYN-00077,development,64,0.3461,32,0,0.8058,6,1676.4,0,0,0.095287
SYN-00078,development,83,-0.1047,1,1,0.8681,0,2949.61,0,0,0.126121
SYN-00079,development,61,-0.1354,13,0,0.8811,0,1088.29,0,0,0.088247
SYN-00080,development,7,0.36,26,0,0.7331,0,5120.01,0,0,0.073355
SYN-00081,development,45,0.087,7,0,0.6955,0,1698.61,0,0,0.076006
SYN-00082,development,41,-0.0116,25,1,0.9982,5,382.81,0,0,0.223701
SYN-00083,development,72,-0.5519,29,0,0.9452,2,395.24,0,0,0.189874
SYN-00084,development,4,0.1144,41,0,0.9171,1,2581.81,0,0,0.117304
SYN-00085,development,69,0.2411,8,0,0.7816,0,280.33,0,0,0.053164
SYN-00086,development,22,-0.1169,44,0,0.7322,2,958.04,0,0,0.191785
SYN-00087,development,76,0.4431,1,0,0.7156,3,2216.84,0,0,0.045665
SYN-00088,development,53,0.25,1,0,0.9412,0,1665.73,0,0,0.043165
SYN-00089,development,34,-0.0754,19,0,0.9076,0,3352.27,0,0,0.093356
SYN-00090,development,53,-0.1122,1,0,0.6361,0,828.37,1,83,0.094487
SYN-00091,development,59,-0.2075,30,0,0.7921,4,1147.84,0,0,0.170107
SYN-00092,development,18,-0.3979,63,0,0.9977,0,3034.14,0,0,0.234275
SYN-00093,development,18,0.1489,20,1,0.9458,2,15859.43,1,106,0.135851
SYN-00094,development,26,-0.0722,59,0,1.0206,0,2654.83,0,0,0.145836
SYN-00095,development,18,-0.2157,38,0,0.9127,0,1235.74,0,0,0.154736
SYN-00096,development,47,-0.4274,1,0,0.8902,0,1228.85,0,0,0.115917
SYN-00097,development,46,-0.4885,50,0,0.8922,1,716.99,0,0,0.240104
SYN-00098,development,49,0.0849,63,0,0.9517,1,1414.02,1,91,0.132405
SYN-00099,development,13,0.0217,52,0,0.9738,7,6995.76,0,0,0.193269
SYN-00100,development,82,-0.4001,1,0,1.0533,0,621.7,0,0,0.08459
SYN-00101,development,8,-0.0663,1,0,1.0107,0,974.63,0,0,0.076264
SYN-00102,development,23,-0.0579,75,0,1.1271,0,740.3,0,0,0.164988
SYN-00103,development,51,-0.0511,20,0,0.8723,3,545.41,0,0,0.112456
SYN-00104,development,2,-0.2231,19,0,1.0265,0,9195.84,0,0,0.107437
SYN-00105,development,66,-0.049,21,0,0.7431,0,2115.61,0,0,0.095567
SYN-00106,development,31,0.0441,4,0,0.9065,3,1158.54,1,91,0.084227
SYN-00107,development,29,0.2705,7,0,0.9043,2,1092.7,0,0,0.060889
SYN-00108,development,3,0.4647,16,0,0.8485,2,3011.67,0,0,0.060436
SYN-00109,development,83,-0.6679,41,1,0.8979,0,5255.98,1,49,0.352818
SYN-00110,development,80,-0.0551,31,1,0.7664,2,1063.04,0,0,0.217196
SYN-00111,development,50,0.083,20,0,0.7612,2,2266.48,0,0,0.09551
SYN-00112,development,30,-0.2135,4,0,0.9181,2,1239.34,0,0,0.109389
SYN-00113,development,11,0.013,1,0,0.9816,5,743.64,0,0,0.098944
SYN-00114,development,2,-0.0431,47,0,0.9401,1,398.67,0,0,0.156453
SYN-00115,development,9,0.0669,25,0,1.0385,1,1051.67,0,0,0.091198
SYN-00116,development,36,0.1682,43,0,0.746,1,4919.64,0,0,0.111236
SYN-00117,development,47,0.2689,15,0,1.088,4,817.9,0,0,0.061547
SYN-00118,development,15,-0.0013,1,0,1.0059,0,5310.9,0,0,0.064207
SYN-00119,development,78,0.3641,1,0,0.9339,0,289.7,0,0,0.033894
SYN-00120,development,41,-0.5766,23,0,1.1422,0,2021.97,0,0,0.150357
SYN-00121,development,72,-0.3114,9,0,1.0644,1,2049.05,0,0,0.090653
SYN-00122,development,33,-0.5615,32,0,0.7611,1,919.59,0,0,0.246054
SYN-00123,development,25,0.2475,43,0,0.9091,0,1170.06,1,76,0.089032
SYN-00124,development,73,-0.1855,18,0,0.9458,2,7470.01,0,0,0.095349
SYN-00125,development,69,-0.6052,12,0,1.0689,0,1733.6,1,86,0.130252
SYN-00126,development,55,0.5169,1,0,0.9776,0,2581.36,0,0,0.028077
SYN-00127,development,19,0.1528,48,0,0.8816,0,1140.3,0,0,0.1129
SYN-00128,development,4,-0.5091,1,1,1.1435,0,1863.19,0,0,0.223268
SYN-00129,development,53,-0.0998,17,1,0.9474,2,8720.36,1,90,0.169755
SYN-00130,development,55,-0.1301,14,0,0.8389,3,1724.72,0,0,0.115055
SYN-00131,development,79,0.0539,44,0,0.9087,0,1263.92,0,0,0.093163
SYN-00132,development,51,0.1506,17,0,0.9432,2,1092.73,0,0,0.072015
SYN-00133,development,18,-0.5307,45,0,0.9043,1,848.9,1,42,0.259268
SYN-00134,development,57,-0.2159,84,0,0.9159,0,1411.79,1,32,0.228208
SYN-00135,development,33,0.1914,50,0,0.9809,3,2201.56,0,0,0.115442
SYN-00136,development,66,0.0391,33,0,0.7855,0,448.3,0,0,0.097975
SYN-00137,development,35,-0.2768,1,0,0.8153,1,3481.85,0,0,0.111163
SYN-00138,development,8,-0.2424,33,0,0.8144,2,1482.35,1,70,0.191568
SYN-00139,development,46,-0.1499,9,0,0.7306,2,180.0,0,0,0.120327
SYN-00140,development,46,0.5954,31,0,0.7993,0,345.74,0,0,0.048449
SYN-00141,development,3,-0.5914,22,0,0.8356,6,1171.49,0,0,0.314379
SYN-00142,development,23,-0.325,18,0,1.0025,3,3043.49,0,0,0.149887
SYN-00143,development,39,-0.332,7,0,0.9337,7,549.2,1,103,0.175673
SYN-00144,development,49,0.3542,20,0,0.7879,0,1465.9,0,0,0.057079
SYN-00145,development,59,0.3809,56,0,0.7284,0,1221.04,0,0,0.090414
SYN-00146,development,72,-0.5261,24,0,0.8672,0,1169.09,0,0,0.161464
SYN-00147,development,4,-0.24,20,0,0.8804,1,2499.69,0,0,0.145731
SYN-00148,development,2,-0.2223,52,0,0.9847,0,2129.7,0,0,0.182603
SYN-00149,development,70,0.2191,55,0,0.9927,0,2091.07,1,86,0.082313
SYN-00150,development,70,-0.2612,29,0,0.8419,0,988.02,0,0,0.127489
SYN-00151,development,63,-0.0692,58,0,0.9656,1,1291.83,0,0,0.141455
SYN-00152,development,83,0.2884,6,1,0.8582,0,3224.33,0,0,0.081014
SYN-00153,development,81,0.6531,31,0,0.9383,4,495.33,0,0,0.045065
SYN-00154,development,12,-0.5583,40,0,1.0045,1,756.55,0,0,0.240139
SYN-00155,development,64,0.1185,25,0,1.0736,0,875.67,0,0,0.061145
SYN-00156,development,82,0.014,48,0,0.6494,0,735.55,0,0,0.128939
SYN-00157,development,57,-0.0497,25,0,1.0468,0,2647.33,0,0,0.079049
SYN-00158,development,17,0.0338,21,0,0.7916,6,398.24,0,0,0.153156
SYN-00159,development,15,-0.419,55,0,0.9708,2,6843.77,0,0,0.243798
SYN-00160,development,45,-0.5037,73,1,0.9071,1,1321.74,0,0,0.478111
SYN-00161,development,52,-0.0601,22,0,0.9226,0,885.02,0,0,0.090111
SYN-00162,development,47,0.2756,64,0,0.9053,2,789.27,0,0,0.11901
SYN-00163,development,30,0.295,16,0,0.7423,0,880.88,0,0,0.066827
SYN-00164,development,29,-0.536,12,0,1.0884,2,1916.24,0,0,0.156153
SYN-00165,development,6,-0.0761,24,0,0.7729,1,1210.82,0,0,0.137882
SYN-00166,development,39,-0.3213,9,0,0.8856,0,1140.46,0,0,0.116236
SYN-00167,development,26,-0.2971,65,1,0.6865,0,1033.28,0,0,0.432644
SYN-00168,development,37,-0.3869,9,1,0.6422,3,6749.38,0,0,0.308506
SYN-00169,development,59,0.0184,42,0,0.9114,0,1833.22,0,0,0.102173
SYN-00170,development,73,-0.3633,23,0,0.7548,3,732.74,0,0,0.174183
SYN-00171,development,67,-0.5645,4,0,1.0987,4,1101.54,0,0,0.144506
SYN-00172,development,42,-0.4831,31,0,0.8797,1,1704.84,0,0,0.195103
SYN-00173,development,69,-0.0649,1,0,1.0031,9,888.37,1,113,0.111421
SYN-00174,development,66,0.0055,1,0,0.8718,4,965.47,0,0,0.081773
SYN-00175,development,66,-0.1695,12,0,0.7665,1,1258.86,0,0,0.10565
SYN-00176,development,63,-0.0806,52,0,0.5159,2,2322.61,0,0,0.202838
SYN-00177,development,36,0.1475,28,0,0.7499,0,1599.96,0,0,0.091521
SYN-00178,development,68,0.291,29,0,0.8067,2,481.18,0,0,0.074421
SYN-00179,development,10,0.1917,36,0,1.0568,0,1845.59,0,0,0.080711
SYN-00180,development,38,0.0317,23,0,0.7981,0,1116.82,0,0,0.095476
SYN-00181,development,81,0.1952,44,1,0.7123,1,853.45,1,118,0.184992
SYN-00182,development,2,-0.478,56,0,0.8028,1,1129.7,1,66,0.310064
SYN-00183,development,24,-0.1363,64,0,0.6349,1,652.14,0,0,0.2483
SYN-00184,development,66,-0.0058,30,1,1.1133,1,819.71,0,0,0.151964
SYN-00185,development,50,0.0179,22,0,0.9301,0,1716.64,0,0,0.080464
SYN-00186,development,82,0.1607,24,0,1.1899,1,652.19,0,0,0.051004
SYN-00187,development,83,-0.2872,9,0,1.1045,0,2785.0,0,0,0.074656
SYN-00188,development,77,-0.2991,29,1,0.8707,6,893.92,0,0,0.323444
SYN-00189,development,3,-0.0261,56,0,0.7556,0,1537.06,0,0,0.183037
SYN-00190,development,29,-0.2725,19,0,0.7859,0,475.61,0,0,0.141569
SYN-00191,development,51,-0.2451,17,0,0.9636,0,2138.13,0,0,0.102472
SYN-00192,development,21,-0.0849,17,0,1.0573,0,3006.67,0,0,0.085349
SYN-00193,development,53,0.5232,3,0,0.7806,0,1021.21,0,0,0.035621
SYN-00194,development,25,-0.2076,35,1,0.844,1,751.09,0,0,0.288528
SYN-00195,development,19,-0.0948,15,0,0.3671,2,1071.27,0,0,0.180082
SYN-00196,development,18,-0.226,30,0,0.8506,8,1343.21,0,0,0.244629
SYN-00197,development,21,-0.0746,13,0,1.1158,2,3037.03,0,0,0.087092
SYN-00198,development,43,0.192,2,0,1.0189,0,1129.37,0,0,0.046375
SYN-00199,development,31,-0.4047,38,0,1.1136,0,2540.0,1,70,0.154493
SYN-00200,development,55,-0.7413,62,0,0.9446,1,1180.22,1,82,0.329198
SYN-00201,development,67,-0.1068,3,1,0.9196,1,1469.9,0,0,0.143798
SYN-00202,development,36,0.2623,41,0,0.972,1,572.55,0,0,0.082995
SYN-00203,development,28,0.3627,3,0,0.6142,1,4217.16,0,0,0.059576
SYN-00204,development,8,-0.1501,18,0,0.7182,0,2036.69,0,0,0.135224
SYN-00205,development,2,-0.0195,36,0,0.7406,0,2161.33,0,0,0.143933
SYN-00206,development,16,-0.4349,49,0,1.0183,1,2027.34,1,74,0.222358
SYN-00207,development,19,-0.0065,15,0,0.8367,0,555.97,0,0,0.095192
SYN-00208,development,10,0.1293,50,0,0.9878,0,1180.83,0,0,0.112747
SYN-00209,development,33,-0.1294,31,0,1.0047,0,916.04,0,0,0.111293
SYN-00210,development,40,0.2535,15,0,0.8235,1,747.42,0,0,0.066755
SYN-00211,development,31,-0.0732,39,0,1.115,3,1101.92,0,0,0.128135
SYN-00212,development,12,0.3668,29,0,0.9839,0,849.87,0,0,0.062383
SYN-00213,development,69,-0.3016,60,0,0.8352,0,850.72,0,0,0.196902
SYN-00214,development,48,0.0508,10,0,0.7889,1,1879.21,0,0,0.080603
SYN-00215,development,76,0.0121,7,1,0.7745,0,1249.92,0,0,0.133533
SYN-00216,development,19,0.07,21,1,0.9099,0,7853.98,0,0,0.151186
SYN-00217,development,64,-0.1515,1,0,0.8053,1,1181.87,0,0,0.087199
SYN-00218,development,47,0.0017,31,0,0.8837,2,577.78,0,0,0.113599
SYN-00219,development,75,-0.1548,25,1,0.9509,0,951.67,0,0,0.177428
SYN-00220,development,69,0.5048,1,0,0.9041,1,1413.59,0,0,0.03155
SYN-00221,development,38,-0.1813,11,0,0.8779,1,3198.32,0,0,0.104815
SYN-00222,development,15,-0.0395,56,1,0.9825,0,1221.16,0,0,0.265205
SYN-00223,development,67,0.3979,60,0,1.0126,0,1727.45,0,0,0.069161
SYN-00224,development,11,-0.0706,74,0,0.7805,1,2517.88,0,0,0.236609
SYN-00225,development,56,0.1893,22,0,0.974,3,1640.03,0,0,0.074121
SYN-00226,development,70,0.0212,1,1,0.9413,1,1273.88,0,0,0.116016
SYN-00227,development,16,0.3181,16,0,1.0364,1,678.79,0,0,0.056405
SYN-00228,development,19,-0.2603,12,0,0.8041,2,789.42,0,0,0.148638
SYN-00229,development,65,0.2021,21,0,0.7833,1,180.0,0,0,0.072966
SYN-00230,development,51,-0.4304,32,0,0.677,0,3902.11,0,0,0.193265
SYN-00231,development,78,-0.0251,66,0,1.0309,3,1213.33,0,0,0.150504
SYN-00232,development,19,-0.0217,1,0,0.8239,4,960.37,0,0,0.107275
SYN-00233,development,53,0.2238,34,0,0.9861,0,689.22,0,0,0.068116
SYN-00234,development,63,-0.0962,31,0,1.0124,0,3128.66,0,0,0.09097
SYN-00235,development,78,-0.2732,12,0,1.0683,0,2925.23,0,0,0.0803
SYN-00236,development,3,-0.2473,12,0,0.8165,3,719.81,0,0,0.164313
SYN-00237,development,22,-0.3162,34,0,0.9706,0,880.46,0,0,0.157155
SYN-00238,development,50,0.1926,23,0,1.0537,4,797.95,0,0,0.077417
SYN-00239,development,56,-0.0625,1,0,1.007,1,3495.87,0,0,0.064517
SYN-00240,development,20,-0.1111,15,0,1.0417,3,596.01,1,104,0.111248
SYN-00241,development,34,-0.2682,25,0,1.1785,0,622.15,0,0,0.105828
SYN-00242,development,81,0.2041,36,0,0.9436,0,1128.77,0,0,0.065993
SYN-00243,development,25,0.1215,1,0,0.8485,0,2131.66,0,0,0.062916
SYN-00244,development,29,0.6331,48,0,0.9837,1,405.2,0,0,0.056403
SYN-00245,development,68,-0.2592,48,0,0.989,2,1446.87,0,0,0.162069
SYN-00246,development,44,0.004,21,0,0.8709,0,2063.52,0,0,0.087078
SYN-00247,development,39,0.2425,48,1,0.8873,2,622.93,0,0,0.198365
SYN-00248,development,20,0.0444,21,0,0.9311,0,715.39,0,0,0.08791
SYN-00249,development,18,0.0449,15,1,0.9404,6,623.24,0,0,0.225112
SYN-00250,development,12,0.3996,36,0,1.0157,0,4638.4,0,0,0.060421
SYN-00251,development,81,0.4784,54,0,0.9773,0,694.09,0,0,0.056461
SYN-00252,development,77,0.1982,17,0,0.8197,1,1994.66,0,0,0.062341
SYN-00253,development,12,-0.2054,12,0,0.8743,2,823.2,0,0,0.134354
SYN-00254,development,66,-0.3729,25,0,0.8682,3,2735.89,0,0,0.164775
SYN-00255,development,37,-0.1913,20,0,1.0397,0,2300.19,0,0,0.09805
SYN-00256,development,16,-0.5384,1,0,0.7801,0,995.07,0,0,0.16544
SYN-00257,development,15,0.0038,20,0,0.9768,2,1647.86,1,54,0.101715
SYN-00258,development,48,-0.0651,4,0,0.9658,0,521.45,0,0,0.07024
SYN-00259,development,45,-0.1428,8,1,0.8177,1,3957.22,0,0,0.182929
SYN-00260,development,36,-0.1516,1,0,0.9945,0,1911.3,0,0,0.076201
SYN-00261,development,53,-0.1869,26,0,0.9955,0,2879.65,0,0,0.101882
SYN-00262,development,57,-0.3473,65,0,1.0479,1,797.55,0,0,0.206578
SYN-00263,development,65,-0.0889,57,0,1.1265,5,3733.66,0,0,0.156149
SYN-00264,development,16,0.1257,101,0,1.0156,5,2061.21,0,0,0.266941
SYN-00265,development,41,0.5108,23,0,0.9249,3,190.69,0,0,0.055226
SYN-00266,development,83,0.0003,45,0,0.965,2,2922.34,0,0,0.106342
SYN-00267,development,5,-0.1605,28,0,0.8734,2,1455.09,0,0,0.157801
SYN-00268,development,22,0.2464,31,0,0.8701,3,1155.38,0,0,0.098411
SYN-00269,development,2,-0.0074,1,0,0.8078,0,832.5,0,0,0.087028
SYN-00270,development,49,-0.0729,1,0,1.0458,0,3572.77,0,0,0.060479
SYN-00271,development,80,0.4573,26,0,0.8152,1,2336.84,0,0,0.048722
SYN-00272,development,7,-0.1783,1,0,0.8748,2,1979.34,0,0,0.113521
SYN-00273,development,38,-0.3985,24,0,0.8112,8,1229.53,0,0,0.266328
SYN-00274,development,45,0.311,24,1,0.802,0,1338.66,0,0,0.124843
SYN-00275,development,38,-0.0716,34,1,1.0066,1,1238.96,1,53,0.207412
SYN-00276,development,21,-0.3325,1,1,0.8146,0,3268.47,0,0,0.218149
SYN-00277,development,12,-0.1605,57,0,0.948,0,988.01,0,0,0.181113
SYN-00278,development,41,-0.0349,56,1,0.5686,0,447.2,1,65,0.326487
SYN-00279,development,36,0.4366,36,0,1.0243,2,1482.92,0,0,0.062053
SYN-00280,development,33,-0.0879,48,1,0.6863,0,841.9,0,0,0.299891
SYN-00281,development,19,0.1504,48,0,0.8574,0,1486.94,0,0,0.115151
SYN-00282,development,61,0.4723,37,0,0.9285,1,550.78,0,0,0.055484
SYN-00283,development,63,0.0132,75,0,0.7174,0,1528.02,1,76,0.180407
SYN-00284,development,42,-0.4173,27,0,0.8323,1,960.02,0,0,0.180572
SYN-00285,development,37,0.0812,5,0,0.9836,1,2009.63,0,0,0.06331
SYN-00286,development,82,-0.2941,26,0,0.9881,0,3243.64,0,0,0.104303
SYN-00287,development,44,0.2725,43,0,1.0293,1,1414.68,0,0,0.076324
SYN-00288,development,6,-0.4309,33,0,0.7271,2,1217.05,1,55,0.255936
SYN-00289,development,53,0.1162,8,0,0.8853,3,565.12,0,0,0.075617
SYN-00290,development,66,0.0477,9,0,0.8895,1,482.59,0,0,0.068875
SYN-00291,development,38,-0.2105,5,0,0.9176,2,1792.61,1,105,0.106139
SYN-00292,development,81,-0.1171,51,0,1.0532,2,6456.53,0,0,0.119009
SYN-00293,development,66,-0.0634,41,1,0.8286,0,4294.39,0,0,0.210085
SYN-00294,development,2,0.2888,18,1,0.8285,0,327.62,0,0,0.139662
SYN-00295,development,54,0.1138,18,1,1.1753,0,1881.09,0,0,0.103016
SYN-00296,development,12,-0.3146,25,0,1.0756,2,2566.2,0,0,0.1491
SYN-00297,development,59,0.0266,20,0,0.7622,1,1375.52,0,0,0.093518
SYN-00298,development,74,0.1372,11,1,0.8189,0,1072.68,0,0,0.116477
SYN-00299,development,73,-0.1751,21,1,0.9619,0,1238.8,1,95,0.172486
SYN-00300,development,32,-0.0525,9,0,0.7372,2,1969.91,0,0,0.109067
SYN-00301,development,36,0.4541,60,0,0.6909,1,1726.33,0,0,0.104574
SYN-00302,development,56,0.1112,46,1,0.8814,2,1500.98,0,0,0.211012
SYN-00303,development,78,-0.221,28,0,0.9175,10,1374.73,1,55,0.206075
SYN-00304,development,46,0.2471,12,0,0.8022,1,6661.05,0,0,0.059263
SYN-00305,development,37,-0.3159,46,0,0.9278,1,780.72,0,0,0.189172
SYN-00306,development,61,0.6109,22,1,1.0263,2,3202.91,0,0,0.070461
SYN-00307,development,36,-0.0254,7,0,0.9758,0,798.1,0,0,0.071951
SYN-00308,development,5,-0.06,16,0,0.8697,0,1279.58,0,0,0.10531
SYN-00309,development,62,-0.4345,13,0,0.6343,0,988.81,0,0,0.159625
SYN-00310,development,18,-0.0695,1,0,0.7991,2,1903.94,0,0,0.10091
SYN-00311,development,14,-0.3038,28,0,0.9243,1,500.87,0,0,0.165196
SYN-00312,development,9,-0.0111,17,0,1.0559,2,957.76,0,0,0.096186
SYN-00313,development,63,0.0035,33,0,0.7342,0,5656.7,0,0,0.101486
SYN-00314,development,52,0.2097,14,0,0.9144,2,1563.67,0,0,0.064878
SYN-00315,development,79,-0.4688,44,0,0.8944,2,5010.19,0,0,0.196963
SYN-00316,development,55,0.0149,17,0,0.6955,2,2974.47,0,0,0.103325
SYN-00317,development,39,-0.0054,65,0,0.8388,3,414.26,0,0,0.198462
SYN-00318,development,34,0.0055,13,0,0.8192,4,1553.57,1,122,0.113259
SYN-00319,development,15,-0.008,44,0,0.9277,0,818.26,0,0,0.129199
SYN-00320,development,4,0.3024,70,0,0.7389,0,2043.4,0,0,0.145922
SYN-00321,development,9,-0.3197,41,0,0.8994,0,3690.02,0,0,0.184499
SYN-00322,development,25,-0.0078,29,0,1.0346,4,3708.96,0,0,0.11796
SYN-00323,development,58,0.0562,24,0,0.8501,0,1366.95,0,0,0.082031
SYN-00324,development,66,0.095,13,0,0.8892,0,721.95,0,0,0.063273
SYN-00325,development,22,0.3274,34,1,0.8022,2,1336.07,0,0,0.17212
SYN-00326,development,16,-0.1244,29,0,0.8555,1,2714.91,0,0,0.137078
SYN-00327,development,7,0.2156,38,0,1.25,2,1526.79,0,0,0.078858
SYN-00328,development,46,-0.1534,5,1,0.9101,0,644.13,0,0,0.161443
SYN-00329,development,37,0.1394,32,0,1.0196,1,1513.81,0,0,0.08176
SYN-00330,development,16,0.2111,22,0,0.9569,2,727.59,0,0,0.08154
SYN-00331,development,5,0.1849,6,0,0.9125,1,4013.78,0,0,0.066311
SYN-00332,development,58,-0.2799,1,0,0.7828,2,2330.93,0,0,0.113729
SYN-00333,development,62,-0.1885,60,0,0.9588,0,428.41,0,0,0.160589
SYN-00334,development,51,-0.5326,37,0,0.8128,0,847.09,0,0,0.214565
SYN-00335,development,65,-0.2508,27,0,0.7962,2,6208.19,0,0,0.139008
SYN-00336,development,77,-0.1764,1,0,0.8938,1,6722.8,1,86,0.073113
SYN-00337,development,22,0.3372,1,0,0.907,2,1783.03,0,0,0.052148
SYN-00338,development,80,0.0459,24,0,0.7357,3,4788.27,0,0,0.099009
SYN-00339,development,51,-0.0883,8,1,1.0971,0,3065.21,0,0,0.125489
SYN-00340,development,81,0.0808,44,0,0.8717,2,7622.49,0,0,0.097267
SYN-00341,development,48,-0.0231,33,0,1.0181,1,2631.37,0,0,0.096809
SYN-00342,development,30,-0.0524,8,1,1.1562,3,817.5,0,0,0.155187
SYN-00343,development,74,-0.3335,41,0,0.8148,1,989.17,0,0,0.17351
SYN-00344,development,80,0.0199,21,0,1.2025,0,435.16,0,0,0.055261
SYN-00345,development,3,0.1159,1,0,0.8225,5,791.75,0,0,0.102854
SYN-00346,development,73,-0.0723,34,0,0.7653,1,7637.04,1,93,0.110558
SYN-00347,development,58,-0.2233,39,0,1.0302,2,4197.08,0,0,0.134673
SYN-00348,development,52,0.2896,1,0,0.7711,0,1647.54,0,0,0.048168
SYN-00349,development,83,-0.216,49,0,1.25,0,2477.83,0,0,0.101163
SYN-00350,development,67,0.2616,11,0,0.9205,0,839.58,0,0,0.047308
SYN-00351,development,39,-0.085,31,0,0.6463,1,1712.1,0,0,0.147871
SYN-00352,development,67,0.2047,14,0,0.7261,1,853.18,0,0,0.068554
SYN-00353,development,37,0.2925,22,0,1.0205,1,2164.25,0,0,0.057588
SYN-00354,development,27,-0.2523,5,1,1.0402,0,451.35,0,0,0.176046
SYN-00355,development,37,-0.2567,39,0,0.859,3,1278.56,0,0,0.193304
SYN-00356,development,11,-0.1151,6,1,0.9528,2,2054.72,0,0,0.1915
SYN-00357,development,73,-0.3734,30,0,0.913,2,2912.45,0,0,0.153769
SYN-00358,development,77,0.5815,15,0,0.8442,1,2245.76,0,0,0.034766
SYN-00359,development,83,0.3032,43,0,0.8488,0,2297.08,0,0,0.06748
SYN-00360,development,39,-0.2292,6,0,1.0164,1,723.69,0,0,0.095182
SYN-00361,development,14,0.0667,52,0,0.8261,0,1246.17,0,0,0.141465
SYN-00362,development,22,-0.1589,30,0,0.9653,2,3550.92,0,0,0.136255
SYN-00363,development,58,0.0456,21,0,1.0079,1,1075.28,0,0,0.074627
SYN-00364,development,76,0.3594,43,0,0.7555,1,1259.35,0,0,0.076405
SYN-00365,development,18,-0.3867,16,0,0.9942,5,1770.48,0,0,0.186572
SYN-00366,development,25,-0.4425,17,0,0.8538,0,990.22,0,0,0.162356
SYN-00367,development,65,-0.3781,1,0,0.9138,1,2098.68,0,0,0.104851
SYN-00368,development,17,-0.2325,30,0,1.0192,2,1674.37,0,0,0.148956
SYN-00369,development,24,0.1546,41,0,0.967,0,3638.03,0,0,0.090449
SYN-00370,development,32,-0.0491,1,0,0.8221,0,926.65,0,0,0.080087
SYN-00371,development,7,-0.3236,45,0,0.9069,3,2734.96,1,99,0.235396
SYN-00372,development,64,-0.293,39,0,0.9642,7,716.43,1,66,0.21617
SYN-00373,development,52,0.052,51,0,1.0224,1,1088.52,0,0,0.110755
SYN-00374,development,53,-0.0418,57,0,0.8733,1,614.79,0,0,0.153002
SYN-00375,development,4,-0.2098,1,0,1.25,0,1920.09,0,0,0.074631
SYN-00376,development,71,-0.0298,36,0,0.9392,2,1727.47,0,0,0.107452
SYN-00377,development,53,-0.1219,34,0,0.482,4,1893.42,0,0,0.209219
SYN-00378,development,49,-0.2104,13,0,1.0122,0,1054.07,0,0,0.091056
SYN-00379,development,34,0.2411,41,0,0.9975,1,1419.92,0,0,0.083166
SYN-00380,development,58,0.1516,5,1,0.6036,2,2323.83,0,0,0.152603
SYN-00381,development,58,-0.1836,28,1,1.0705,2,1060.1,1,36,0.207714
SYN-00382,development,32,-0.1958,4,0,1.0396,0,2419.61,0,0,0.081541
SYN-00383,development,31,0.1554,12,1,0.8937,1,1472.79,0,0,0.13626
SYN-00384,development,73,-0.1633,33,0,0.9228,1,1143.25,0,0,0.116384
SYN-00385,development,54,0.1265,36,0,1.0582,0,928.57,0,0,0.074109
SYN-00386,development,66,0.1364,30,0,0.9564,4,1408.56,0,0,0.092678
SYN-00387,development,6,-0.156,10,0,0.8408,1,3323.65,0,0,0.117496
SYN-00388,development,11,-0.1704,18,0,0.8001,0,1797.46,0,0,0.128222
SYN-00389,development,53,0.4517,1,0,0.8205,3,2712.51,0,0,0.044846
SYN-00390,development,18,-0.0004,18,1,0.9471,1,669.92,0,0,0.18
SYN-00391,development,80,-0.1981,33,0,0.9151,1,2117.91,0,0,0.117633
SYN-00392,development,29,-0.1282,23,0,0.7637,1,917.39,0,0,0.134418
SYN-00393,development,23,0.0714,69,0,0.8129,0,695.99,0,0,0.170068
SYN-00394,development,77,0.1662,27,0,0.7428,0,851.98,0,0,0.075548
SYN-00395,development,2,0.0572,19,0,0.7588,5,1303.51,0,0,0.14651
SYN-00396,development,45,0.0073,29,0,0.8708,0,588.86,0,0,0.097753
SYN-00397,development,13,-0.3515,32,0,0.8102,2,4143.28,0,0,0.205294
SYN-00398,development,30,-0.0496,12,0,0.9327,1,1135.69,0,0,0.090378
SYN-00399,development,74,0.1208,49,0,0.8153,0,1540.27,0,0,0.100641
SYN-00400,development,80,0.156,35,0,1.158,0,576.92,0,0,0.057685
SYN-00401,development,47,0.1778,60,0,0.9724,0,519.57,0,0,0.106002
SYN-00402,development,78,-0.1899,19,0,0.8011,5,3537.38,0,0,0.139167
SYN-00403,development,51,0.1769,1,1,0.9022,0,1649.52,0,0,0.098499
SYN-00404,development,61,-0.2505,25,0,0.919,0,1582.35,0,0,0.115025
SYN-00405,development,74,-0.0275,27,0,0.6721,4,2667.03,0,0,0.134554
SYN-00406,development,42,0.0526,31,1,0.8342,0,1808.01,0,0,0.182907
SYN-00407,development,25,0.3387,15,0,0.7956,0,2461.18,0,0,0.059104
SYN-00408,development,14,-0.2012,5,0,1.0744,4,2299.22,0,0,0.114563
SYN-00409,development,70,-0.0053,41,0,0.7463,0,223.29,0,0,0.117464
SYN-00410,development,26,0.2388,1,0,0.7875,0,595.32,0,0,0.05771
SYN-00411,development,74,0.0824,24,0,0.978,4,743.46,0,0,0.088107
SYN-00412,development,12,-0.0268,36,0,0.9399,0,546.74,0,0,0.120229
SYN-00413,development,3,-0.2983,16,0,0.8285,0,3124.96,0,0,0.145376
SYN-00414,development,21,-0.2937,18,1,0.8923,2,3233.71,1,108,0.266663
SYN-00415,development,50,-0.4024,7,0,0.9155,0,2119.54,0,0,0.115749
SYN-00416,development,39,0.4349,15,1,0.8921,1,789.34,1,150,0.096759
SYN-00417,development,44,0.0546,46,0,1.112,1,1202.19,0,0,0.09864
SYN-00418,development,62,-0.2053,50,0,0.7007,0,1582.46,0,0,0.177141
SYN-00419,development,32,0.0566,8,0,0.9658,0,2272.44,0,0,0.065658
SYN-00420,development,60,-0.3337,7,0,0.7594,0,1908.17,0,0,0.116979
SYN-00421,development,5,0.3282,33,0,0.785,0,983.9,0,0,0.08543
SYN-00422,development,24,-0.4056,41,0,0.9184,1,1402.63,0,0,0.207833
SYN-00423,development,7,0.0457,23,0,0.8909,1,946.2,0,0,0.105165
SYN-00424,development,9,0.0956,56,0,0.8495,0,3441.17,1,57,0.139391
SYN-00425,development,44,-0.1326,11,0,1.2436,1,1128.27,0,0,0.070916
SYN-00426,development,74,-0.006,32,0,0.9722,0,1995.4,0,0,0.082269
SYN-00427,development,55,0.3149,8,0,1.0791,2,1349.7,0,0,0.043949
SYN-00428,development,6,-0.2215,1,0,0.9681,3,3265.31,0,0,0.116853
SYN-00429,development,74,-0.0903,14,0,0.8567,0,3462.56,0,0,0.078999
SYN-00430,development,73,-0.0804,15,0,0.7506,3,1406.47,0,0,0.110305
SYN-00431,development,25,0.249,22,0,0.7632,0,1814.38,0,0,0.0762
SYN-00432,development,71,-0.4295,1,0,0.8553,1,780.68,0,0,0.117121
SYN-00433,development,26,-0.2753,7,0,0.6446,1,3339.27,0,0,0.143847
SYN-00434,development,22,-0.5451,58,0,0.905,3,1063.01,0,0,0.329346
SYN-00435,development,70,0.5165,27,0,0.6798,5,778.42,1,122,0.073373
SYN-00436,development,32,-0.1062,33,0,1.1385,3,350.99,0,0,0.122112
SYN-00437,development,11,0.0516,16,0,0.8709,5,984.69,0,0,0.125227
SYN-00438,development,78,-0.035,16,0,1.0162,2,4910.69,0,0,0.072328
SYN-00439,development,15,0.2702,1,0,1.2079,0,1320.14,0,0,0.038653
SYN-00440,development,52,-0.2041,14,0,0.914,1,3434.25,0,0,0.102384
SYN-00441,development,55,-0.1853,66,1,0.7838,0,2526.7,0,0,0.338931
SYN-00442,development,11,-0.1629,2,1,0.8454,0,597.61,1,71,0.18939
SYN-00443,development,75,0.0854,35,0,1.0063,1,5026.0,0,0,0.075317
SYN-00444,development,19,-0.2455,17,1,0.8821,1,2163.49,1,84,0.242785
SYN-00445,development,26,-0.1157,16,0,1.0582,0,1468.87,0,0,0.087668
SYN-00446,development,47,-0.1716,42,0,1.1388,3,1471.35,1,83,0.137898
SYN-00447,development,7,-0.3506,7,0,0.698,0,645.97,1,112,0.157375
SYN-00448,development,9,-0.1714,61,1,0.9962,2,1422.27,0,0,0.356115
SYN-00449,development,12,0.75,22,0,0.6579,1,1638.17,0,0,0.048308
SYN-00450,development,5,0.1317,19,0,0.8046,2,1593.53,0,0,0.103176
SYN-00451,development,51,-0.4378,1,0,0.9453,1,326.1,0,0,0.119261
SYN-00452,development,82,0.3905,31,0,0.7365,0,642.8,0,0,0.058105
SYN-00453,development,52,0.1171,1,0,1.0166,4,2134.65,0,0,0.064345
SYN-00454,development,27,-0.397,30,0,0.7942,1,3376.47,0,0,0.193277
SYN-00455,development,14,-0.2538,1,0,0.9051,1,2615.85,0,0,0.109775
SYN-00456,development,13,-0.4369,36,0,0.8703,0,7985.2,0,0,0.191453
SYN-00457,development,3,0.2813,8,0,0.7571,1,652.64,0,0,0.072808
SYN-00458,development,58,0.2331,1,0,0.8825,3,495.58,0,0,0.057728
SYN-00459,development,64,-0.204,46,0,1.0453,1,1482.43,0,0,0.134
SYN-00460,development,68,0.3265,10,1,0.8464,2,1780.09,0,0,0.102211
SYN-00461,development,71,-0.075,18,0,0.6686,0,648.23,0,0,0.101521
SYN-00462,development,14,-0.4557,1,0,0.901,2,991.89,0,0,0.15502
SYN-00463,development,59,-0.3461,24,0,1.1367,0,1673.82,0,0,0.106904
SYN-00464,development,75,0.3832,1,0,0.895,3,843.0,0,0,0.042907
SYN-00465,development,70,-0.5571,27,0,0.87,1,2094.43,0,0,0.18388
SYN-00466,development,45,-0.3587,40,0,0.9827,0,2797.35,0,0,0.157633
SYN-00467,development,7,-0.172,21,0,1.0032,1,1353.14,0,0,0.122334
SYN-00468,development,35,-0.4008,21,0,1.0284,1,1656.29,0,0,0.142506
SYN-00469,development,46,0.1362,78,0,0.9548,1,1332.44,1,56,0.151004
SYN-00470,development,48,0.295,44,0,0.8455,0,3219.06,0,0,0.079327
SYN-00471,development,83,0.2411,34,0,0.7915,2,820.39,0,0,0.080586
SYN-00472,development,82,-0.327,31,0,0.7439,6,2597.47,0,0,0.210447
SYN-00473,development,68,-0.1468,27,0,1.0281,0,1889.02,0,0,0.090642
SYN-00474,development,56,-0.0962,15,0,0.7081,0,1192.94,0,0,0.102309
SYN-00475,development,83,0.2098,25,0,0.7173,2,1429.94,0,0,0.079142
SYN-00476,development,29,0.1911,45,1,1.0417,0,484.94,0,0,0.164842
SYN-00477,development,22,-0.2478,59,0,0.6227,4,2646.12,0,0,0.31068
SYN-00478,development,29,0.0249,9,0,0.9461,5,677.0,0,0,0.103708
SYN-00479,development,73,0.3747,20,0,0.8848,0,4165.29,0,0,0.044015
SYN-00480,development,74,0.0538,58,1,0.778,5,2279.22,0,0,0.304718
SYN-00481,development,38,0.1787,60,0,1.1293,1,1153.48,0,0,0.101518
SYN-00482,development,45,-0.139,1,0,0.9101,0,285.04,1,89,0.079662
SYN-00483,development,76,-0.1633,44,0,1.0746,0,2683.41,0,0,0.106104
SYN-00484,development,37,-0.0739,32,0,0.9752,0,3936.87,0,0,0.101806
SYN-00485,development,38,-0.5387,21,0,0.9858,4,2286.07,0,0,0.206476
SYN-00486,development,33,-0.0212,1,1,0.8218,0,492.57,0,0,0.14821
SYN-00487,development,70,0.3806,16,0,0.6994,0,2145.85,0,0,0.051259
SYN-00488,development,42,-0.0448,4,0,0.9702,1,1750.11,0,0,0.073693
SYN-00489,development,78,-0.0255,33,0,0.9509,0,10234.66,0,0,0.076737
SYN-00490,development,56,0.0233,28,0,0.9181,1,1363.45,1,106,0.091834
SYN-00491,development,49,0.4246,35,0,1.2021,1,1706.48,0,0,0.046247
SYN-00492,development,27,-0.0639,8,0,0.6148,0,1325.54,0,0,0.109284
SYN-00493,development,67,-0.023,38,0,0.7114,4,1143.24,0,0,0.155222
SYN-00494,development,74,-0.0999,31,0,0.957,5,2658.91,0,0,0.129772
SYN-00495,development,16,-0.0915,1,0,0.7658,2,3969.21,0,0,0.104903
SYN-00496,development,81,0.5344,73,0,0.6699,1,991.29,0,0,0.095423
SYN-00497,development,62,-0.1171,27,0,1.0759,10,696.25,0,0,0.169709
SYN-00498,development,84,-0.7845,36,1,0.8131,1,3270.4,0,0,0.419543
SYN-00499,development,83,-0.4135,1,0,0.7477,0,2091.01,0,0,0.110347
SYN-00500,development,81,0.2519,37,0,0.9976,3,938.62,0,0,0.07403
SYN-00501,development,11,0.2432,1,1,0.9421,2,1035.31,0,0,0.118508
SYN-00502,development,9,-0.1877,14,0,0.9316,0,4369.41,0,0,0.108362
SYN-00503,development,66,0.176,82,0,1.1178,2,1679.79,0,0,0.129316
SYN-00504,development,65,0.3288,31,1,0.8546,3,2882.77,0,0,0.140819
SYN-00505,development,56,0.0482,58,0,1.0801,8,1796.91,1,71,0.178342
SYN-00506,development,7,0.3416,47,0,0.9877,8,193.84,0,0,0.144902
SYN-00507,development,63,0.2569,4,1,0.7428,0,851.09,0,0,0.102242
SYN-00508,development,64,-0.2178,38,0,1.1125,1,1564.13,0,0,0.116234
SYN-00509,development,25,0.1536,22,0,1.0206,3,1744.83,0,0,0.084682
SYN-00510,development,16,-0.1351,20,0,0.7402,9,1648.28,0,0,0.229101
SYN-00511,development,64,0.1725,40,0,0.988,0,849.55,0,0,0.075212
SYN-00512,development,43,-0.0796,17,0,1.194,10,2405.99,1,109,0.136886
SYN-00513,development,12,-0.6369,24,0,0.707,0,1470.42,0,0,0.257015
SYN-00514,development,43,0.1879,30,0,0.8125,2,829.56,0,0,0.094969
SYN-00515,development,20,-0.7572,24,0,0.857,0,2036.09,0,0,0.253632
SYN-00516,development,25,-0.252,1,0,0.9534,2,3477.74,0,0,0.106282
SYN-00517,development,62,0.0329,28,0,0.7574,1,1409.29,0,0,0.102036
SYN-00518,development,36,-0.3589,13,0,0.931,4,416.96,1,76,0.163608
SYN-00519,development,36,-0.3405,16,0,1.132,0,1119.84,0,0,0.106308
SYN-00520,development,33,0.1861,57,0,1.0774,0,1751.72,0,0,0.095727
SYN-00521,development,57,0.2074,39,0,1.1229,1,194.87,0,0,0.069807
SYN-00522,development,28,-0.4885,6,0,0.9736,0,659.88,1,60,0.13482
SYN-00523,development,40,-0.0919,24,1,1.1056,2,1599.83,0,0,0.183865
SYN-00524,development,6,0.3827,16,0,1.0952,1,1238.16,0,0,0.0506
SYN-00525,development,62,-0.0745,52,0,0.8863,0,722.2,0,0,0.133868
SYN-00526,development,54,-0.0537,30,0,0.9189,1,779.27,0,0,0.105827
SYN-00527,development,73,-0.2329,20,0,0.9767,1,1571.41,0,0,0.10225
SYN-00528,development,42,-0.1333,54,1,0.9925,0,229.42,0,0,0.263248
SYN-00529,development,64,0.4089,14,0,1.1322,0,1499.77,0,0,0.032991
SYN-00530,development,81,0.3571,65,0,1.0496,0,1748.45,0,0,0.071177
SYN-00531,development,78,0.2527,9,0,0.972,2,2818.54,0,0,0.047637
SYN-00532,development,69,0.4329,19,0,0.5446,2,2578.87,0,0,0.066142
SYN-00533,development,76,-0.2354,1,0,1.2169,2,1706.52,0,0,0.067995
SYN-00534,development,43,0.5113,4,0,0.8267,0,890.07,0,0,0.036784
SYN-00535,development,28,-0.3391,52,0,0.8418,0,7960.08,0,0,0.199108
SYN-00536,development,84,0.1251,10,0,0.9588,2,677.82,0,0,0.058503
SYN-00537,development,48,-0.628,30,0,0.809,4,769.16,1,36,0.281747
SYN-00538,development,2,-0.0024,1,0,0.8187,1,1551.33,0,0,0.0909
SYN-00539,development,59,-0.1031,42,0,1.1882,0,5210.5,1,65,0.089516
SYN-00540,development,59,-0.3846,27,0,0.8685,0,1210.32,0,0,0.147715
SYN-00541,development,62,0.1546,2,0,1.0086,1,255.87,0,0,0.049456
SYN-00542,development,47,-0.2225,23,0,0.8286,0,2472.57,0,0,0.122353
SYN-00543,development,12,-0.0292,61,0,0.7399,0,2100.1,0,0,0.189517
SYN-00544,development,32,-0.471,41,0,0.9125,2,1017.9,1,44,0.232975
SYN-00545,development,8,0.0031,23,1,0.9974,2,1553.53,0,0,0.19932
SYN-00546,development,29,-0.5262,38,0,1.0068,2,1033.19,1,72,0.225438
SYN-00547,development,25,0.2102,29,0,1.1323,3,1978.11,0,0,0.077603
SYN-00548,development,22,-0.3973,37,0,0.8652,3,974.19,0,0,0.233785
SYN-00549,development,11,-0.1024,14,0,0.8406,0,4478.95,0,0,0.104112
SYN-00550,development,80,-0.2658,36,0,1.1261,1,10218.63,0,0,0.099676
SYN-00551,development,48,-0.5524,1,1,1.0319,1,885.4,0,0,0.23466
SYN-00552,development,8,-0.0102,37,0,0.7159,1,6844.14,0,0,0.144606
SYN-00553,development,82,-0.4726,35,0,0.9001,4,767.9,1,53,0.208618
SYN-00554,development,49,-0.0219,39,0,0.7512,4,3346.8,1,87,0.158213
SYN-00555,development,11,0.1237,21,0,0.7059,0,394.2,1,105,0.100924
SYN-00556,development,83,-0.6446,51,0,0.8302,0,1587.07,0,0,0.248487
SYN-00557,development,26,0.0392,26,0,0.9748,2,736.03,1,73,0.10177
SYN-00558,development,55,-0.453,11,0,0.9779,0,4041.34,1,148,0.117655
SYN-00559,development,42,0.0169,39,0,0.9425,2,726.79,0,0,0.119316
SYN-00560,development,37,0.253,53,0,0.7946,2,3373.94,0,0,0.118073
SYN-00561,development,68,0.1189,31,0,0.983,0,309.45,0,0,0.071344
SYN-00562,development,2,0.1402,1,0,0.8137,2,1166.75,0,0,0.081459
SYN-00563,development,52,-0.4671,55,0,1.0082,3,829.11,1,56,0.249433
SYN-00564,development,74,-0.1323,22,0,0.878,0,331.78,0,0,0.094911
SYN-00565,development,78,0.0259,28,0,0.8133,0,1642.09,1,110,0.085334
SYN-00566,development,10,-0.1927,14,0,0.9757,0,1315.88,0,0,0.108759
SYN-00567,development,60,-0.0513,46,0,0.7964,1,1475.3,1,123,0.138934
SYN-00568,development,15,0.2776,30,0,0.6595,4,1120.41,1,120,0.123629
SYN-00569,development,26,0.1109,52,1,1.152,2,866.64,0,0,0.205261
SYN-00570,development,40,-0.1078,19,0,0.9328,0,3332.72,0,0,0.092962
SYN-00571,development,23,-0.0242,40,0,0.9906,5,1956.91,0,0,0.157738
SYN-00572,development,65,0.4462,4,0,0.9393,0,2889.25,0,0,0.031963
SYN-00573,development,42,-0.6182,15,0,0.8724,7,1710.06,1,84,0.271729
SYN-00574,development,56,-0.0564,6,0,0.9519,5,2451.64,0,0,0.096564
SYN-00575,development,12,-0.1178,1,0,0.89,0,1682.45,0,0,0.088748
SYN-00576,development,4,-0.5844,18,0,0.973,0,738.74,0,0,0.191667
SYN-00577,development,36,-0.0068,45,0,0.9169,2,1892.19,0,0,0.136697
SYN-00578,development,82,-0.2268,1,0,0.8224,3,1817.79,0,0,0.100287
SYN-00579,development,15,-0.592,1,0,0.9723,0,1973.56,0,0,0.149326
SYN-00580,development,74,0.0814,46,0,0.8861,6,3124.82,0,0,0.140532
SYN-00581,development,52,0.3393,1,0,1.1544,0,632.84,0,0,0.03172
SYN-00582,development,56,-0.0916,1,1,0.6493,1,1172.94,0,0,0.180286
SYN-00583,development,28,-0.0044,58,0,0.9088,0,848.3,0,0,0.147713
SYN-00584,development,39,0.2306,10,0,0.8565,2,6876.5,0,0,0.061914
SYN-00585,development,61,0.498,27,1,0.7444,1,2040.42,0,0,0.106668
SYN-00586,development,31,0.05,17,0,0.8675,0,2020.25,0,0,0.082313
SYN-00587,development,19,-0.0472,63,0,0.8538,1,1623.8,1,99,0.188656
SYN-00588,development,38,0.3879,20,0,0.7507,6,902.53,0,0,0.09108
SYN-00589,development,66,-0.3277,26,1,0.9384,0,4746.46,1,77,0.219008
SYN-00590,development,35,-0.0872,37,0,0.7392,1,945.06,0,0,0.151355
SYN-00591,development,10,-0.2487,24,1,0.9849,0,1465.6,0,0,0.238865
SYN-00592,development,70,0.0881,46,0,0.9692,2,2269.84,0,0,0.101803
SYN-00593,development,22,-0.1046,54,0,1.0853,2,737.56,0,0,0.160123
SYN-00594,development,62,-0.0241,15,0,1.096,0,4002.27,0,0,0.061383
SYN-00595,development,37,-0.2648,39,0,0.9342,1,2228.95,0,0,0.160066
SYN-00596,development,67,-0.1418,39,0,0.9666,2,1116.23,0,0,0.128837
SYN-00597,development,51,-0.2959,37,0,0.9504,2,675.98,0,0,0.165004
SYN-00598,development,69,-0.0815,42,1,0.7033,0,399.02,1,94,0.246647
SYN-00599,development,15,0.181,15,0,0.6321,2,5815.79,0,0,0.097192
SYN-00600,development,40,-0.3207,38,1,0.9155,2,1460.28,0,0,0.316994
SYN-00601,development,6,-0.0054,35,0,1.046,2,2246.6,0,0,0.120741
SYN-00602,development,75,-0.4011,18,0,1.0237,2,1416.58,0,0,0.126323
SYN-00603,development,17,0.2854,29,0,1.0453,0,2656.81,0,0,0.062882
SYN-00604,development,31,-0.0912,13,1,0.8838,0,505.98,0,0,0.178433
SYN-00605,development,19,-0.6955,17,0,0.6702,0,3645.94,0,0,0.248891
SYN-00606,development,12,0.3311,3,0,0.8589,3,2307.19,0,0,0.062907
SYN-00607,development,7,-0.064,35,1,0.812,1,1496.74,0,0,0.267195
SYN-00608,development,2,-0.1205,46,1,0.8254,1,288.56,1,128,0.322689
SYN-00609,development,34,-0.1005,12,0,0.8713,1,1406.29,0,0,0.100046
SYN-00610,development,44,-0.0409,33,1,0.7133,0,1937.75,0,0,0.227205
SYN-00611,development,50,0.3601,15,0,0.8212,2,1150.96,0,0,0.059248
SYN-00612,development,52,0.225,19,0,0.8546,0,1530.67,0,0,0.06229
SYN-00613,development,65,-0.0945,22,0,1.0704,0,3656.88,0,0,0.075314
SYN-00614,development,46,0.2073,1,0,1.1487,0,1416.08,0,0,0.038945
SYN-00615,development,12,-0.1828,34,0,0.8971,1,986.2,0,0,0.157009
SYN-00616,development,36,0.1295,28,0,1.0173,2,1045.79,0,0,0.085357
SYN-00617,development,2,-0.4056,19,1,1.1397,0,4142.19,0,0,0.238901
SYN-00618,development,53,0.2282,10,1,0.9273,9,1019.66,1,144,0.18297
SYN-00619,development,15,-0.0909,10,0,1.0283,0,2917.73,0,0,0.082655
SYN-00620,development,55,-0.0696,47,0,0.9081,5,1269.23,0,0,0.173349
SYN-00621,development,48,0.1062,17,0,0.8648,0,2740.52,0,0,0.070581
SYN-00622,development,48,-0.7459,17,0,0.8084,4,854.06,0,0,0.278409
SYN-00623,development,52,-0.2979,17,0,0.936,1,3638.65,0,0,0.117479
SYN-00624,development,60,0.0299,25,0,0.8757,0,6446.21,0,0,0.077876
SYN-00625,development,51,0.4238,56,0,0.7214,1,744.87,0,0,0.095831
SYN-00626,development,53,-0.0074,29,0,1.0008,0,882.17,0,0,0.085514
SYN-00627,development,18,-0.2714,12,0,1.1652,0,1103.67,0,0,0.096403
SYN-00628,development,50,-0.2214,43,1,0.9758,1,355.69,1,63,0.268013
SYN-00629,development,47,0.1483,20,0,0.9319,0,883.63,0,0,0.067232
SYN-00630,development,4,-0.0122,8,0,1.1099,0,857.38,0,0,0.072428
SYN-00631,development,77,-0.0962,9,0,0.9391,0,494.74,0,0,0.071058
SYN-00632,development,2,-0.5512,26,0,0.8597,0,717.43,0,0,0.222495
SYN-00633,development,62,-0.0125,60,0,0.7195,4,893.65,0,0,0.201842
SYN-00634,development,18,0.2313,25,0,0.9398,1,606.93,0,0,0.077651
SYN-00635,development,2,-0.2099,50,0,0.8906,0,972.1,1,84,0.192219
SYN-00636,development,29,-0.0462,1,0,0.5948,0,881.63,0,0,0.099108
SYN-00637,development,44,-0.0904,13,0,0.8727,0,2140.94,0,0,0.088605
SYN-00638,development,62,-0.2476,13,0,1.101,3,1187.33,0,0,0.102843
SYN-00639,development,68,0.0561,15,0,1.1503,0,391.04,0,0,0.053596
SYN-00640,development,17,-0.4923,7,0,0.8374,0,806.09,0,0,0.16015
SYN-00641,development,77,-0.5169,15,0,0.9103,3,5181.25,0,0,0.156404
SYN-00642,development,28,0.261,29,0,0.8548,0,2980.54,0,0,0.073572
SYN-00643,development,42,0.3838,57,0,0.8375,4,709.09,0,0,0.117525
SYN-00644,development,60,-0.1551,55,0,1.0137,1,2421.4,0,0,0.145262
SYN-00645,development,13,0.4357,41,0,0.6027,0,681.29,0,0,0.094168
SYN-00646,development,19,0.129,26,0,1.1046,6,2250.35,0,0,0.107066
SYN-00647,development,24,-0.5982,21,1,0.6774,2,2383.68,1,91,0.42169
SYN-00648,development,33,-0.2323,11,0,0.9483,0,1118.85,1,156,0.103081
SYN-00649,development,39,0.3035,12,0,0.8065,1,3123.59,0,0,0.059129
SYN-00650,development,71,0.0629,11,0,0.7991,1,4397.32,0,0,0.069871
SYN-00651,development,38,0.1598,41,0,0.6588,0,2214.19,0,0,0.113607
SYN-00652,development,56,0.257,35,0,0.8186,0,2787.3,0,0,0.07383
SYN-00653,development,2,-0.2148,1,0,0.8662,1,2348.04,0,0,0.113759
SYN-00654,development,80,0.2459,27,0,0.9189,5,1349.82,0,0,0.080716
SYN-00655,development,3,0.1506,32,1,1.1601,0,2029.93,1,94,0.145214
SYN-00656,development,39,-0.0208,19,0,0.5964,0,2252.16,0,0,0.113829
SYN-00657,development,8,0.0514,43,1,0.9958,3,1365.32,1,72,0.251182
SYN-00658,development,77,0.1021,45,0,0.9359,0,1953.88,0,0,0.086353
SYN-00659,development,37,-0.293,9,1,1.0122,1,1515.21,0,0,0.20041
SYN-00660,development,36,-0.7562,19,0,0.8779,1,10980.74,0,0,0.213997
SYN-00661,development,55,-0.1729,36,0,0.9758,2,1026.83,1,118,0.134389
SYN-00662,development,76,-0.0953,4,1,1.0996,6,1050.76,0,0,0.165678
SYN-00663,development,52,0.0902,1,0,0.9594,0,2153.38,0,0,0.052782
SYN-00664,development,62,0.1834,32,1,0.8408,1,711.84,0,0,0.157506
SYN-00665,development,67,-0.0984,39,0,0.7885,0,1302.19,0,0,0.124103
SYN-00666,development,70,-0.3628,19,0,1.25,0,501.61,0,0,0.089906
SYN-00667,development,53,-0.0658,75,0,0.8447,0,1805.44,0,0,0.184927
SYN-00668,development,56,-0.4078,20,0,0.7259,0,1877.91,1,70,0.157709
SYN-00669,development,68,0.5097,23,0,0.8971,3,1711.23,0,0,0.049492
SYN-00670,development,76,0.0136,1,0,0.906,3,1427.93,0,0,0.069626
SYN-00671,development,8,-0.098,31,0,1.108,0,1182.17,0,0,0.10756
SYN-00672,development,31,-0.4337,38,0,1.2457,1,1545.86,0,0,0.15488
SYN-00673,development,5,0.517,13,1,0.6483,0,2729.88,1,135,0.109836
SYN-00674,development,76,0.2055,70,0,1.0245,1,234.08,0,0,0.106147
SYN-00675,development,83,-0.1766,34,0,0.8093,0,2490.07,0,0,0.116809
SYN-00676,development,72,-0.0678,34,0,0.9746,0,922.51,0,0,0.093551
SYN-00677,development,63,-0.2235,63,0,0.9835,1,4598.21,0,0,0.171674
SYN-00678,development,41,0.0393,1,0,0.7991,1,1226.67,0,0,0.074767
SYN-00679,development,82,-0.2339,66,0,0.8119,2,572.49,0,0,0.214696
SYN-00680,development,75,0.0424,48,0,0.8502,1,3577.48,0,0,0.11074
SYN-00681,development,32,-0.0122,14,0,0.8501,2,1170.89,1,91,0.100985
SYN-00682,development,62,-0.3621,37,0,0.9466,0,940.34,1,99,0.150823
SYN-00683,development,23,-0.1609,8,0,1.1169,0,1120.11,0,0,0.080839
SYN-00684,development,30,-0.566,1,0,0.9277,1,1804.16,1,73,0.151532
SYN-00685,development,70,0.1867,67,0,1.0339,2,955.24,0,0,0.112744
SYN-00686,development,76,-0.1586,19,0,1.1898,1,14230.79,0,0,0.062708
SYN-00687,development,8,-0.2046,32,0,0.9116,0,2100.43,0,0,0.145964
SYN-00688,development,81,-0.0389,17,1,0.9601,2,1879.66,1,74,0.152609
SYN-00689,development,71,0.3503,4,0,0.7049,10,730.83,0,0,0.093459
SYN-00690,development,14,-0.1689,1,0,1.1244,0,17295.68,0,0,0.061524
SYN-00691,development,8,-0.0429,16,0,0.9744,2,1296.42,1,93,0.106341
SYN-00692,development,30,-0.1457,62,1,0.7744,2,505.51,1,112,0.382659
SYN-00693,development,33,-0.0214,13,0,0.7944,0,453.2,0,0,0.092864
SYN-00694,development,10,0.0676,37,0,0.9361,4,1000.48,0,0,0.141687
SYN-00695,development,55,-0.0934,46,1,0.9289,5,1543.48,0,0,0.302422
SYN-00696,development,51,0.3265,35,0,0.7347,1,5943.98,0,0,0.076224
SYN-00697,development,29,-0.1582,28,1,0.7404,4,305.28,1,107,0.319688
SYN-00698,development,54,-0.2944,25,1,0.8502,5,525.3,0,0,0.321067
SYN-00699,development,38,0.1324,23,0,0.8354,2,2373.01,0,0,0.091361
SYN-00700,development,60,-0.3636,43,0,0.7545,0,2095.07,0,0,0.188742
SYN-00701,development,41,0.0101,31,0,1.082,0,1120.15,0,0,0.083511
SYN-00702,development,45,-0.1607,23,0,0.7469,1,895.65,0,0,0.133442
SYN-00703,development,17,-0.1173,21,0,1.0661,0,340.97,0,0,0.098087
SYN-00704,development,82,-0.0636,12,0,0.8005,0,1314.99,0,0,0.077789
SYN-00705,development,83,-0.1837,54,0,0.7746,2,2912.73,0,0,0.175898
SYN-00706,development,65,-0.0992,1,0,0.8766,0,1114.05,0,0,0.070803
SYN-00707,development,8,0.0218,25,0,0.7994,1,1595.14,0,0,0.119053
SYN-00708,development,50,-0.2963,2,0,1.0163,1,1731.74,0,0,0.093087
SYN-00709,development,15,0.75,38,0,0.9566,4,512.89,0,0,0.056629
SYN-00710,development,2,0.1645,10,0,0.9053,4,2338.25,0,0,0.092519
SYN-00711,development,75,0.1637,29,1,0.9021,1,3592.83,0,0,0.135509
SYN-00712,development,2,-0.6584,53,0,1.1954,2,1118.62,0,0,0.290791
SYN-00713,development,27,0.0872,20,0,0.9716,0,1385.68,0,0,0.076049
SYN-00714,development,82,-0.3828,1,0,0.9774,4,4787.54,0,0,0.110292
SYN-00715,development,84,0.2287,18,0,0.8149,0,3244.16,0,0,0.054045
SYN-00716,development,30,0.411,39,0,1.051,3,2140.3,1,90,0.071237
SYN-00717,development,46,-0.1477,31,0,0.909,0,1109.8,0,0,0.117267
SYN-00718,development,41,0.0562,7,0,1.048,0,820.99,0,0,0.058985
SYN-00719,development,16,-0.4437,13,0,0.9541,4,655.09,0,0,0.190893
SYN-00720,development,69,-0.4849,38,0,0.8748,0,1845.35,0,0,0.180964
SYN-00721,development,67,0.1005,5,0,0.8275,3,2825.11,0,0,0.071524
SYN-00722,development,76,0.0255,25,0,0.8691,4,336.53,0,0,0.105667
SYN-00723,development,52,-0.0809,55,0,1.0114,2,2406.1,0,0,0.146186
SYN-00724,development,3,0.4668,4,0,1.0031,2,2238.91,0,0,0.044763
SYN-00725,development,66,0.4443,40,0,0.8701,0,546.41,0,0,0.057748
SYN-00726,development,75,-0.0746,35,0,0.9353,0,1916.16,0,0,0.096544
SYN-00727,development,14,-0.0255,3,0,1.0207,2,923.1,0,0,0.082553
SYN-00728,development,3,-0.2885,40,0,0.7331,2,398.66,0,0,0.23985
SYN-00729,development,22,-0.5491,1,0,1.0634,3,4109.46,0,0,0.151117
SYN-00730,development,50,-0.0159,18,0,0.8293,4,763.84,0,0,0.116532
SYN-00731,development,5,-0.3778,35,0,0.8494,4,1421.1,1,65,0.253145
SYN-00732,development,79,0.1961,40,0,1.0123,2,1941.69,0,0,0.075946
SYN-00733,development,58,0.3078,16,0,0.6776,1,1291.46,0,0,0.066127
SYN-00734,development,60,-0.3306,1,0,0.7496,3,840.15,0,0,0.13497
SYN-00735,development,73,-0.006,23,0,1.1603,0,1156.08,0,0,0.062396
SYN-00736,development,4,0.3266,14,1,1.0114,2,352.97,0,0,0.122672
SYN-00737,development,59,0.1055,35,0,1.0313,1,969.75,0,0,0.080961
SYN-00738,development,37,-0.3101,28,0,0.8283,0,4773.82,1,89,0.146834
SYN-00739,development,11,-0.1349,17,1,0.7856,1,908.65,0,0,0.240821
SYN-00740,development,45,-0.0418,67,0,0.7661,1,293.14,0,0,0.194529
SYN-00741,development,49,-0.2457,8,0,1.0972,0,2593.63,0,0,0.081067
SYN-00742,development,81,0.0398,1,0,1.1384,0,1181.12,0,0,0.042795
SYN-00743,development,40,-0.5409,29,1,0.9671,0,1375.47,1,33,0.314352
SYN-00744,development,26,-0.412,17,0,1.0383,1,759.82,0,0,0.142881
SYN-00745,development,20,0.185,53,0,0.9337,0,1253.73,0,0,0.109704
SYN-00746,development,28,-0.2536,1,0,0.6551,1,4657.06,1,45,0.125624
SYN-00747,development,13,0.3848,21,0,0.6811,1,1330.85,0,0,0.076707
SYN-00748,development,12,-0.3234,13,0,0.7116,1,1042.03,0,0,0.168457
SYN-00749,development,34,-0.0022,28,0,0.9222,0,1222.23,0,0,0.096811
SYN-00750,development,84,0.2531,1,1,0.8375,0,871.93,0,0,0.083267
SYN-00751,development,19,-0.2226,1,0,0.845,4,844.78,0,0,0.136298
SYN-00752,development,41,-0.4979,44,0,0.8497,5,1619.33,0,0,0.295672
SYN-00753,development,10,0.0671,10,0,0.9773,6,3739.68,0,0,0.107454
SYN-00754,development,9,-0.0064,38,0,1.0661,1,1892.34,0,0,0.114517
SYN-00755,development,75,-0.1483,53,0,1.0893,0,814.45,0,0,0.118573
SYN-00756,development,30,-0.2988,15,0,1.0554,5,988.88,0,0,0.152195
SYN-00757,development,74,-0.2551,42,0,0.9,0,2050.98,0,0,0.137499
SYN-00758,development,62,-0.0987,1,0,0.8204,0,2271.1,0,0,0.074248
SYN-00759,development,49,-0.276,23,0,0.9396,3,1423.49,0,0,0.145962
SYN-00760,development,55,0.0572,39,0,0.8901,0,1329.99,0,0,0.097414
SYN-00761,development,11,-0.0494,42,0,1.1606,1,3380.87,0,0,0.114095
SYN-00762,development,6,0.4044,22,0,1.0538,3,2589.12,0,0,0.062769
SYN-00763,development,39,0.5406,49,0,1.1684,0,1115.41,0,0,0.048218
SYN-00764,development,25,0.0873,1,1,0.9519,1,1903.96,0,0,0.125355
SYN-00765,development,49,-0.3102,35,0,0.7445,0,1737.13,0,0,0.169955
SYN-00766,development,31,0.2573,9,0,0.5569,1,392.79,0,0,0.081607
SYN-00767,development,15,0.027,45,1,0.7063,0,1276.49,1,109,0.268485
SYN-00768,development,60,-0.0286,37,0,0.9341,0,2910.86,0,0,0.097988
SYN-00769,development,67,0.046,52,0,0.9316,1,1511.57,0,0,0.114597
SYN-00770,development,15,-0.2338,30,0,0.9204,6,495.35,0,0,0.212218
SYN-00771,development,44,0.1996,16,1,0.7755,0,890.42,0,0,0.134288
SYN-00772,development,10,-0.0636,17,0,1.0598,0,1540.51,0,0,0.088358
SYN-00773,development,65,-0.2796,16,0,0.8581,0,397.31,0,0,0.112224
SYN-00774,development,29,-0.371,1,0,0.7936,0,1737.36,0,0,0.125177
SYN-00775,development,74,-0.1364,1,0,1.0118,0,484.91,0,0,0.063852
SYN-00776,development,65,0.1483,19,0,1.0378,3,5686.53,0,0,0.064659
SYN-00777,development,64,-0.3172,1,0,0.7844,1,1132.55,0,0,0.110407
SYN-00778,development,55,-0.1393,2,0,0.8962,0,308.31,0,0,0.078415
SYN-00779,development,71,-0.3395,41,0,1.0477,0,610.42,0,0,0.137179
SYN-00780,development,22,-0.1771,1,0,0.8243,0,1842.74,0,0,0.097447
SYN-00781,development,19,-0.1733,21,0,0.7479,10,4962.98,0,0,0.242841
SYN-00782,development,31,0.3494,1,1,0.801,0,392.02,0,0,0.094862
SYN-00783,development,17,0.1911,1,0,1.0959,1,4433.72,0,0,0.048938
SYN-00784,development,77,-0.4291,1,0,0.9183,1,2166.94,0,0,0.106197
SYN-00785,development,81,0.0372,29,0,0.8891,1,1048.85,0,0,0.084932
SYN-00786,development,83,0.6565,1,0,0.7935,0,684.14,0,0,0.02498
SYN-00787,development,83,0.1502,1,0,0.5462,0,2151.05,0,0,0.062534
SYN-00788,development,51,0.1819,25,0,0.7634,2,1483.55,0,0,0.08989
SYN-00789,development,10,0.1953,50,0,0.851,0,5495.31,1,101,0.110318
SYN-00790,development,70,0.0383,51,0,0.912,1,660.74,0,0,0.11613
SYN-00791,development,71,0.1076,5,0,0.9121,1,1227.61,0,0,0.057081
SYN-00792,development,45,-0.0172,56,0,0.7986,2,2468.52,1,110,0.167662
SYN-00793,development,52,-0.2821,1,1,0.865,0,2433.26,0,0,0.178398
SYN-00794,development,19,0.0495,43,0,0.7316,5,1261.9,1,72,0.189156
SYN-00795,development,66,-0.2499,15,0,0.9106,3,622.55,1,63,0.123882
SYN-00796,development,39,-0.3874,18,1,0.8418,6,2004.3,1,107,0.358071
SYN-00797,development,53,0.279,34,0,1.0978,0,3094.67,0,0,0.055114
SYN-00798,development,55,0.5513,29,0,0.7698,4,5957.98,0,0,0.06116
SYN-00799,development,65,-0.2669,1,0,0.8637,5,1230.84,1,45,0.125844
SYN-00800,development,46,-0.3365,67,0,0.977,1,401.37,0,0,0.230197
SYN-00801,development,54,0.0382,9,0,0.973,5,697.27,0,0,0.089808
SYN-00802,development,65,0.3662,4,1,0.8431,1,569.15,0,0,0.086402
SYN-00803,development,66,0.0017,7,0,0.8477,0,548.13,0,0,0.068995
SYN-00804,development,41,-0.3395,1,0,0.647,0,952.91,0,0,0.131432
SYN-00805,development,47,-0.4149,43,0,1.0269,1,1724.72,0,0,0.180685
SYN-00806,development,39,-0.1158,21,0,0.7618,3,1819.99,0,0,0.140253
SYN-00807,development,69,0.2071,39,0,0.8887,1,10075.96,0,0,0.071889
SYN-00808,development,70,-0.1483,63,1,0.8424,3,1816.11,1,64,0.342762
SYN-00809,development,72,0.2023,59,0,0.9105,0,3211.86,0,0,0.093296
SYN-00810,development,40,-0.0929,24,0,0.9993,1,520.26,1,71,0.101963
SYN-00811,development,72,-0.1147,20,1,0.8239,5,435.33,0,0,0.24309
SYN-00812,development,25,0.4035,49,0,0.7787,0,2836.73,0,0,0.086148
SYN-00813,development,5,-0.4395,15,0,0.8412,6,584.44,0,0,0.248498
SYN-00814,development,31,-0.3185,39,0,1.1027,1,2108.79,0,0,0.15225
SYN-00815,development,55,-0.2031,1,0,0.8264,0,2723.34,0,0,0.086859
SYN-00816,development,2,-0.3621,1,0,0.7459,2,927.95,0,0,0.164746
SYN-00817,development,20,0.0648,24,0,0.8187,2,1439.62,1,87,0.111759
SYN-00818,development,69,-0.3711,22,0,0.9503,0,2611.57,0,0,0.120192
SYN-00819,development,56,-0.3163,14,0,0.8526,2,5047.12,1,92,0.128627
SYN-00820,development,46,0.0355,50,0,0.8211,1,330.6,0,0,0.137433
SYN-00821,development,16,-0.0786,36,0,1.1879,0,860.61,0,0,0.101355
SYN-00822,development,28,-0.05,30,0,0.9911,3,3986.11,0,0,0.120541
SYN-00823,development,27,0.0095,1,0,0.919,1,1309.86,0,0,0.073888
SYN-00824,development,41,-0.1037,29,0,0.687,1,3041.41,0,0,0.139217
SYN-00825,development,4,-0.4633,1,0,1.1404,0,1593.54,0,0,0.115371
SYN-00826,development,18,0.138,30,0,0.8545,1,872.44,0,0,0.100912
SYN-00827,development,63,-0.2146,10,0,1.0567,0,2298.19,1,84,0.078462
SYN-00828,development,63,0.1343,1,0,1.1556,1,1374.14,0,0,0.042831
SYN-00829,development,13,-0.3734,65,0,1.0074,0,710.16,0,0,0.241616
SYN-00830,development,16,0.1253,61,0,0.9731,2,829.03,0,0,0.147566
SYN-00831,development,63,0.48,25,1,0.6683,1,1908.47,0,0,0.113037
SYN-00832,development,12,-0.0693,53,0,0.9738,1,804.12,1,57,0.161772
SYN-00833,development,52,-0.7624,47,0,0.8816,7,1422.01,1,24,0.409372
SYN-00834,development,67,0.0627,34,0,0.9088,0,1519.4,0,0,0.084592
SYN-00835,development,45,-0.3382,10,0,0.9755,2,1791.97,0,0,0.123215
SYN-00836,development,61,0.1208,12,0,1.0939,0,934.0,0,0,0.050742
SYN-00837,development,18,0.1221,22,0,1.1328,0,5493.73,0,0,0.0631
SYN-00838,development,25,-0.026,11,0,1.0886,2,802.81,0,0,0.082612
SYN-00839,development,51,-0.04,1,0,0.7144,0,600.58,0,0,0.080954
SYN-00840,development,81,-0.3921,19,0,0.8076,1,1153.68,1,43,0.139536
SYN-00841,development,18,-0.4605,47,0,1.198,0,1386.01,0,0,0.182919
SYN-00842,development,59,0.1978,14,0,1.1945,1,1291.56,1,133,0.04605
SYN-00843,development,35,0.0878,34,0,0.8969,2,1114.46,0,0,0.108835
SYN-00844,development,75,0.071,32,0,1.0104,5,2708.66,0,0,0.10025
SYN-00845,development,17,-0.2092,18,0,1.1602,2,949.78,0,0,0.111317
SYN-00846,development,7,0.0344,7,0,0.8806,0,1294.22,0,0,0.081207
SYN-00847,development,5,-0.8262,25,0,0.6294,0,753.99,1,57,0.342148
SYN-00848,development,17,0.2191,1,0,0.7728,0,451.8,0,0,0.062561
SYN-00849,development,81,0.0484,13,0,0.9151,4,4917.64,0,0,0.077487
SYN-00850,development,2,-0.0804,18,0,0.9636,0,954.65,0,0,0.103823
SYN-00851,development,7,0.2256,9,0,0.6409,1,257.74,0,0,0.087316
SYN-00852,development,62,0.0883,1,0,1.1735,6,1010.5,0,0,0.065016
SYN-00853,development,25,-0.4165,1,0,0.9436,1,2850.46,0,0,0.124761
SYN-00854,development,10,0.1044,35,0,0.9109,1,2974.06,0,0,0.107475
SYN-00855,development,81,0.2115,34,0,0.8776,1,1457.06,0,0,0.072227
SYN-00856,development,66,0.0915,12,0,0.8701,0,1511.5,0,0,0.063147
SYN-00857,development,32,-0.31,16,0,1.0562,0,1390.66,0,0,0.110618
SYN-00858,development,69,-0.3099,6,0,0.9811,0,4163.8,0,0,0.086057
SYN-00859,development,65,0.2096,31,1,1.2026,1,941.22,0,0,0.108825
SYN-00860,development,30,0.2331,31,0,0.9632,1,3716.99,0,0,0.074879
SYN-00861,development,50,0.0645,47,0,0.8827,1,1289.56,0,0,0.117644
SYN-00862,development,48,-0.258,30,0,0.9048,0,271.66,0,0,0.13408
SYN-00863,development,15,0.0279,58,0,0.798,0,1572.27,1,103,0.162153
SYN-00864,development,57,0.3412,1,1,0.8141,0,701.51,0,0,0.084798
SYN-00865,development,64,-0.1633,46,0,0.7866,0,735.99,0,0,0.149867
SYN-00866,development,61,0.1223,23,0,0.7584,4,1137.64,0,0,0.105286
SYN-00867,development,56,-0.0259,52,0,0.8451,1,1118.86,0,0,0.141926
SYN-00868,development,82,-0.1378,19,0,0.9329,0,2500.1,0,0,0.082233
SYN-00869,development,71,-0.0315,23,0,0.6017,2,1233.66,0,0,0.123298
SYN-00870,development,31,-0.2453,23,0,0.9081,0,3297.69,0,0,0.123962
SYN-00871,development,16,-0.328,15,0,0.8995,0,6045.08,0,0,0.12848
SYN-00872,development,75,-0.2607,36,0,1.25,2,284.94,0,0,0.110542
SYN-00873,development,76,0.1163,21,1,0.9366,4,787.65,0,0,0.15877
SYN-00874,development,60,-0.131,7,0,1.1812,1,1137.06,0,0,0.06639
SYN-00875,development,27,0.2728,61,0,0.7835,0,1411.83,0,0,0.120031
SYN-00876,development,35,-0.0577,21,0,1.0299,0,2744.38,0,0,0.084224
SYN-00877,development,38,0.3361,38,1,0.92,1,1275.87,0,0,0.143101
SYN-00878,development,62,-0.3981,19,0,0.9692,0,1000.79,1,117,0.12369
SYN-00879,development,27,-0.17,10,0,0.8055,4,3741.31,0,0,0.137841
SYN-00880,development,24,0.2448,38,1,0.8242,0,1584.13,0,0,0.170721
SYN-00881,development,30,0.114,28,0,0.9679,4,3542.16,0,0,0.10364
SYN-00882,development,70,0.0059,1,0,0.8951,0,2021.68,0,0,0.058352
SYN-00883,development,74,-0.1398,1,0,0.7183,0,1596.68,0,0,0.082618
SYN-00884,development,75,-0.1783,9,1,0.8262,0,443.54,0,0,0.168053
SYN-00885,development,55,-0.2343,8,1,0.9384,0,896.62,0,0,0.173742
SYN-00886,development,23,0.0843,20,0,0.7868,0,711.23,0,0,0.092546
SYN-00887,development,21,-0.3723,18,0,0.7948,1,656.5,0,0,0.17211
SYN-00888,development,25,-0.1991,31,0,0.8809,1,4612.34,0,0,0.142296
SYN-00889,development,23,0.0765,38,0,0.9433,0,481.63,0,0,0.103054
SYN-00890,development,61,0.1082,4,0,0.8153,5,3775.51,0,0,0.082337
SYN-00891,development,6,-0.2164,22,0,1.0517,3,987.01,0,0,0.144684
SYN-00892,development,70,-0.1766,7,0,0.5583,2,2175.73,0,0,0.124811
SYN-00893,development,36,-0.1302,12,0,0.8394,2,615.02,0,0,0.114735
SYN-00894,development,7,-0.532,62,0,0.9059,8,1453.55,0,0,0.442867
SYN-00895,development,25,-0.1978,1,0,0.9678,0,2728.7,0,0,0.085965
SYN-00896,development,58,-0.0198,36,1,0.6434,0,600.51,0,0,0.233873
SYN-00897,development,65,-0.0592,12,0,0.7236,0,2431.53,1,65,0.087629
SYN-00898,development,80,0.2861,1,0,1.1792,0,1083.23,0,0,0.029332
SYN-00899,development,20,0.0223,32,0,0.9048,0,814.41,0,0,0.106726
SYN-00900,development,7,-0.5288,46,0,0.8434,1,2070.55,1,76,0.279624
SYN-00901,development,47,-0.0502,47,0,0.8323,2,1224.71,0,0,0.15343
SYN-00902,development,79,-0.1567,28,0,0.9691,4,1551.24,0,0,0.123656
SYN-00903,development,12,0.3151,20,0,0.6093,0,2347.95,0,0,0.081871
SYN-00904,development,9,0.0341,1,0,0.8838,2,1797.25,0,0,0.084799
SYN-00905,development,29,0.2683,5,0,0.9627,0,1448.28,1,136,0.04847
SYN-00906,development,32,0.2961,10,0,1.101,0,3397.91,0,0,0.042125
SYN-00907,development,11,-0.8322,26,0,1.0991,1,5987.67,1,59,0.245752
SYN-00908,development,72,-0.0746,29,0,0.8999,0,721.18,0,0,0.094797
SYN-00909,development,47,-0.1987,11,0,0.9314,4,2003.16,0,0,0.122781
SYN-00910,development,7,-0.3028,11,1,0.6488,2,8560.15,0,0,0.294414
SYN-00911,development,11,-0.0642,16,1,0.9467,1,1048.38,0,0,0.193728
SYN-00912,development,76,-0.2158,1,1,0.9572,1,1618.04,0,0,0.149983
SYN-00913,development,42,-0.5793,36,0,0.9607,0,459.66,0,0,0.206909
SYN-00914,development,75,-0.3527,11,1,1.1209,0,3314.95,0,0,0.161062
SYN-00915,development,46,-0.1304,1,0,1.0218,2,3687.0,0,0,0.07789
SYN-00916,development,26,0.0035,35,0,0.8248,1,663.3,0,0,0.127415
SYN-00917,development,34,-0.1412,14,1,0.8085,1,3705.03,1,93,0.205865
SYN-00918,development,8,-0.0961,14,0,0.9151,0,1757.98,0,0,0.101441
SYN-00919,development,20,-0.1667,1,0,0.4695,0,1401.7,0,0,0.132874
SYN-00920,development,17,0.1396,1,0,0.8148,2,4232.65,0,0,0.073381
SYN-00921,development,49,0.2477,45,0,0.9233,0,1208.86,1,95,0.081648
SYN-00922,development,13,0.4127,20,0,0.8294,1,999.86,0,0,0.06392
SYN-00923,development,80,0.3649,32,0,1.0231,0,3884.31,0,0,0.04499
SYN-00924,development,76,0.3312,27,0,0.9417,0,926.84,0,0,0.050379
SYN-00925,development,50,-0.7211,49,0,0.8568,6,4591.2,1,58,0.38054
SYN-00926,development,51,-0.5034,53,0,0.7937,1,3325.69,1,76,0.258969
SYN-00927,development,6,0.0298,22,0,0.8952,0,854.51,0,0,0.099113
SYN-00928,development,3,-0.4304,8,0,1.0021,2,3100.75,0,0,0.152825
SYN-00929,development,53,-0.1196,22,0,0.9459,1,784.5,0,0,0.101962
SYN-00930,development,20,-0.1545,17,0,0.7665,0,1228.15,0,0,0.124168
SYN-00931,development,81,0.3012,50,0,1.0235,0,5727.39,0,0,0.060879
SYN-00932,development,80,0.1258,31,0,1.1872,0,938.24,0,0,0.055146
SYN-00933,development,48,0.1101,1,1,0.9845,1,2456.57,1,74,0.107159
SYN-00934,development,73,0.1591,1,0,1.0613,1,764.65,0,0,0.043684
SYN-00935,development,52,-0.0993,22,0,0.9211,1,1318.05,0,0,0.101195
SYN-00936,development,58,-0.006,10,0,0.9912,0,186.87,0,0,0.066118
SYN-00937,development,22,0.023,1,0,0.9548,1,1189.39,0,0,0.071831
SYN-00938,development,9,0.2965,46,0,1.0378,0,1355.71,0,0,0.082378
SYN-00939,development,66,-0.2969,24,0,0.7207,1,1795.3,0,0,0.149136
SYN-00940,development,9,-0.4526,27,0,0.8636,1,1659.89,0,0,0.205367
SYN-00941,development,65,0.2301,1,0,1.024,0,2226.41,0,0,0.038644
SYN-00942,development,84,0.0608,11,0,0.9221,1,4511.87,0,0,0.059113
SYN-00943,development,54,0.2866,13,0,0.8893,4,1611.06,0,0,0.067469
SYN-00944,development,81,0.0677,35,0,1.0444,0,1330.09,0,0,0.071177
SYN-00945,development,32,-0.112,25,1,0.9151,2,866.74,1,132,0.229335
SYN-00946,development,26,-0.0381,22,0,1.0912,3,5324.32,0,0,0.097177
SYN-00947,development,19,0.1437,44,0,1.1631,0,336.01,0,0,0.085389
SYN-00948,development,52,0.1621,4,0,1.0777,2,711.3,0,0,0.052595
SYN-00949,development,33,-0.3197,86,0,1.1659,0,1582.22,0,0,0.23517
SYN-00950,development,35,0.1587,1,1,0.946,3,1326.74,0,0,0.127353
SYN-00951,development,43,-0.0028,1,0,0.7182,0,903.21,0,0,0.07904
SYN-00952,development,50,0.1012,41,1,0.7359,1,2265.2,0,0,0.215279
SYN-00953,development,76,-0.0713,31,0,0.7461,0,1183.77,0,0,0.10854
SYN-00954,development,7,0.4873,30,0,0.7073,1,417.28,0,0,0.076385
SYN-00955,development,19,0.2401,7,0,0.7329,0,1989.11,0,0,0.066385
SYN-00956,development,72,-0.4568,42,1,0.9994,0,548.58,0,0,0.293262
SYN-00957,development,48,0.4104,1,1,0.8105,1,946.95,0,0,0.0861
SYN-00958,development,27,-0.3529,28,0,0.9839,4,1962.21,0,0,0.188673
SYN-00959,development,64,-0.282,6,0,0.649,4,4578.91,0,0,0.147554
SYN-00960,development,11,-0.3089,8,0,0.6686,2,4503.77,0,0,0.165608
SYN-00961,development,62,-0.1536,9,0,0.8533,0,715.13,0,0,0.088026
SYN-00962,development,4,0.458,13,1,0.973,0,921.78,0,0,0.091485
SYN-00963,development,15,-0.2921,40,0,0.7075,2,1619.1,0,0,0.2323
SYN-00964,development,9,0.1269,21,0,0.9586,0,2448.25,0,0,0.078568
SYN-00965,development,3,0.4146,49,0,0.8278,4,472.19,0,0,0.120659
SYN-00966,development,2,0.0669,6,0,0.8997,1,2784.87,1,132,0.080954
SYN-00967,development,60,-0.4347,32,0,1.0704,2,1644.9,0,0,0.159056
SYN-00968,development,29,-0.2408,35,0,0.8076,0,4202.88,0,0,0.155184
SYN-00969,development,74,-0.2695,46,0,1.0247,0,1451.61,0,0,0.133314
SYN-00970,development,20,-0.0579,5,0,1.0546,2,455.95,0,0,0.084232
SYN-00971,development,76,-0.3048,1,0,0.7149,3,2302.25,0,0,0.124028
SYN-00972,development,52,-0.2415,14,0,0.8491,0,2034.25,0,0,0.10827
SYN-00973,development,32,-0.2217,26,1,0.8994,1,710.22,0,0,0.250289
SYN-00974,development,54,0.0534,54,0,1.0324,0,717.89,0,0,0.106044
SYN-00975,development,16,-0.0036,36,0,1.0921,1,6789.41,0,0,0.099066
SYN-00976,development,29,-0.1868,35,0,0.9513,2,1399.78,0,0,0.151811
SYN-00977,development,56,-0.3404,20,0,1.0947,3,386.3,0,0,0.131756
SYN-00978,development,9,0.3533,38,0,0.7167,1,1605.89,1,129,0.098071
SYN-00979,development,4,-0.0618,27,0,0.8328,1,2962.27,0,0,0.131664
SYN-00980,development,34,0.4872,75,0,1.0178,0,651.19,0,0,0.086794
SYN-00981,development,64,0.2695,27,0,0.8892,0,441.63,1,125,0.061015
SYN-00982,development,17,0.189,8,0,0.9728,0,10181.22,0,0,0.052012
SYN-00983,development,72,-0.3095,50,1,0.699,2,2261.55,0,0,0.364769
SYN-00984,development,43,0.206,13,0,1.0988,0,1749.39,0,0,0.048636
SYN-00985,development,11,-0.2593,28,0,0.8723,0,2737.22,0,0,0.150711
SYN-00986,development,19,-0.4365,28,0,1.0059,3,1810.88,0,0,0.198288
SYN-00987,development,21,-0.7383,32,0,0.9012,0,1446.74,1,36,0.262851
SYN-00988,development,37,0.2764,11,0,1.036,1,4849.77,0,0,0.048127
SYN-00989,development,69,-0.1896,65,0,1.2397,0,1418.31,0,0,0.129714
SYN-00990,development,36,0.0194,31,0,0.9197,4,695.88,0,0,0.128456
SYN-00991,development,15,0.2466,32,0,0.8557,1,1102.27,0,0,0.090542
SYN-00992,development,22,0.2927,35,0,0.792,6,3580.36,0,0,0.124085
SYN-00993,development,27,0.0599,44,0,0.9569,0,2497.0,0,0,0.107696
SYN-00994,development,12,-0.2304,40,1,1.0628,1,2901.91,0,0,0.271695
SYN-00995,development,49,-0.1115,1,1,1.2075,0,471.67,0,0,0.11205
SYN-00996,development,21,0.2466,35,0,0.813,3,2919.43,0,0,0.106889
SYN-00997,development,67,0.3628,11,0,1.1302,1,1848.6,0,0,0.035759
SYN-00998,development,3,0.2586,43,0,0.8087,3,5486.06,0,0,0.1216
SYN-00999,development,68,-0.2901,16,0,0.8118,2,1250.96,0,0,0.132308
SYN-01000,development,8,0.2203,4,1,0.8726,3,2489.5,0,0,0.142666
SYN-01001,development,7,0.3798,14,0,0.7574,0,1965.72,0,0,0.062084
SYN-01002,development,52,0.4585,37,1,0.9827,1,1064.9,0,0,0.108715
SYN-01003,development,59,0.1988,23,1,0.9894,6,428.64,0,0,0.17143
SYN-01004,development,4,-0.3985,33,0,0.7608,0,1867.83,0,0,0.214024
SYN-01005,development,5,-0.4992,5,0,1.0725,5,739.6,1,68,0.186867
SYN-01006,development,57,-0.1454,25,1,0.9598,4,210.87,0,0,0.238939
SYN-01007,development,14,0.2061,62,0,0.9333,0,2927.8,0,0,0.120034
SYN-01008,development,7,0.0819,25,0,0.8065,2,861.13,0,0,0.118785
SYN-01009,development,33,-0.1371,30,1,0.9898,0,3425.43,1,113,0.202245
SYN-01010,development,53,-0.0092,11,0,0.8091,0,1162.8,0,0,0.080096
SYN-01011,development,82,-0.0674,10,0,1.0144,10,641.8,0,0,0.126391
SYN-01012,development,46,-0.5477,47,1,0.9015,0,1713.97,0,0,0.382562
SYN-01013,development,44,-0.1234,1,0,0.8142,0,1730.7,0,0,0.083802
SYN-01014,development,52,-0.6471,1,0,0.9465,1,1647.28,0,0,0.151756
SYN-01015,development,68,-0.1912,19,0,0.8864,0,1522.07,0,0,0.098735
SYN-01016,development,69,-0.1342,13,0,0.8223,1,518.7,0,0,0.097039
SYN-01017,development,7,0.237,1,0,0.6382,0,1564.64,0,0,0.070995
SYN-01018,development,75,0.0471,64,0,1.0575,2,1675.06,0,0,0.123463
SYN-01019,development,24,0.2439,27,1,0.958,1,2147.15,1,106,0.141727
SYN-01020,development,84,-0.1569,45,0,0.8738,1,1647.92,0,0,0.133221
SYN-01021,development,45,-0.4272,4,1,0.7233,1,4069.29,0,0,0.259222
SYN-01022,development,53,-0.2072,59,0,0.9584,1,2584.0,0,0,0.174315
SYN-01023,development,56,-0.3162,1,0,0.7071,5,2779.94,0,0,0.155197
SYN-01024,development,4,0.3098,30,0,0.7326,4,1049.93,0,0,0.116456
SYN-01025,development,2,-0.094,49,0,0.8471,0,2649.48,0,0,0.167975
SYN-01026,development,59,-0.5226,65,0,1.0084,2,718.52,0,0,0.27212
SYN-01027,development,37,0.4644,14,1,0.7823,1,809.11,0,0,0.102107
SYN-01028,development,48,-0.0596,15,0,0.9377,1,8654.1,0,0,0.079551
SYN-01029,development,61,-0.0461,1,0,0.8983,0,1384.4,0,0,0.065453
SYN-01030,development,30,0.1785,38,0,1.033,0,755.21,0,0,0.080481
SYN-01031,development,79,0.2072,11,1,0.7637,2,4756.01,0,0,0.119472
SYN-01032,development,67,0.1175,23,1,1.1194,0,460.34,0,0,0.111004
SYN-01033,development,54,0.0522,46,0,1.0555,0,395.87,0,0,0.094229
SYN-01034,development,11,-0.4828,45,1,1.1077,0,1423.54,1,79,0.344776
SYN-01035,development,23,0.0134,26,0,0.7283,0,328.99,0,0,0.116036
SYN-01036,development,45,-0.103,32,0,0.7703,3,426.77,0,0,0.155962
SYN-01037,development,21,-0.1685,6,0,1.0769,1,1290.1,0,0,0.088955
SYN-01038,development,37,-0.0445,1,0,0.9019,1,853.03,0,0,0.077864
SYN-01039,development,42,-0.3015,11,0,0.8087,0,1223.9,0,0,0.122648
SYN-01040,development,4,-0.308,21,0,0.8143,2,1297.25,0,0,0.182997
SYN-01041,development,34,0.4031,1,0,1.0702,0,1508.94,0,0,0.033583
SYN-01042,development,19,0.2982,45,0,1.0191,0,1436.55,0,0,0.07904
SYN-01043,development,53,-0.4672,13,0,0.7972,0,1829.69,1,76,0.148572
SYN-01044,development,36,-0.4378,30,0,1.042,2,213.39,0,0,0.17773
SYN-01045,development,55,0.2765,26,0,0.8647,0,763.69,0,0,0.063085
SYN-01046,development,49,-0.3049,18,0,0.9554,0,2131.52,0,0,0.113881
SYN-01047,development,4,0.0951,18,1,0.7026,1,726.03,0,0,0.205633
SYN-01048,development,53,0.0772,42,0,1.0285,2,1278.4,0,0,0.101022
SYN-01049,development,81,-0.2591,15,0,0.9346,0,494.39,0,0,0.094352
SYN-01050,development,38,0.0851,15,0,0.5643,0,1124.61,0,0,0.098792
SYN-01051,development,17,-0.0278,6,0,0.8702,0,334.69,0,0,0.085402
SYN-01052,development,7,-0.0278,54,0,0.9886,1,1812.78,0,0,0.15477
SYN-01053,development,8,0.1204,5,0,0.9056,0,1032.94,0,0,0.068826
SYN-01054,development,2,0.1398,14,0,0.6872,4,7295.3,0,0,0.114266
SYN-01055,development,68,-0.1637,28,0,1.0919,0,2004.44,0,0,0.088552
SYN-01056,development,22,-0.5535,30,0,1.0282,1,2059.81,0,0,0.199333
SYN-01057,development,49,-0.0284,24,0,0.8683,5,767.07,1,150,0.132508
SYN-01058,development,21,-0.3414,29,0,0.7574,1,878.57,0,0,0.194051
SYN-01059,development,80,0.1632,10,0,1.101,0,1296.28,0,0,0.042388
SYN-01060,development,31,-0.07,49,0,0.8779,1,1154.55,0,0,0.154708
SYN-01061,development,16,0.0566,12,0,0.8239,3,2022.49,0,0,0.10406
SYN-01062,development,72,0.4903,45,0,0.9522,3,1294.48,0,0,0.06435
SYN-01063,development,71,0.2417,35,0,1.1148,1,4177.15,0,0,0.056739
SYN-01064,development,32,0.0366,32,0,1.1207,0,1778.87,0,0,0.081154
SYN-01065,development,41,0.482,1,0,0.9932,0,316.08,0,0,0.031909
SYN-01066,development,2,0.4835,52,0,0.8376,0,2382.05,0,0,0.084578
SYN-01067,development,49,0.0284,31,0,1.0814,1,831.13,0,0,0.084928
SYN-01068,development,74,-0.0843,13,1,1.0947,1,996.65,0,0,0.133508
SYN-01069,development,31,0.1541,18,0,0.939,0,3375.2,0,0,0.066706
SYN-01070,development,39,0.2664,8,0,0.9371,0,4936.61,0,0,0.047309
SYN-01071,development,27,-0.4311,27,0,0.9818,7,1510.83,1,63,0.245672
SYN-01072,development,48,0.3358,39,0,1.25,3,1460.73,0,0,0.061438
SYN-01073,development,53,0.1777,40,0,0.9302,1,1093.36,0,0,0.088084
SYN-01074,development,67,-0.0904,27,0,0.9153,3,854.36,0,0,0.116323
SYN-01075,development,30,-0.1993,13,1,0.9052,0,5094.34,0,0,0.189372
SYN-01076,development,32,0.009,40,0,1.0148,2,665.09,0,0,0.119388
SYN-01077,development,3,0.0492,54,0,0.9399,0,705.37,0,0,0.141435
SYN-01078,development,80,-0.1677,69,0,0.9859,0,1837.6,1,46,0.156617
SYN-01079,development,61,0.1123,24,0,0.7042,0,1508.49,0,0,0.085614
SYN-01080,development,33,-0.3679,10,1,0.8676,0,1779.63,1,37,0.235009
SYN-01081,development,8,-0.173,33,0,0.8709,2,2608.49,0,0,0.166196
SYN-01082,development,18,0.0202,51,0,1.1478,2,860.34,0,0,0.127094
SYN-01083,development,22,0.2336,21,0,1.1365,0,3946.85,0,0,0.053505
SYN-01084,development,72,0.1368,1,1,0.8786,2,1824.9,0,0,0.111307
SYN-01085,development,77,0.4813,34,0,0.9187,1,1427.96,0,0,0.048963
SYN-01086,development,60,-0.1046,31,0,1.0389,1,8010.82,0,0,0.091315
SYN-01087,development,53,-0.1111,25,0,0.8437,1,745.8,0,0,0.114711
SYN-01088,development,17,0.1296,22,0,0.9143,0,2525.99,0,0,0.079797
SYN-01089,development,73,-0.3349,1,0,0.8178,2,735.11,0,0,0.113821
SYN-01090,development,7,0.0566,1,0,0.7841,1,1767.8,0,0,0.084703
SYN-01091,development,54,-0.3667,1,0,0.8705,4,6225.69,0,0,0.130093
SYN-01092,development,69,-0.1332,4,0,0.8792,6,335.25,0,0,0.115786
SYN-01093,development,12,-0.2292,1,0,1.25,1,347.83,0,0,0.081202
SYN-01094,development,58,0.7189,23,0,0.8184,1,762.41,0,0,0.036448
SYN-01095,development,28,-0.0102,1,0,0.89,0,317.44,0,0,0.073272
SYN-01096,development,51,-0.1129,24,0,1.0547,3,1511.92,1,78,0.10786
SYN-01097,development,47,0.1285,52,0,0.8287,0,2165.82,0,0,0.11321
SYN-01098,development,34,0.2152,31,0,1.2168,0,1431.27,0,0,0.057381
SYN-01099,development,48,-0.5353,47,1,0.8853,0,396.92,1,71,0.384524
SYN-01100,development,69,0.4491,24,0,0.8702,1,180.0,0,0,0.049218
SYN-01101,development,38,-0.4258,18,0,0.8434,1,1536.78,0,0,0.163695
SYN-01102,development,12,0.0419,6,0,0.9492,3,717.95,0,0,0.090799
SYN-01103,development,42,-0.0171,16,0,0.9137,3,1409.79,0,0,0.101053
SYN-01104,development,69,0.3289,4,0,0.8481,2,4811.99,0,0,0.045466
SYN-01105,development,53,-0.2162,1,0,0.7845,4,796.64,0,0,0.12462
SYN-01106,development,38,0.2352,6,0,0.8612,3,2705.79,0,0,0.066312
SYN-01107,development,37,0.0247,14,0,1.039,1,516.88,0,0,0.074779
SYN-01108,development,20,0.2291,14,0,0.9764,0,1358.54,0,0,0.059405
SYN-01109,development,77,-0.1312,44,0,0.8909,1,5851.07,0,0,0.122231
SYN-01110,development,47,-0.0038,58,1,0.8651,3,1854.94,0,0,0.299117
SYN-01111,development,18,0.1018,1,0,1.1388,0,1074.16,0,0,0.051606
SYN-01112,development,69,-0.3489,32,0,1.2449,5,1407.87,0,0,0.145559
SYN-01113,development,6,-0.2717,20,0,0.9278,0,1240.03,0,0,0.137509
SYN-01114,development,27,0.4079,21,1,0.8458,1,624.25,0,0,0.118572
SYN-01115,development,45,-0.1993,35,0,0.6857,1,1467.35,0,0,0.169322
SYN-01116,development,31,0.4195,10,1,0.7189,2,1680.97,0,0,0.117826
SYN-01117,development,44,-0.2349,37,0,0.9394,1,4040.68,0,0,0.142644
SYN-01118,development,27,0.0386,21,0,0.6207,5,551.13,0,0,0.158107
SYN-01119,development,40,-0.2166,53,0,0.7994,0,565.18,0,0,0.188616
SYN-01120,development,33,0.1305,1,0,1.1315,1,986.05,0,0,0.05041
SYN-01121,development,14,0.3533,17,0,1.0971,0,1228.91,0,0,0.047917
SYN-01122,development,32,0.1335,2,0,0.8918,0,888.63,0,0,0.05952
SYN-01123,development,21,0.1917,1,1,0.7203,2,1731.7,0,0,0.14569
SYN-01124,development,14,-0.0201,55,1,0.8954,0,1007.14,0,0,0.275266
SYN-01125,development,12,-0.4829,1,0,0.8623,3,1447.31,0,0,0.176638
SYN-01126,development,39,-0.2771,1,0,0.9183,0,1279.0,0,0,0.096031
SYN-01127,development,31,-0.0649,23,0,1.0936,3,915.55,0,0,0.105677
SYN-01128,development,38,0.197,28,0,1.2137,1,1604.52,0,0,0.059698
SYN-01129,development,34,-0.0598,35,0,0.9468,0,676.43,0,0,0.112535
SYN-01130,development,26,-0.0294,28,0,1.0166,2,1478.04,0,0,0.108945
SYN-01131,development,70,-0.1058,31,0,0.7744,0,1648.28,0,0,0.112711
SYN-01132,development,15,-0.089,42,0,0.9156,1,572.26,0,0,0.150919
SYN-01133,development,84,0.0057,5,0,0.9559,3,579.96,0,0,0.069368
SYN-01134,development,67,-0.2432,21,0,0.9368,0,1578.13,0,0,0.104033
SYN-01135,development,13,0.023,19,0,0.8009,4,5090.06,1,99,0.126098
SYN-01136,development,38,-0.1263,6,0,1.2413,2,1241.88,0,0,0.072455
SYN-01137,development,74,-0.1559,9,0,0.6959,3,6087.82,0,0,0.110672
SYN-01138,development,73,0.1918,1,0,0.8067,1,1766.07,0,0,0.052286
SYN-01139,development,12,0.0858,17,0,0.9478,1,642.74,0,0,0.08629
SYN-01140,development,19,-0.1098,19,0,1.0275,1,282.27,0,0,0.104131
SYN-01141,development,23,-0.0965,19,0,0.9874,0,734.01,0,0,0.096831
SYN-01142,development,37,-0.6545,35,1,1.0701,1,1550.84,1,42,0.367508
SYN-01143,development,9,-0.0378,1,0,0.9116,2,4343.27,0,0,0.087922
SYN-01144,development,3,-0.39,42,0,0.9811,0,871.62,0,0,0.200739
SYN-01145,development,22,-0.45,37,0,0.7024,0,2294.36,0,0,0.231697
SYN-01146,development,15,-0.4929,19,0,0.8122,2,855.3,0,0,0.214533
SYN-01147,development,2,0.3327,36,0,1.0698,0,1770.86,0,0,0.068322
SYN-01148,development,56,-0.266,6,0,0.7292,1,1045.49,0,0,0.119517
SYN-01149,development,49,-0.3199,5,1,0.8344,0,5224.03,0,0,0.195869
SYN-01150,development,40,-0.0296,35,0,1.0121,1,1830.52,0,0,0.105175
SYN-01151,development,55,0.1772,47,1,1.1724,0,1573.86,0,0,0.137483
SYN-01152,development,64,-0.4614,48,0,0.8974,1,1692.99,0,0,0.210632
SYN-01153,development,32,-0.4609,36,0,1.1135,0,812.03,0,0,0.164391
SYN-01154,development,16,0.0528,1,0,0.8086,1,5725.37,0,0,0.076024
SYN-01155,development,77,-0.4205,53,0,0.8102,0,859.13,0,0,0.206589
SYN-01156,development,27,0.0849,1,0,0.6547,1,1721.4,0,0,0.084442
SYN-01157,development,73,-0.5145,20,0,0.9027,1,1331.41,0,0,0.15613
SYN-01158,development,73,0.1816,23,0,1.1324,0,315.54,0,0,0.050108
SYN-01159,development,51,-0.5092,30,0,0.9502,0,1018.78,0,0,0.172174
SYN-01160,development,70,-0.4838,22,0,0.6879,7,3375.74,0,0,0.259282
SYN-01161,development,28,0.2973,18,0,1.0818,3,534.75,0,0,0.06283
SYN-01162,development,32,0.3341,73,0,1.1133,3,491.98,0,0,0.117787
SYN-01163,development,23,0.1033,19,0,0.8029,1,2531.0,0,0,0.091862
SYN-01164,development,68,-0.2631,64,0,0.9719,1,758.46,0,0,0.18898
SYN-01165,development,25,-0.0753,1,1,0.8271,1,1515.32,1,102,0.171093
SYN-01166,development,26,0.0582,34,1,0.7956,2,3116.06,0,0,0.228301
SYN-01167,development,49,-0.3877,40,1,0.7564,0,2574.53,0,0,0.332956
SYN-01168,development,8,-0.0054,11,1,0.8483,0,1716.11,0,0,0.173813
SYN-01169,development,48,-0.1056,33,0,0.8655,0,2841.96,0,0,0.114806
SYN-01170,development,31,-0.2059,50,1,0.8014,0,2276.18,0,0,0.315781
SYN-01171,development,68,0.1113,1,0,0.8203,2,521.96,0,0,0.064371
SYN-01172,development,55,0.0195,28,1,0.9808,1,3735.52,0,0,0.161477
SYN-01173,development,77,-0.1732,35,0,0.8435,4,813.89,0,0,0.155775
SYN-01174,development,42,0.1818,9,0,0.8073,0,4841.95,0,0,0.060106
SYN-01175,development,56,-0.2764,1,0,0.6908,0,528.76,0,0,0.110585
SYN-01176,development,57,-0.3701,46,0,0.9053,0,794.8,0,0,0.179217
SYN-01177,development,55,0.2975,19,0,0.6899,1,1572.82,0,0,0.069633
SYN-01178,development,6,-0.0525,16,1,0.8844,1,3513.87,0,0,0.198574
SYN-01179,development,68,-0.1695,12,0,0.9345,0,1343.51,0,0,0.084078
SYN-01180,development,10,-0.3151,60,0,0.6796,0,2796.84,1,78,0.270052
SYN-01181,development,37,0.317,7,0,0.9737,4,1205.49,0,0,0.059695
SYN-01182,development,28,-0.8055,26,0,0.8955,1,1238.35,0,0,0.27558
SYN-01183,development,43,0.2471,44,1,0.9952,3,2191.44,0,0,0.177709
SYN-01184,development,79,-0.1423,32,0,0.9186,2,340.1,0,0,0.11849
SYN-01185,development,53,0.4572,9,0,1.0144,0,751.75,0,0,0.034124
SYN-01186,development,81,0.2713,31,0,1.1555,0,1394.66,0,0,0.045992
SYN-01187,development,30,0.1702,11,0,1.1721,1,2444.2,0,0,0.05227
SYN-01188,development,69,-0.0343,18,0,0.8865,1,3090.07,0,0,0.082806
SYN-01189,development,77,0.2567,33,0,0.7947,1,553.28,0,0,0.074482
SYN-01190,development,39,0.0118,1,0,0.9119,1,7539.86,0,0,0.064721
SYN-01191,development,78,0.2438,25,1,1.1502,0,3378.94,0,0,0.086424
SYN-01192,development,38,-0.1398,31,0,0.8943,2,475.93,0,0,0.139769
SYN-01193,development,13,0.3664,2,0,0.9551,1,281.26,0,0,0.047924
SYN-01194,development,69,0.0032,71,0,0.7908,1,1561.09,0,0,0.170764
SYN-01195,development,76,0.1218,37,0,0.8362,0,1431.78,0,0,0.083773
SYN-01196,development,20,-0.1344,2,0,0.9402,4,4629.09,0,0,0.107737
SYN-01197,development,61,-0.0754,44,0,1.0416,4,700.24,1,66,0.139001
SYN-01198,development,52,-0.246,23,0,1.0036,2,1212.4,0,0,0.123453
SYN-01199,development,53,-0.1862,1,0,0.7274,0,2005.26,0,0,0.094502
SYN-01200,development,44,0.3161,9,0,0.7692,0,861.6,0,0,0.054296
SYN-01201,development,61,0.1662,12,0,0.996,0,2262.42,0,0,0.051277
SYN-01202,development,57,0.1919,9,0,0.9353,1,3214.12,0,0,0.054268
SYN-01203,development,28,0.0733,24,0,1.0283,1,813.15,0,0,0.083534
SYN-01204,development,73,0.2036,1,0,0.8292,1,2758.43,0,0,0.049679
SYN-01205,development,48,-0.061,18,0,1.1727,2,1206.01,0,0,0.079518
SYN-01206,development,12,0.0238,1,0,0.9003,0,585.97,0,0,0.073881
SYN-01207,development,16,-0.3051,40,0,0.965,2,1379.49,0,0,0.192895
SYN-01208,development,11,-0.0201,58,0,0.9375,1,760.31,0,0,0.167488
SYN-01209,development,64,-0.1545,16,0,1.1333,1,1084.63,0,0,0.079428
SYN-01210,development,33,0.2115,9,0,1.1372,0,2609.94,0,0,0.045466
SYN-01211,development,37,0.0813,17,0,0.7891,2,1067.54,0,0,0.096228
SYN-01212,development,66,0.2733,37,0,1.1638,3,2507.42,0,0,0.064378
SYN-01213,development,69,0.4079,29,0,0.904,0,3139.36,0,0,0.048215
SYN-01214,development,72,-0.2782,8,0,1.0943,10,556.71,0,0,0.155996
SYN-01215,development,34,-0.0825,40,0,1.0726,0,1526.57,0,0,0.109407
SYN-01216,development,81,-0.0889,20,0,0.849,1,578.56,0,0,0.093029
SYN-01217,development,52,-0.4357,54,0,1.0037,0,407.35,0,0,0.200999
SYN-01218,development,57,-0.2087,1,0,1.0659,2,309.8,0,0,0.083073
SYN-01219,development,71,-0.3115,34,0,1.1017,2,2042.4,0,0,0.129902
SYN-01220,development,63,-0.0467,31,0,0.847,2,1823.38,0,0,0.115191
SYN-01221,development,21,-0.0066,15,0,0.8008,0,668.51,0,0,0.097342
SYN-01222,development,43,-0.4957,39,0,0.7292,1,2193.41,0,0,0.240983
SYN-01223,development,58,0.3699,1,0,0.9008,0,949.34,0,0,0.037507
SYN-01224,development,39,0.4876,1,1,0.8932,1,971.15,0,0,0.074784
SYN-01225,development,72,-0.0253,1,0,0.85,1,2259.21,0,0,0.067381
SYN-01226,development,52,-0.3849,16,0,1.0345,0,4229.29,0,0,0.110384
SYN-01227,development,83,0.2145,19,0,0.794,1,1634.23,0,0,0.062841
SYN-01228,development,61,-0.1512,50,0,1.1568,3,2613.74,0,0,0.136403
SYN-01229,development,55,-0.0622,41,1,1.0178,4,2991.75,0,0,0.24263
SYN-01230,development,5,-0.2876,40,0,0.703,6,2230.37,0,0,0.298223
SYN-01231,development,80,-0.1084,1,0,0.9035,1,1035.87,0,0,0.070574
SYN-01232,development,74,-0.1313,19,0,0.9109,0,577.62,0,0,0.088214
SYN-01233,development,69,-0.3025,57,1,0.8666,0,3333.79,1,76,0.313407
SYN-01234,development,82,-0.2875,51,0,0.9679,0,1347.23,0,0,0.147708
SYN-01235,development,43,-0.2249,24,0,0.9169,0,2408.73,0,0,0.117066
SYN-01236,development,45,-0.3085,4,0,0.9317,4,2659.58,0,0,0.129142
SYN-01237,development,19,0.1497,20,0,0.8452,0,1572.2,0,0,0.080909
SYN-01238,development,66,0.0633,39,0,0.873,0,2260.78,1,98,0.092643
SYN-01239,development,10,-0.2781,8,1,1.1494,0,1356.91,0,0,0.181414
SYN-01240,development,41,-0.1577,6,0,0.9021,0,1964.07,0,0,0.087331
SYN-01241,development,43,0.2666,11,1,0.7738,1,1297.38,0,0,0.123891
SYN-01242,development,45,-0.4587,50,0,1.0131,0,1770.27,0,0,0.197516
SYN-01243,development,36,-0.0516,53,0,0.9489,0,1577.5,1,57,0.136741
SYN-01244,development,9,-0.4067,11,0,1.1327,4,2144.31,0,0,0.155398
SYN-01245,development,61,-0.2892,1,0,1.0143,5,842.18,0,0,0.116037
SYN-01246,development,56,-0.1726,9,0,0.8489,3,2276.33,0,0,0.111764
SYN-01247,development,6,-0.1775,61,0,1.0004,1,3249.54,0,0,0.196547
SYN-01248,development,48,-0.0055,12,0,0.8059,1,584.42,1,81,0.089364
SYN-01249,development,10,-0.1549,22,0,0.9969,3,616.62,0,0,0.13885
SYN-01250,development,44,-0.015,19,0,0.6812,1,5882.92,0,0,0.104899
SYN-01251,development,19,-0.1301,2,0,1.0531,2,3222.0,0,0,0.086341
SYN-01252,development,49,0.0372,4,0,0.7814,2,298.41,0,0,0.083315
SYN-01253,development,71,0.6658,1,0,0.6942,0,683.5,0,0,0.028591
SYN-01254,development,45,-0.1392,22,0,1.1739,0,649.81,0,0,0.082407
SYN-01255,development,34,-0.2342,13,0,0.6755,2,908.09,0,0,0.152951
SYN-01256,development,73,-0.3157,47,0,1.1839,2,494.07,1,74,0.144795
SYN-01257,development,22,0.2853,16,0,0.6308,3,1403.49,0,0,0.094923
SYN-01258,development,84,-0.0322,9,1,0.8437,0,1390.09,0,0,0.131986
SYN-01259,development,19,-0.3028,12,0,1.0595,1,987.96,0,0,0.117682
SYN-01260,development,42,-0.6412,4,0,0.9429,1,403.94,0,0,0.165328
SYN-01261,development,33,-0.1781,22,0,1.0181,0,1500.71,0,0,0.10356
SYN-01262,development,64,-0.1194,27,0,0.9655,0,1151.95,0,0,0.094925
SYN-01263,development,54,0.2165,13,0,0.8663,0,1146.79,0,0,0.057289
SYN-01264,development,73,0.5802,69,0,1.1016,2,3158.03,0,0,0.061918
SYN-01265,development,51,-0.095,41,0,1.0574,0,469.58,0,0,0.108059
SYN-01266,development,29,-0.0138,52,0,0.9191,0,1962.84,0,0,0.135116
SYN-01267,development,7,0.3304,50,0,0.8654,0,1668.83,0,0,0.097284
SYN-01268,development,66,0.2282,64,0,0.879,2,5515.68,1,114,0.112789
SYN-01269,development,18,0.3614,16,0,0.6467,3,1125.51,0,0,0.086365
SYN-01270,development,10,0.2117,60,1,0.7809,2,1323.04,0,0,0.278182
SYN-01271,development,10,-0.0378,70,0,0.6784,0,375.93,0,0,0.228609
SYN-01272,development,36,0.1161,1,0,0.828,0,3267.85,0,0,0.060695
SYN-01273,development,57,-0.0867,33,0,1.1604,3,648.32,0,0,0.105269
SYN-01274,development,57,-0.0915,31,0,1.0196,0,1222.63,0,0,0.09445
SYN-01275,development,13,0.0909,3,0,0.9809,1,1002.64,0,0,0.068446
SYN-01276,development,73,0.2246,1,1,0.8614,0,2146.88,0,0,0.087069
SYN-01277,development,2,0.1637,54,1,0.8533,1,1778.07,0,0,0.251953
SYN-01278,development,80,-0.3226,28,0,1.0856,0,2075.59,0,0,0.104327
SYN-01279,development,70,-0.2293,36,0,1.2455,1,1273.01,0,0,0.100241
SYN-01280,development,12,-0.3922,12,0,1.0873,1,504.65,0,0,0.133143
SYN-01281,development,75,0.0363,36,0,1.1157,1,561.51,0,0,0.078403
SYN-01282,development,49,-0.0211,17,0,0.9867,1,1509.06,0,0,0.081418
SYN-01283,development,84,0.1249,19,0,1.0048,1,842.55,0,0,0.05881
SYN-01284,development,24,0.1552,17,0,1.0429,1,640.04,0,0,0.068594
SYN-01285,development,60,-0.0254,8,0,1.0934,4,5900.14,0,0,0.07331
SYN-01286,development,20,-0.0605,47,1,1.0885,0,10159.34,0,0,0.201549
SYN-01287,development,32,-0.0587,12,0,1.0307,3,1049.17,0,0,0.095568
SYN-01288,development,82,-0.435,32,1,0.7442,2,889.71,1,83,0.331596
SYN-01289,development,41,0.1083,65,0,0.7439,3,2876.73,0,0,0.180538
SYN-01290,development,82,-0.1069,23,0,0.9926,3,3140.24,0,0,0.096307
SYN-01291,development,73,0.3776,14,0,0.8709,5,1911.1,1,130,0.060658
SYN-01292,development,78,-0.2842,1,0,0.8719,2,268.22,0,0,0.100192
SYN-01293,development,24,0.4095,19,0,1.0491,0,682.62,0,0,0.046005
SYN-01294,development,59,-0.0308,46,0,0.8074,3,2715.39,0,0,0.151145
SYN-01295,development,70,-0.2312,46,1,0.7623,0,2429.46,1,108,0.282026
SYN-01296,development,37,0.4554,1,0,0.9013,0,232.61,0,0,0.036829
SYN-01297,development,57,-0.3001,19,0,0.9111,6,7139.08,0,0,0.160802
SYN-01298,development,72,0.1475,42,0,1.0001,1,2293.31,0,0,0.080377
SYN-01299,development,53,-0.1955,58,0,1.001,2,3908.38,0,0,0.171955
SYN-01300,development,74,0.1589,26,0,0.9243,1,567.27,0,0,0.069601
SYN-01301,development,33,-0.0427,17,1,0.6979,1,2682.83,0,0,0.210602
SYN-01302,development,61,-0.0496,1,0,0.9103,0,2428.02,0,0,0.064112
SYN-01303,development,82,-0.2769,72,0,1.053,0,973.85,1,98,0.175898
SYN-01304,development,53,-0.1298,1,1,1.1549,0,3463.38,0,0,0.113676
SYN-01305,development,75,-0.4931,3,0,0.6358,1,2882.98,0,0,0.15038
SYN-01306,development,21,0.1698,1,1,0.8974,3,957.04,0,0,0.13897
SYN-01307,development,4,-0.1086,33,0,0.9009,9,4393.03,0,0,0.229806
SYN-01308,development,18,-0.176,18,0,1.1205,2,1577.8,0,0,0.109079
SYN-01309,development,8,-0.3157,86,0,1.0465,0,1608.73,0,0,0.277922
SYN-01310,development,35,0.0372,36,0,0.6572,6,900.08,1,113,0.189133
SYN-01311,development,68,-0.2351,13,0,0.7587,0,1135.63,0,0,0.108868
SYN-01312,development,41,-0.357,41,0,0.7364,1,595.23,0,0,0.215123
SYN-01313,development,38,0.0582,33,0,0.7644,1,969.77,0,0,0.115936
SYN-01314,development,39,0.0454,9,0,0.9073,3,394.2,0,0,0.087701
SYN-01315,development,6,0.2871,1,0,0.7118,1,1358.09,0,0,0.067061
SYN-01316,development,23,-0.0599,26,0,0.7271,0,1118.83,0,0,0.126238
SYN-01317,development,3,0.2933,1,0,0.6683,4,447.88,1,130,0.087643
SYN-01318,development,76,-0.1659,21,0,0.9668,1,3498.61,0,0,0.092162
SYN-01319,development,9,0.2913,30,0,0.7622,0,505.98,0,0,0.087146
SYN-01320,development,34,-0.2971,36,1,0.6244,2,770.82,0,0,0.376024
SYN-01321,development,73,-0.3108,20,0,0.8291,1,2557.06,1,72,0.126929
SYN-01322,development,77,0.396,50,0,0.8763,1,1109.68,0,0,0.071346
SYN-01323,development,20,0.2002,25,0,0.7558,10,475.03,0,0,0.172513
SYN-01324,development,59,0.2009,44,0,0.7468,0,420.71,0,0,0.097406
SYN-01325,development,72,-0.2636,34,1,0.8551,2,2048.69,1,90,0.26854
SYN-01326,development,74,-0.1585,74,0,0.6796,0,1306.5,1,36,0.216165
SYN-01327,development,79,0.1251,23,0,0.9303,0,2754.95,0,0,0.061569
SYN-01328,development,61,-0.0087,22,0,0.7201,3,2433.47,1,112,0.11694
SYN-01329,development,44,0.0578,38,0,0.835,0,588.85,0,0,0.106545
SYN-01330,development,49,-0.0944,34,0,0.7088,3,2000.39,1,118,0.160706
SYN-01331,development,79,0.2707,27,0,1.1828,2,2846.87,0,0,0.04855
SYN-01332,development,38,0.0506,23,0,0.8718,1,277.95,1,68,0.094503
SYN-01333,development,40,0.2618,20,0,0.7062,0,1601.68,0,0,0.072348
SYN-01334,development,31,0.0118,43,0,0.954,1,196.58,0,0,0.123025
SYN-01335,development,35,-0.1423,31,0,1.0367,0,1883.18,0,0,0.107765
SYN-01336,development,62,-0.2253,12,1,0.7494,1,552.76,1,61,0.217745
SYN-01337,development,17,-0.1194,45,0,0.9698,1,1415.19,0,0,0.152497
SYN-01338,development,64,-0.0263,23,0,0.8851,1,451.08,0,0,0.092665
SYN-01339,development,76,0.1249,1,0,0.8198,0,1922.52,0,0,0.051891
SYN-01340,development,80,-0.025,48,0,0.8558,0,1334.47,0,0,0.113354
SYN-01341,development,35,0.2245,39,0,1.0461,1,2085.15,0,0,0.078209
SYN-01342,development,71,0.1669,14,0,0.6768,0,2316.14,0,0,0.067758
SYN-01343,development,37,-0.2608,1,0,0.8582,2,2376.71,1,66,0.112968
SYN-01344,development,45,-0.073,24,0,0.972,1,2199.92,0,0,0.097546
SYN-01345,development,67,0.3411,24,0,0.9727,3,1776.76,0,0,0.059123
SYN-01346,development,31,-0.1741,9,0,1.0733,2,1881.06,0,0,0.095424
SYN-01347,development,40,0.7253,9,0,0.9074,2,1983.18,0,0,0.031274
SYN-01348,development,48,-0.3687,42,0,1.0735,0,827.21,0,0,0.153591
SYN-01349,development,55,-0.1784,35,1,0.8552,0,297.15,0,0,0.2384
SYN-01350,development,71,-0.2778,1,0,0.719,2,1216.86,0,0,0.115492
SYN-01351,development,19,-0.1317,1,0,0.7004,2,2762.35,1,132,0.117448
SYN-01352,development,76,0.2057,37,1,1.0007,0,1464.25,0,0,0.125018
SYN-01353,development,70,-0.0162,41,1,0.7225,1,3148.9,1,82,0.229112
SYN-01354,development,23,0.021,22,1,0.9752,3,1860.04,0,0,0.197029
SYN-01355,development,45,0.0865,13,0,0.5142,0,2932.12,0,0,0.095311
SYN-01356,development,7,0.0947,49,1,0.9827,3,2984.92,0,0,0.254401
SYN-01357,development,22,0.2638,38,0,1.1154,0,380.48,0,0,0.069199
SYN-01358,development,51,-0.0394,73,0,0.8091,3,3900.61,0,0,0.212837
SYN-01359,development,4,0.1377,11,0,0.8666,10,2743.6,0,0,0.148223
SYN-01360,development,80,0.0674,1,0,0.9123,0,3585.89,0,0,0.049471
SYN-01361,development,75,-0.3082,24,0,0.8475,0,982.37,0,0,0.124003
SYN-01362,development,13,0.1317,22,0,0.8631,0,2944.37,0,0,0.084259
SYN-01363,development,12,-0.5308,22,0,0.6223,1,1844.56,1,36,0.251618
SYN-01364,development,5,-0.2445,15,0,0.8457,2,868.7,0,0,0.153968
SYN-01365,development,46,-0.3032,64,0,0.8985,3,607.7,1,85,0.255101
SYN-01366,development,18,0.0982,39,0,1.0327,0,1555.66,0,0,0.094313
SYN-01367,development,74,-0.1436,37,0,0.772,1,1004.0,0,0,0.135632
SYN-01368,development,78,-0.2037,4,0,1.0548,3,1137.09,0,0,0.084296
SYN-01369,development,64,0.1224,68,0,0.8027,1,2502.52,0,0,0.141937
SYN-01370,development,58,-0.3136,14,0,0.8456,0,1816.06,0,0,0.116658
SYN-01371,development,77,-0.2574,16,0,1.1533,1,1222.72,0,0,0.084595
SYN-01372,development,31,-0.0298,21,0,0.8081,1,703.98,1,84,0.11068
SYN-01373,development,41,0.1595,19,0,1.0095,0,1707.81,0,0,0.061675
SYN-01374,development,40,0.017,31,1,1.1179,2,4767.92,0,0,0.167059
SYN-01375,development,59,-0.2341,1,0,1.0395,1,2658.87,0,0,0.078833
SYN-01376,development,40,-0.177,18,0,1.0732,0,2236.98,0,0,0.08995
SYN-01377,development,32,-0.4849,40,1,0.8263,2,1310.03,0,0,0.407511
SYN-01378,development,63,-0.0164,11,0,0.9342,4,976.94,0,0,0.091867
SYN-01379,development,55,0.3078,19,0,0.7668,4,733.79,0,0,0.080044
SYN-01380,development,59,0.1442,47,0,0.8273,0,1512.47,0,0,0.100075
SYN-01381,development,77,0.119,53,0,0.7787,1,2065.94,0,0,0.115172
SYN-01382,development,43,0.2115,2,0,0.8095,0,3545.75,0,0,0.053103
SYN-01383,development,56,-0.2517,4,1,0.8803,1,2270.91,0,0,0.185009
SYN-01384,development,44,-0.075,37,1,0.797,0,1249.56,1,81,0.233342
SYN-01385,development,43,0.3073,5,0,0.985,2,386.1,1,133,0.049706
SYN-01386,development,61,0.1431,1,0,0.8201,1,1965.04,0,0,0.057955
SYN-01387,development,32,0.193,22,0,0.6846,3,1471.45,0,0,0.105835
SYN-01388,development,75,0.1987,24,0,0.8638,4,1394.05,0,0,0.082614
SYN-01389,development,40,0.081,50,0,1.25,1,396.77,0,0,0.09118
SYN-01390,development,51,0.3955,1,0,0.7631,1,5413.75,0,0,0.042946
SYN-01391,development,45,0.0677,1,0,1.0326,0,1027.22,0,0,0.053223
SYN-01392,development,41,-0.4612,11,0,0.8304,2,3342.03,0,0,0.163675
SYN-01393,development,12,-0.354,20,0,1.0873,1,748.41,0,0,0.139746
SYN-01394,development,78,0.3798,19,0,0.9583,2,711.02,0,0,0.047818
SYN-01395,development,73,0.1184,1,0,1.0526,1,957.47,0,0,0.046479
SYN-01396,development,41,-0.3726,31,0,0.8427,2,777.63,0,0,0.190544
SYN-01397,development,51,-0.2565,22,1,1.0538,0,360.98,0,0,0.195673
SYN-01398,development,18,-0.2572,1,0,0.7727,4,3554.98,0,0,0.146731
SYN-01399,development,54,0.4512,36,0,1.1402,0,416.07,0,0,0.04438
SYN-01400,development,5,0.1195,13,0,0.7041,0,383.04,0,0,0.093913
SYN-01401,development,52,-0.1785,56,0,1.0416,1,1410.37,0,0,0.154422
SYN-01402,development,84,0.0561,54,1,0.668,0,512.74,0,0,0.235323
SYN-01403,development,41,-0.1552,51,0,1.0217,0,5104.25,0,0,0.133849
SYN-01404,development,55,-0.1794,35,0,1.0266,0,4899.1,0,0,0.106455
SYN-01405,development,70,0.2661,37,1,0.8272,0,570.73,0,0,0.139196
SYN-01406,development,80,0.3039,18,1,1.0648,2,370.26,0,0,0.093303
SYN-01407,development,41,-0.599,69,0,1.0184,0,1113.38,0,0,0.288548
SYN-01408,development,57,-0.244,47,0,0.9125,5,895.16,0,0,0.211328
SYN-01409,development,64,0.1849,24,0,1.0356,0,1993.12,0,0,0.056188
SYN-01410,development,35,0.3287,45,0,0.8112,0,916.95,0,0,0.086311
SYN-01411,development,41,-0.4331,22,0,0.8646,1,636.59,0,0,0.170226
SYN-01412,development,74,-0.2549,4,0,0.8026,0,818.06,0,0,0.093742
SYN-01413,development,67,-0.0951,15,0,0.8654,6,1679.7,0,0,0.127065
SYN-01414,development,25,-0.1903,48,1,0.9229,5,1184.63,1,125,0.372998
SYN-01415,development,33,-0.114,47,1,0.9457,1,1137.75,0,0,0.267386
SYN-01416,development,83,-0.0646,19,0,0.7699,0,2027.95,0,0,0.086631
SYN-01417,development,75,-0.329,15,0,1.164,1,738.21,0,0,0.092269
SYN-01418,development,51,0.3355,19,1,0.937,0,293.59,0,0,0.099779
SYN-01419,development,51,-0.0246,36,0,0.9028,0,1294.22,0,0,0.104842
SYN-01420,development,72,-0.271,1,0,0.8183,0,1617.49,0,0,0.090562
SYN-01421,development,74,0.2721,42,0,0.7038,0,1563.1,0,0,0.083113
SYN-01422,development,35,-0.0955,45,0,0.7323,1,3179.82,0,0,0.164763
SYN-01423,development,18,0.4534,35,0,0.7479,3,597.11,0,0,0.090209
SYN-01424,development,84,0.3929,61,1,0.528,5,469.34,0,0,0.259956
SYN-01425,development,16,-0.0856,6,0,0.8095,1,3209.29,0,0,0.100764
SYN-01426,development,18,-0.0046,22,0,0.8706,0,672.51,0,0,0.101151
SYN-01427,development,58,0.3202,44,0,0.6334,0,1883.47,0,0,0.090739
SYN-01428,development,73,-0.207,23,0,1.112,0,4852.06,1,90,0.08129
SYN-01429,development,20,-0.0812,8,0,1.1017,1,383.44,0,0,0.080844
SYN-01430,development,44,-0.174,41,0,0.8731,0,1256.85,0,0,0.142542
SYN-01431,development,20,-0.0896,1,1,0.6181,0,7237.88,0,0,0.184054
SYN-01432,development,4,0.2039,1,0,0.8611,0,6050.84,0,0,0.057573
SYN-01433,development,31,-0.3772,9,0,0.9034,0,1071.85,1,57,0.126986
SYN-01434,development,35,0.3717,55,0,0.9048,3,180.0,0,0,0.106169
SYN-01435,development,14,0.1671,41,0,0.866,0,872.4,1,112,0.105193
SYN-01436,development,62,0.1357,4,0,1.0684,0,6518.5,0,0,0.042001
SYN-01437,development,81,0.1445,41,0,0.5372,0,2990.79,0,0,0.107307
SYN-01438,development,30,0.0509,36,0,1.0115,0,2903.17,0,0,0.091976
SYN-01439,development,38,0.1144,33,0,0.9421,4,1514.25,0,0,0.112354
SYN-01440,development,47,-0.123,19,0,0.6826,1,1075.41,0,0,0.126601
SYN-01441,development,39,0.4108,23,1,0.7435,0,763.93,0,0,0.117802
SYN-01442,development,83,-0.1009,1,1,1.0532,0,2618.04,0,0,0.107279
SYN-01443,development,23,-0.2843,1,1,0.5282,1,3170.13,1,126,0.269853
SYN-01444,development,84,0.675,16,0,0.8616,10,1216.24,0,0,0.057795
SYN-01445,development,42,-0.1469,18,0,1.051,3,1442.67,0,0,0.108682
SYN-01446,development,64,-0.1763,18,0,0.9077,0,1384.99,0,0,0.095505
SYN-01447,development,72,-0.1372,9,1,0.9216,0,864.63,0,0,0.148563
SYN-01448,development,30,0.1901,17,0,1.037,9,2505.87,0,0,0.109391
SYN-01449,development,20,-0.0398,65,0,0.7862,0,642.83,0,0,0.191438
SYN-01450,development,65,-0.0401,39,1,0.9515,0,919.5,0,0,0.189403
SYN-01451,development,23,0.0058,3,0,1.0312,0,3911.01,0,0,0.062886
SYN-01452,development,39,-0.4594,3,0,0.9719,2,1280.88,0,0,0.135997
SYN-01453,development,51,-0.6233,44,1,0.8517,1,3885.03,1,29,0.415531
SYN-01454,development,5,-0.0852,50,0,0.7565,0,1272.31,0,0,0.182042
SYN-01455,development,14,0.0951,1,1,1.0395,1,1781.79,0,0,0.120399
SYN-01456,development,20,-0.4315,1,0,0.7534,3,2379.88,1,10,0.174149
SYN-01457,development,59,0.1132,37,0,1.0344,2,648.35,0,0,0.088357
SYN-01458,development,39,-0.229,1,0,0.864,3,393.7,0,0,0.117511
SYN-01459,development,58,0.2962,1,0,0.9462,0,333.38,0,0,0.040168
SYN-01460,development,49,-0.3042,35,0,1.0308,0,3751.63,0,0,0.129384
SYN-01461,development,50,0.0108,46,0,0.8219,0,786.56,0,0,0.123429
SYN-01462,development,62,-0.0168,32,0,0.8625,3,541.55,0,0,0.120974
SYN-01463,development,25,-0.3918,27,0,1.1167,0,929.86,1,53,0.138381
SYN-01464,development,80,-0.0357,48,0,0.7372,0,3784.87,0,0,0.123402
SYN-01465,development,72,-0.2636,26,0,1.0903,1,1107.13,0,0,0.105056
SYN-01466,development,36,0.4817,9,0,1.0208,0,5140.84,0,0,0.033169
SYN-01467,development,80,0.0454,17,0,1.2262,0,1929.4,0,0,0.048394
SYN-01468,development,31,0.22,20,0,0.6403,0,980.9,0,0,0.085053
SYN-01469,development,69,0.1704,8,0,0.8844,5,601.99,0,0,0.07576
SYN-01470,development,46,-0.1223,58,0,0.5869,0,2678.9,0,0,0.202162
SYN-01471,development,19,0.0934,38,0,0.9323,0,1647.11,0,0,0.101888
SYN-01472,development,34,0.0009,1,0,0.6826,5,2199.34,0,0,0.116877
SYN-01473,development,21,-0.2802,34,0,0.8302,4,1171.91,0,0,0.216256
SYN-01474,development,4,-0.0118,21,0,0.7445,1,886.03,0,0,0.127015
SYN-01475,development,55,-0.5335,26,0,0.9064,1,2270.99,0,0,0.181021
SYN-01476,development,36,-0.0808,2,0,0.9085,0,1709.56,1,103,0.076165
SYN-01477,development,83,-0.2621,45,0,0.7655,3,1854.69,0,0,0.188592
SYN-01478,development,19,-0.0807,60,0,1.1711,5,2446.18,0,0,0.186545
SYN-01479,development,78,0.0624,29,0,0.8728,0,3443.8,0,0,0.076154
SYN-01480,development,47,0.2074,19,0,0.745,1,2963.68,0,0,0.075846
SYN-01481,development,46,-0.257,6,0,0.678,1,494.33,0,0,0.129399
SYN-01482,development,38,0.2613,20,0,0.8205,2,1012.47,0,0,0.076378
SYN-01483,development,36,-0.1548,36,0,1.0764,0,951.96,0,0,0.113668
SYN-01484,development,29,-0.2976,52,0,0.8595,0,7484.67,0,0,0.18737
SYN-01485,development,29,0.4021,41,1,0.8831,2,2207.1,0,0,0.154115
SYN-01486,development,19,-0.2817,58,0,1.0319,0,1100.15,0,0,0.192386
SYN-01487,development,75,-0.6348,20,0,0.8533,1,1472.12,1,40,0.186144
SYN-01488,development,18,-0.3166,39,0,1.0256,1,560.97,0,0,0.173349
SYN-01489,development,6,0.1477,24,0,0.7957,1,180.0,1,106,0.102934
SYN-01490,development,58,-0.1738,6,0,0.7214,1,491.04,1,130,0.106777
SYN-01491,development,71,-0.2346,29,1,0.8831,2,2093.56,0,0,0.242361
SYN-01492,development,77,-0.5683,20,0,0.8457,6,1733.54,0,0,0.232324
SYN-01493,development,12,0.2647,3,0,0.8825,3,614.38,0,0,0.068939
SYN-01494,development,69,-0.2234,22,0,0.9784,0,689.64,0,0,0.099344
SYN-01495,development,11,0.2592,29,1,0.9616,3,4367.83,0,0,0.165321
SYN-01496,development,33,0.1253,37,0,0.9132,3,1969.84,0,0,0.11332
SYN-01497,development,74,-0.1296,20,0,0.5984,1,958.51,0,0,0.125099
SYN-01498,development,7,0.423,27,0,1.0429,2,2285.66,0,0,0.061558
SYN-01499,development,84,0.2256,19,0,0.6555,1,3165.47,0,0,0.068572
SYN-01500,development,9,0.1767,6,0,1.0686,1,537.01,0,0,0.059874
SYN-01501,development,66,0.2933,16,0,0.8913,1,725.45,0,0,0.053897
SYN-01502,development,27,0.558,37,0,0.9964,7,1929.87,0,0,0.080621
SYN-01503,development,29,-0.1928,15,0,0.9375,1,2329.59,0,0,0.111472
SYN-01504,development,8,0.2801,30,0,0.8492,3,465.75,0,0,0.101182
SYN-01505,development,70,0.4668,1,0,0.9968,8,2211.27,0,0,0.050111
SYN-01506,development,83,0.2423,7,0,1.0836,0,2152.96,0,0,0.036103
SYN-01507,development,29,-0.226,12,0,0.71,2,562.0,1,125,0.148781
SYN-01508,development,75,-0.0112,1,0,0.9734,0,589.39,0,0,0.055462
SYN-01509,development,20,-0.1857,16,0,1.0825,2,2109.12,0,0,0.109645
SYN-01510,development,36,-0.0139,46,0,1.025,2,433.12,0,0,0.129734
SYN-01511,development,58,0.1538,39,0,0.9846,3,607.78,0,0,0.096794
SYN-01512,development,47,0.3718,57,0,0.9097,0,861.74,1,126,0.083152
SYN-01513,development,57,-0.3202,1,0,0.818,0,963.84,0,0,0.103623
SYN-01514,development,34,-0.1894,50,0,0.8372,3,525.18,0,0,0.21048
SYN-01515,development,35,-0.2698,29,0,0.9759,4,3006.32,0,0,0.166771
SYN-01516,development,46,-0.2981,5,0,0.8733,2,1214.84,0,0,0.120502
SYN-01517,development,9,-0.297,37,1,0.974,0,4258.55,1,49,0.283393
SYN-01518,development,7,0.1707,41,0,1.0053,0,542.57,0,0,0.095621
SYN-01519,development,42,0.0615,6,0,0.9861,0,4123.24,0,0,0.058205
SYN-01520,development,70,0.1414,12,0,0.9148,7,4682.01,0,0,0.087575
SYN-01521,development,58,-0.0373,23,0,0.7776,6,2629.01,0,0,0.143965
SYN-01522,development,51,-0.1101,45,0,0.7715,2,459.38,0,0,0.168462
SYN-01523,development,60,0.1533,28,1,0.6331,1,890.3,0,0,0.185506
SYN-01524,development,81,-0.3893,22,0,0.6762,0,902.56,0,0,0.15145
SYN-01525,development,48,0.0082,57,0,0.9548,1,1801.12,0,0,0.134823
SYN-01526,development,68,0.1516,32,0,0.8109,5,1469.47,0,0,0.112566
SYN-01527,development,13,-0.0297,41,0,1.0416,2,301.04,0,0,0.134391
SYN-01528,development,8,-0.2629,38,0,0.9426,0,2786.61,1,91,0.162948
SYN-01529,development,36,-0.5727,36,0,0.9183,0,829.49,0,0,0.215924
SYN-01530,development,78,-0.3851,15,1,0.9093,1,1097.12,0,0,0.224119
SYN-01531,development,37,-0.3998,32,0,0.833,0,362.77,1,92,0.180703
SYN-01532,development,26,0.0354,36,1,0.9737,0,3551.45,1,94,0.183822
SYN-01533,development,5,-0.0598,55,0,1.1815,0,867.27,1,95,0.132347
SYN-01534,development,57,0.3321,38,1,0.9058,0,4481.37,0,0,0.121361
SYN-01535,development,49,-0.5299,44,0,0.715,0,707.07,1,78,0.250963
SYN-01536,development,40,-0.4291,4,0,1.0711,1,630.77,0,0,0.114304
SYN-01537,development,49,0.0015,22,0,0.8879,1,1064.67,1,110,0.092779
SYN-01538,development,12,-0.2955,28,0,0.9576,0,3653.8,1,43,0.144474
SYN-01539,development,44,-0.1138,21,0,0.8771,0,1996.46,0,0,0.101185
SYN-01540,development,49,-0.0996,1,0,0.8987,3,2184.36,0,0,0.090313
SYN-01541,development,30,-0.1867,19,0,0.8785,1,583.48,0,0,0.12478
SYN-01542,development,69,-0.2931,3,0,0.5799,0,3347.91,0,0,0.116834
SYN-01543,development,3,0.2262,32,1,0.9623,0,843.05,0,0,0.158452
SYN-01544,development,48,-0.6018,41,0,0.9728,2,3108.85,0,0,0.237869
SYN-01545,development,68,-0.0729,17,0,0.8009,1,1593.08,0,0,0.095156
SYN-01546,development,45,0.1531,25,0,0.9007,3,264.13,0,0,0.092204
SYN-01547,development,83,-0.5067,1,0,1.25,0,1987.75,0,0,0.079777
SYN-01548,development,15,0.1719,5,1,1.1849,1,1829.95,0,0,0.100547
SYN-01549,development,58,0.1653,53,1,0.7592,0,1443.69,0,0,0.207956
SYN-01550,development,33,0.1926,42,1,0.8958,0,839.37,1,134,0.175427
SYN-01551,development,8,0.1753,42,0,0.7156,4,1289.34,1,116,0.159276
SYN-01552,development,81,0.2834,33,0,0.8565,2,367.28,0,0,0.071864
SYN-01553,development,4,0.3233,35,0,0.7574,4,2725.72,0,0,0.116786
SYN-01554,development,83,0.3363,14,0,1.1367,0,1393.39,0,0,0.033524
SYN-01555,development,57,-0.1098,31,1,0.9696,3,825.31,0,0,0.228108
SYN-01556,development,9,0.1518,74,1,0.9785,2,1024.1,1,97,0.299202
SYN-01557,development,71,0.377,54,0,0.8585,1,1552.25,0,0,0.079964
SYN-01558,development,46,0.1085,26,0,0.7728,0,6375.14,0,0,0.082751
SYN-01559,development,64,-0.341,28,0,0.9528,0,1698.19,0,0,0.128484
SYN-01560,development,76,-0.1041,31,0,0.9714,0,1724.93,0,0,0.092113
SYN-01561,development,76,-0.3319,36,0,0.8555,1,1994.9,0,0,0.154594
SYN-01562,development,2,0.5025,21,0,0.7299,3,478.45,0,0,0.076443
SYN-01563,development,50,-0.1315,34,1,0.8812,0,2968.9,0,0,0.216503
SYN-01564,development,36,0.0387,21,0,0.8781,0,2409.79,0,0,0.085004
SYN-01565,development,42,0.1929,34,0,0.9335,1,1626.6,0,0,0.082649
SYN-01566,development,73,0.1136,38,0,1.0052,3,417.65,0,0,0.093228
SYN-01567,development,48,-0.3026,9,0,0.9387,0,6121.29,0,0,0.09778
SYN-01568,development,63,-0.1723,39,0,0.8008,0,976.28,0,0,0.137499
SYN-01569,development,82,0.1973,32,0,1.0473,0,1337.21,0,0,0.056925
SYN-01570,development,3,-0.1169,29,0,0.8715,0,2759.6,0,0,0.131863
SYN-01571,development,54,0.0597,10,0,0.8313,1,4330.31,0,0,0.072289
SYN-01572,development,11,0.1015,28,0,0.7445,1,9376.95,0,0,0.104508
SYN-01573,development,47,-0.1248,32,0,0.9712,6,6799.84,0,0,0.15075
SYN-01574,development,4,0.6661,65,0,0.8888,2,3298.0,0,0,0.084704
SYN-01575,development,51,0.1421,6,0,1.0432,2,2224.44,0,0,0.05641
SYN-01576,development,27,-0.114,53,0,1.0633,0,752.83,0,0,0.140403
SYN-01577,development,29,-0.321,11,0,0.898,0,1798.73,0,0,0.121638
SYN-01578,development,32,0.3384,52,0,0.8107,0,1179.75,0,0,0.09425
SYN-01579,development,46,-0.1797,29,0,1.0315,1,2831.74,0,0,0.111996
SYN-01580,development,66,0.207,24,0,0.8886,0,284.98,0,0,0.063428
SYN-01581,development,3,-0.6219,1,0,1.0603,1,1097.41,1,103,0.162507
SYN-01582,development,30,0.0267,10,1,1.0049,1,1957.38,0,0,0.141731
SYN-01583,development,82,0.4965,1,0,0.805,0,895.8,0,0,0.031007
SYN-01584,development,64,0.2147,3,0,0.9929,0,875.42,0,0,0.042791
SYN-01585,development,12,0.0676,43,0,0.9638,0,8289.37,0,0,0.103019
SYN-01586,development,34,0.1116,11,0,1.1329,2,3382.51,0,0,0.061256
SYN-01587,development,31,0.1783,3,0,1.0797,1,1070.21,0,0,0.05129
SYN-01588,development,56,-0.5077,23,0,1.0312,3,1200.83,0,0,0.175223
SYN-01589,development,30,0.0247,13,0,0.921,0,1177.19,0,0,0.078134
SYN-01590,development,71,0.0956,35,0,0.9285,6,1082.98,0,0,0.120482
SYN-01591,development,53,-0.1545,16,0,0.8449,0,3427.96,0,0,0.097357
SYN-01592,development,21,0.3124,46,0,0.9314,4,885.04,0,0,0.111989
SYN-01593,development,3,0.2408,46,0,0.973,0,993.26,0,0,0.096803
SYN-01594,development,41,-0.136,23,0,0.8185,0,964.46,0,0,0.115418
SYN-01595,development,2,-0.271,35,0,0.9372,0,927.28,1,86,0.166862
SYN-01596,development,77,0.2522,35,1,0.6649,2,2895.18,0,0,0.170263
SYN-01597,development,63,0.0715,35,0,0.5026,0,2866.36,0,0,0.121178
SYN-01598,development,12,0.0093,1,1,0.8166,1,1328.25,0,0,0.164009
SYN-01599,development,62,0.4376,49,0,0.5621,3,385.53,0,0,0.109104
SYN-01600,development,26,0.2689,52,0,0.9994,1,2266.96,0,0,0.094463
SYN-01601,development,33,-0.1644,17,1,0.5515,0,957.06,0,0,0.258979
SYN-01602,development,60,-0.1202,25,0,0.7662,6,2196.16,1,85,0.164515
SYN-01603,development,32,0.1939,26,0,1.0999,2,9062.29,0,0,0.064452
SYN-01604,development,22,-0.5436,14,0,1.0401,3,1593.24,0,0,0.184363
SYN-01605,development,43,-0.4157,29,1,0.7993,0,8266.29,0,0,0.286756
SYN-01606,development,40,-0.0095,10,1,0.8617,1,1131.48,0,0,0.162418
SYN-01607,development,73,-0.2509,36,1,0.9525,1,1685.08,0,0,0.238085
SYN-01608,development,14,0.0815,42,1,0.8291,0,1383.53,0,0,0.223988
SYN-01609,development,71,-0.0766,14,0,0.9323,4,1072.45,0,0,0.100082
SYN-01610,development,54,0.3923,1,0,0.7043,9,682.82,0,0,0.085152
SYN-01611,development,79,-0.2651,5,0,0.8153,9,917.64,0,0,0.16954
SYN-01612,development,22,0.0596,54,0,0.8169,2,327.31,0,0,0.164515
SYN-01613,development,78,-0.3121,9,0,1.0492,1,2656.73,0,0,0.089014
SYN-01614,development,18,-0.487,9,0,0.9028,0,1939.43,0,0,0.151644
SYN-01615,development,15,0.4848,40,0,0.9859,8,1524.67,0,0,0.105489
SYN-01616,development,82,-0.3674,57,0,0.9305,0,1284.9,0,0,0.180553
SYN-01617,development,81,0.5483,6,0,0.813,0,814.39,0,0,0.030842
SYN-01618,development,38,-0.2707,46,1,0.9394,0,1683.5,0,0,0.289935
SYN-01619,development,26,0.7054,22,0,0.7461,3,1979.92,0,0,0.051239
SYN-01620,development,81,0.005,39,0,0.8365,0,1965.72,1,103,0.097551
SYN-01621,development,65,0.0058,19,0,1.1582,1,3820.44,0,0,0.062447
SYN-01622,development,24,-0.0256,23,0,0.7538,0,1189.27,0,0,0.113108
SYN-01623,development,33,0.2967,1,0,0.806,1,4694.04,0,0,0.051625
SYN-01624,development,76,0.4459,12,0,0.7295,1,1872.31,0,0,0.045347
SYN-01625,development,35,-0.9136,18,0,0.7188,1,2801.07,0,0,0.30892
SYN-01626,development,34,-0.0906,1,0,0.8454,0,1500.13,0,0,0.081548
SYN-01627,development,20,-0.32,52,0,1.0409,2,2143.15,1,67,0.207302
SYN-01628,development,57,-0.6071,29,0,0.6218,2,1380.93,1,56,0.269235
SYN-01629,development,75,-0.1794,36,0,0.9707,1,1594.66,0,0,0.116753
SYN-01630,development,74,-0.3728,36,0,0.7629,1,3605.31,1,13,0.173219
SYN-01631,development,48,0.0112,36,0,0.8064,0,826.8,1,116,0.110968
SYN-01632,development,55,0.0609,34,0,0.9803,0,394.48,0,0,0.084812
SYN-01633,development,24,-0.2658,51,0,0.8323,6,1889.24,0,0,0.281373
SYN-01634,development,8,-0.2242,15,0,0.8404,5,1824.9,0,0,0.178499
SYN-01635,development,70,-0.0528,36,0,1.0371,0,2113.28,0,0,0.088348
SYN-01636,development,29,-0.18,44,0,0.9552,2,806.56,0,0,0.168524
SYN-01637,development,78,0.1971,1,0,0.7097,0,1989.46,0,0,0.051578
SYN-01638,development,58,0.4509,23,0,0.9059,1,2388.51,0,0,0.047608
SYN-01639,development,79,0.3853,22,0,0.7128,0,1208.63,0,0,0.05321
SYN-01640,development,24,-0.2276,1,0,0.6638,2,349.73,0,0,0.1384
SYN-01641,development,60,0.0946,54,0,0.9723,1,1663.11,0,0,0.109387
SYN-01642,development,21,-0.1319,4,0,0.6728,0,1525.95,0,0,0.110095
SYN-01643,development,18,-0.2338,3,0,0.961,2,1543.85,0,0,0.11162
SYN-01644,development,81,-0.6839,29,0,0.8737,1,2475.35,0,0,0.20809
SYN-01645,development,50,0.0709,28,0,1.0902,0,8196.38,0,0,0.064168
SYN-01646,development,11,0.0809,46,0,0.9582,1,413.64,0,0,0.125867
SYN-01647,development,10,-0.2102,16,1,0.9856,0,1347.48,1,88,0.209378
SYN-01648,development,31,-0.3485,25,0,0.933,1,1435.79,0,0,0.15478
SYN-01649,development,28,0.0326,37,0,1.0262,0,1207.67,0,0,0.097139
SYN-01650,development,14,0.0525,4,1,0.7724,1,1725.96,0,0,0.165251
SYN-01651,development,61,0.0242,15,0,0.7485,4,1866.68,0,0,0.107799
SYN-01652,development,83,-0.7112,52,0,0.9773,3,1941.5,0,0,0.285611
SYN-01653,development,27,-0.0489,57,0,0.8231,2,4770.53,0,0,0.179685
SYN-01654,development,22,-0.0856,34,0,1.126,3,560.91,1,99,0.126361
SYN-01655,development,59,0.1796,21,0,0.9797,0,10167.2,0,0,0.052196
SYN-01656,development,62,-0.3468,2,0,0.7697,1,2031.35,0,0,0.117231
SYN-01657,development,63,-0.3457,20,0,0.7324,6,1768.55,1,62,0.20688
SYN-01658,development,66,0.1055,35,0,0.8495,3,1399.17,0,0,0.1057
SYN-01659,development,20,-0.4245,1,0,1.1196,0,5432.55,0,0,0.09961
SYN-01660,development,34,-0.3171,7,0,0.7213,1,2883.05,0,0,0.138447
SYN-01661,development,67,-0.1265,9,0,1.029,0,1836.37,0,0,0.06981
SYN-01662,development,69,0.2038,1,0,0.9181,0,5243.03,0,0,0.041731
SYN-01663,development,54,-0.318,48,0,0.6299,3,337.04,0,0,0.259697
SYN-01664,development,78,-0.0211,18,0,0.9247,0,1859.78,0,0,0.071716
SYN-01665,development,55,-0.2229,7,1,0.9682,0,781.94,0,0,0.165492
SYN-01666,development,72,0.5243,64,0,1.059,3,1197.7,0,0,0.071958
SYN-01667,development,8,0.1407,37,0,1.0816,0,1657.47,0,0,0.086517
SYN-01668,development,38,-0.1721,14,0,1.0261,2,1428.53,0,0,0.103526
SYN-01669,development,72,-0.3085,1,0,0.8189,1,4093.67,0,0,0.098594
SYN-01670,development,50,0.0198,1,0,0.8104,1,1377.73,1,119,0.073001
SYN-01671,development,33,0.1572,1,0,0.8839,9,617.8,0,0,0.107714
SYN-01672,development,29,-0.0816,18,0,0.8924,1,5087.24,0,0,0.100633
SYN-01673,development,30,-0.1976,59,0,0.8048,0,771.54,1,88,0.203677
SYN-01674,development,31,-0.1295,14,0,1.0935,2,960.73,0,0,0.095495
SYN-01675,development,32,-0.1812,14,0,0.843,0,1305.53,0,0,0.110182
SYN-01676,development,61,-0.5339,25,0,0.9599,1,362.39,0,0,0.171504
SYN-01677,development,20,0.2229,9,0,1.1184,2,1674.06,0,0,0.056422
SYN-01678,development,37,0.4619,43,0,1.1242,2,937.88,0,0,0.060271
SYN-01679,development,81,0.1524,5,0,0.8722,3,564.28,0,0,0.062218
SYN-01680,development,61,-0.5486,24,0,0.642,0,2237.79,0,0,0.204452
SYN-01681,development,77,-0.0383,23,0,0.9284,0,500.51,0,0,0.079966
SYN-01682,development,81,0.0641,59,0,0.8579,1,1214.94,0,0,0.123838
SYN-01683,development,33,-0.1824,25,1,0.8346,1,2482.6,0,0,0.243179
SYN-01684,development,81,0.097,1,1,0.7112,2,1466.9,0,0,0.131218
SYN-01685,development,49,-0.0016,43,0,0.9959,1,2641.04,0,0,0.108769
SYN-01686,development,44,-0.0453,36,0,0.8987,0,764.25,1,112,0.111949
SYN-01687,development,57,0.0133,14,1,0.8983,0,1281.52,0,0,0.140934
SYN-01688,development,20,-0.1406,15,0,0.7929,0,6370.22,0,0,0.108697
SYN-01689,development,62,-0.3434,18,0,0.798,0,461.28,0,0,0.132964
SYN-01690,development,81,-0.2746,20,0,0.9479,1,1122.91,0,0,0.107834
SYN-01691,development,36,-0.1075,1,1,0.8003,4,903.98,1,95,0.211403
SYN-01692,development,71,-0.5075,23,0,0.7448,0,180.0,1,49,0.17522
SYN-01693,development,42,-0.5484,14,0,0.7824,0,1560.22,1,79,0.175784
SYN-01694,development,27,0.2969,31,0,1.0742,0,2700.73,0,0,0.059298
SYN-01695,development,2,-0.2354,17,0,0.9556,0,1761.37,1,74,0.124668
SYN-01696,development,38,-0.3945,28,0,1.0684,1,2747.05,0,0,0.145278
SYN-01697,development,42,-0.2512,1,0,0.9637,1,1747.18,0,0,0.093767
SYN-01698,development,12,-0.2766,29,1,0.7564,0,1574.26,1,79,0.303234
SYN-01699,development,65,-0.1476,35,1,1.0887,0,1646.48,0,0,0.182219
SYN-01700,development,55,-0.4268,29,0,1.2337,1,967.51,0,0,0.12735
SYN-01701,development,13,-0.2126,64,1,1.103,1,1037.22,1,65,0.335482
SYN-01702,development,41,0.0476,38,0,0.8299,1,925.74,0,0,0.11695
SYN-01703,development,64,-0.1513,1,1,1.0171,2,1163.52,1,114,0.148049
SYN-01704,development,45,-0.4453,78,1,0.8241,1,2221.28,1,32,0.492057
SYN-01705,development,12,0.0556,2,0,1.0648,2,2094.26,0,0,0.069662
SYN-01706,development,40,0.2218,14,1,1.1068,0,300.69,0,0,0.097588
SYN-01707,development,51,-0.5108,40,0,0.9084,0,1403.22,0,0,0.199652
SYN-01708,development,8,0.167,15,0,0.9797,1,258.71,0,0,0.074873
SYN-01709,development,27,-0.194,55,0,1.0182,0,3590.29,0,0,0.159189
SYN-01710,development,42,-0.0449,49,0,1.0084,0,823.06,0,0,0.120827
SYN-01711,development,40,0.0587,1,1,0.8732,1,1605.71,0,0,0.131574
SYN-01712,development,47,0.0352,57,0,1.0043,0,3699.05,0,0,0.114385
SYN-01713,development,20,-0.3613,22,0,0.8831,5,823.51,1,83,0.212723
SYN-01714,development,10,-0.2708,15,0,1.0734,2,1847.79,0,0,0.127075
SYN-01715,development,78,-0.2822,35,0,0.9166,2,898.6,0,0,0.146487
SYN-01716,development,47,-0.0143,1,1,0.8696,1,650.55,0,0,0.142431
SYN-01717,development,56,0.1504,59,0,0.91,4,1316.66,0,0,0.142776
SYN-01718,development,52,-0.3655,37,0,0.8276,1,4739.68,0,0,0.1765
SYN-01719,development,8,0.0936,33,0,0.9613,3,438.04,0,0,0.121266
SYN-01720,development,33,0.026,36,1,0.9397,1,6443.53,0,0,0.19134
SYN-01721,development,31,0.2234,21,0,1.1187,9,476.68,0,0,0.104986
SYN-01722,development,63,0.0211,80,0,0.7853,1,997.74,0,0,0.192167
SYN-01723,development,47,-0.0357,11,0,0.9211,0,1126.75,0,0,0.076894
SYN-01724,development,22,0.1993,1,0,0.9839,1,1656.41,0,0,0.054663
SYN-01725,development,56,0.1089,1,0,1.0798,5,3314.39,0,0,0.06378
SYN-01726,development,32,-0.3406,21,1,0.7714,0,392.49,0,0,0.280498
SYN-01727,development,61,0.0573,22,0,0.7505,1,8013.49,0,0,0.084523
SYN-01728,development,55,-0.4524,31,1,0.9199,0,3384.26,0,0,0.282826
SYN-01729,development,84,-0.4301,18,0,1.0591,4,448.44,0,0,0.14181
SYN-01730,development,30,-0.2154,1,0,0.7924,2,2321.85,0,0,0.11615
SYN-01731,development,57,0.1801,1,0,1.1671,6,2077.37,0,0,0.058096
SYN-01732,development,57,-0.3609,1,0,0.8632,2,1829.83,0,0,0.118888
SYN-01733,development,55,-0.3817,7,1,1.0397,2,720.24,0,0,0.213435
SYN-01734,development,34,-0.4153,1,0,0.8159,0,2773.57,0,0,0.125649
SYN-01735,development,81,-0.2687,40,0,0.7486,2,611.06,0,0,0.174529
SYN-01736,development,4,-0.2301,23,1,0.8915,1,703.61,0,0,0.270242
SYN-01737,development,27,0.2522,15,1,1.0928,0,714.48,0,0,0.100882
SYN-01738,development,52,-0.0271,29,0,1.0128,0,2467.34,0,0,0.085359
SYN-01739,development,57,-0.3711,1,0,0.7937,1,2238.88,0,0,0.118982
SYN-01740,development,34,0.3974,18,1,1.0128,1,1036.72,0,0,0.096544
SYN-01741,development,30,-0.2353,49,0,1.1468,0,2601.57,0,0,0.139842
SYN-01742,development,25,-0.3221,67,0,1.1068,0,1686.61,0,0,0.204871
SYN-01743,development,81,-0.4064,13,0,0.9319,3,305.89,0,0,0.136819
SYN-01744,development,69,-0.1878,26,0,0.842,2,5379.5,0,0,0.121275
SYN-01745,development,36,-0.3297,53,1,0.7597,3,1130.98,1,48,0.428965
SYN-01746,development,10,-0.0937,17,0,0.8184,1,1682.74,0,0,0.121541
SYN-01747,development,3,0.0033,1,1,1.0503,0,1009.98,0,0,0.132233
SYN-01748,development,45,-0.3091,32,0,1.1761,0,2374.04,0,0,0.114337
SYN-01749,development,11,-0.2643,29,0,0.9927,1,1885.07,0,0,0.149664
SYN-01750,development,21,0.4265,43,0,0.9294,2,636.94,0,0,0.081171
SYN-01751,development,67,-0.2305,43,0,0.6607,2,4506.08,0,0,0.18643
SYN-01752,development,48,0.0488,6,0,1.1767,0,1020.66,0,0,0.050462
SYN-01753,development,77,0.0689,49,0,1.0571,2,3259.14,0,0,0.096284
SYN-01754,development,77,0.0199,21,0,0.6647,0,3207.17,0,0,0.088192
SYN-01755,development,77,-0.2429,42,0,0.9653,5,785.77,0,0,0.177773
SYN-01756,development,61,0.1678,6,1,0.7333,2,2370.48,0,0,0.134053
SYN-01757,development,73,0.3865,15,0,1.0147,0,5765.65,0,0,0.034934
SYN-01758,development,5,-0.2329,26,0,0.8694,0,2165.0,0,0,0.147088
SYN-01759,development,83,-0.0522,29,0,0.9455,0,2848.4,0,0,0.082041
SYN-01760,development,19,-0.1155,65,0,1.0329,0,592.69,0,0,0.172397
SYN-01761,development,5,-0.2174,2,0,1.0121,2,1450.53,0,0,0.108842
SYN-01762,development,11,-0.2321,54,0,0.8357,2,1226.54,0,0,0.234401
SYN-01763,development,41,-0.3725,1,0,0.6588,0,1310.24,0,0,0.135016
SYN-01764,development,52,0.151,1,0,0.9274,0,2365.06,0,0,0.049869
SYN-01765,development,40,-0.0428,17,0,0.6987,2,1558.12,0,0,0.120092
SYN-01766,development,33,0.704,12,1,0.9019,0,2809.61,0,0,0.059743
SYN-01767,development,49,0.0477,44,0,0.9588,0,1855.33,0,0,0.100759
SYN-01768,development,52,0.4234,36,0,0.8257,0,518.2,0,0,0.06228
SYN-01769,development,26,-0.3872,1,0,0.5676,5,872.65,0,0,0.215851
SYN-01770,development,41,-0.2321,29,0,0.9447,1,633.64,0,0,0.135408
SYN-01771,development,34,-0.4016,32,0,0.9809,0,1033.15,0,0,0.160961
SYN-01772,development,50,-0.1128,42,0,0.8804,0,1226.61,0,0,0.129807
SYN-01773,development,30,0.0367,17,1,0.9485,0,1309.81,0,0,0.1511
SYN-01774,development,56,-0.0031,41,0,1.0083,0,1572.77,0,0,0.096695
SYN-01775,development,35,-0.2199,24,1,0.6828,1,547.36,1,69,0.28369
SYN-01776,development,41,0.0154,1,0,0.8408,1,1398.95,1,104,0.074148
SYN-01777,development,52,0.0807,41,1,0.8098,1,3923.66,0,0,0.202644
SYN-01778,development,82,0.1555,1,0,0.7395,1,296.92,0,0,0.057464
SYN-01779,development,36,-0.1336,1,0,0.9668,0,890.08,0,0,0.07736
SYN-01780,development,41,-0.2497,49,0,0.8386,2,3303.2,0,0,0.197935
SYN-01781,development,5,-0.0507,1,0,0.8452,0,2415.12,0,0,0.086171
SYN-01782,development,80,-0.2614,1,0,0.776,1,1417.32,0,0,0.096575
SYN-01783,development,24,-0.2383,18,0,0.885,0,809.12,0,0,0.124963
SYN-01784,development,15,-0.0337,10,0,0.8936,1,5307.09,0,0,0.089818
SYN-01785,development,59,-0.222,1,0,1.0526,1,3078.58,0,0,0.076205
SYN-01786,development,18,0.0838,45,0,1.1202,2,642.86,0,0,0.111553
SYN-01787,development,75,-0.4879,21,1,1.0495,0,687.56,0,0,0.231229
SYN-01788,development,45,0.1237,1,1,0.7065,2,783.45,0,0,0.147887
SYN-01789,development,9,-0.6941,1,1,0.9501,4,805.03,1,61,0.380092
SYN-01790,development,76,0.2215,1,0,0.718,2,1541.42,0,0,0.058039
SYN-01791,development,37,0.079,38,0,1.1437,1,1307.77,0,0,0.08596
SYN-01792,development,5,-0.061,23,0,0.938,0,3324.07,0,0,0.105749
SYN-01793,development,56,0.1856,48,0,0.9302,2,557.21,0,0,0.103113
SYN-01794,development,46,-0.2823,1,0,0.7964,2,495.97,0,0,0.121127
SYN-01795,development,32,-0.0331,51,0,0.7811,2,2014.4,0,0,0.172444
SYN-01796,development,52,-0.0706,36,0,0.8574,4,891.29,1,109,0.151087
SYN-01797,development,64,-0.1578,13,0,0.8467,0,945.16,0,0,0.092763
SYN-01798,development,82,0.3984,32,0,1.0619,2,2314.22,0,0,0.048555
SYN-01799,development,24,-0.367,45,0,0.757,2,5203.31,0,0,0.239212
SYN-01800,development,7,0.01,23,0,0.6851,3,3554.31,1,105,0.145289
SYN-01801,development,58,0.3073,41,0,0.7112,2,912.45,0,0,0.096321
SYN-01802,development,4,0.0121,8,0,1.0364,1,2053.63,0,0,0.079142
SYN-01803,development,50,-0.4606,25,0,0.9716,2,545.65,0,0,0.172296
SYN-01804,development,32,0.2664,67,0,0.936,0,1632.09,0,0,0.111768
SYN-01805,development,54,-0.2903,25,1,0.6297,3,2084.76,0,0,0.328892
SYN-01806,development,4,0.2942,1,0,0.9561,0,1144.17,0,0,0.049833
SYN-01807,development,38,0.2686,36,0,0.9323,1,820.39,0,0,0.078936
SYN-01808,development,76,0.1584,49,0,0.8514,1,589.31,0,0,0.099835
SYN-01809,development,23,-0.233,21,1,0.9858,5,1190.18,0,0,0.28934
SYN-01810,development,21,-0.1642,26,0,1.1489,1,2964.45,0,0,0.105212
SYN-01811,development,82,-0.3814,1,0,0.7061,0,1278.02,0,0,0.111427
SYN-01812,development,48,0.0753,71,0,0.9754,2,1252.93,0,0,0.155652
SYN-01813,development,55,0.0699,37,0,0.8026,4,917.81,0,0,0.132895
SYN-01814,development,70,-0.4351,27,1,0.8217,0,3051.6,1,92,0.273027
SYN-01815,development,33,-0.172,18,0,1.0652,0,1021.83,0,0,0.094151
SYN-01816,development,5,-0.2089,18,0,0.926,4,502.53,1,80,0.163373
SYN-01817,development,20,0.335,36,0,0.7348,1,1089.16,0,0,0.092701
SYN-01818,development,13,-0.2514,24,0,1.018,0,1851.99,1,69,0.125908
SYN-01819,development,56,0.0225,1,0,0.8406,0,508.8,0,0,0.065018
SYN-01820,development,13,-0.3526,47,0,1.028,0,3487.44,0,0,0.183323
SYN-01821,development,58,0.2051,1,1,1.0255,1,1465.11,0,0,0.088738
SYN-01822,development,74,-0.1711,26,0,0.8002,0,2153.96,0,0,0.109941
SYN-01823,development,41,0.2214,1,0,0.9979,1,1339.89,0,0,0.048449
SYN-01824,development,7,-0.1603,38,0,0.8055,3,1732.16,0,0,0.197648
SYN-01825,development,84,-0.388,1,0,0.8177,0,2853.11,1,74,0.09896
SYN-01826,development,16,0.3205,1,0,0.879,2,2407.91,0,0,0.055704
SYN-01827,development,12,0.2237,46,0,0.8516,4,1022.32,0,0,0.138893
SYN-01828,development,48,0.2538,42,0,0.9322,1,329.87,0,0,0.084155
SYN-01829,development,45,0.0706,21,1,1.0816,3,1103.36,0,0,0.156472
SYN-01830,development,75,-0.1923,20,0,1.1324,0,1018.67,1,106,0.078552
SYN-01831,development,22,0.1377,39,0,0.7351,2,1379.52,1,91,0.13137
SYN-01832,development,59,-0.2198,43,0,0.7355,1,1081.88,1,65,0.174738
SYN-01833,development,32,-0.5225,34,0,0.7344,0,3129.91,0,0,0.226923
SYN-01834,development,48,0.0761,30,0,0.6843,3,1613.48,0,0,0.127469
SYN-01835,development,50,-0.1055,8,0,1.25,0,4776.75,0,0,0.056323
SYN-01836,development,64,-0.1384,19,1,1.1461,5,4210.08,0,0,0.18959
SYN-01837,development,65,-0.294,38,0,1.1846,3,1118.48,1,70,0.137727
SYN-01838,development,72,-0.153,28,0,1.025,0,3534.55,0,0,0.089346
SYN-01839,development,69,0.0179,28,0,0.9864,2,676.27,0,0,0.089214
SYN-01840,development,62,0.3826,65,0,1.0714,3,2774.61,0,0,0.0889
SYN-01841,development,58,-0.3744,70,0,0.8399,2,1410.06,1,80,0.275528
SYN-01842,development,82,0.2314,13,0,0.8816,3,1346.18,0,0,0.060782
SYN-01843,development,75,0.1645,19,0,0.7951,0,899.29,0,0,0.065371
SYN-01844,development,31,0.3046,11,1,0.6858,0,1772.77,0,0,0.124172
SYN-01845,development,32,-0.0924,70,0,1.0696,2,2735.61,0,0,0.181813
SYN-01846,development,60,-0.1589,2,0,0.8033,2,342.06,0,0,0.098457
SYN-01847,development,39,-0.0624,27,0,0.9062,3,884.5,0,0,0.12642
SYN-01848,development,24,0.0945,24,0,0.9961,2,1472.07,0,0,0.09034
SYN-01849,development,60,0.2007,55,0,1.0559,3,578.99,0,0,0.104303
SYN-01850,development,70,0.1235,28,0,1.0145,2,893.66,0,0,0.07502
SYN-01851,development,19,0.1036,16,0,0.853,3,2042.87,0,0,0.09921
SYN-01852,development,68,-0.3386,31,0,1.0949,0,1919.13,0,0,0.115457
SYN-01853,development,15,-0.1229,14,1,1.0008,0,2534.83,0,0,0.176641
SYN-01854,development,57,-0.1535,23,0,0.8339,2,2682.49,0,0,0.122256
SYN-01855,development,7,-0.1605,1,1,0.99,2,227.23,0,0,0.191833
SYN-01856,development,77,0.015,31,1,1.1328,5,981.99,0,0,0.182275
SYN-01857,development,74,0.0954,20,0,0.8851,3,3138.65,0,0,0.080654
SYN-01858,development,17,-0.4642,51,0,0.9371,0,806.47,1,11,0.238029
SYN-01859,development,76,-0.0951,29,1,0.8233,2,760.15,0,0,0.216486
SYN-01860,development,39,-0.05,10,0,0.6423,2,2351.49,0,0,0.115757
SYN-01861,development,73,0.3625,1,1,0.9956,2,1730.67,0,0,0.074223
SYN-01862,development,76,0.4658,1,1,0.879,4,6043.77,0,0,0.077073
SYN-01863,development,62,-0.7072,42,1,0.5831,0,2026.83,1,46,0.47943
SYN-01864,development,15,-0.5825,60,0,0.8126,2,1009.81,0,0,0.358705
SYN-01865,development,76,0.3586,46,0,1.0518,0,3286.36,0,0,0.054876
SYN-01866,development,82,0.3593,42,0,0.9715,2,2088.49,0,0,0.064017
SYN-01867,development,21,0.0703,40,0,1.0701,0,2609.64,0,0,0.093371
SYN-01868,development,70,0.3986,1,1,0.7764,5,3818.85,0,0,0.104529
SYN-01869,development,22,0.0955,1,0,0.9111,2,646.28,0,0,0.073324
SYN-01870,development,67,0.1348,36,0,0.7749,2,900.73,0,0,0.10305
SYN-01871,development,49,-0.2308,2,0,0.7518,1,928.04,0,0,0.109626
SYN-01872,development,9,-0.3346,30,1,0.99,4,2799.22,0,0,0.340168
SYN-01873,development,82,-0.1183,20,0,0.9375,0,1416.59,0,0,0.082041
SYN-01874,development,58,0.2481,37,0,0.9889,0,1065.07,0,0,0.066669
SYN-01875,development,34,-0.1443,60,0,1.0932,1,1785.94,0,0,0.158785
SYN-01876,development,22,-0.0053,45,0,1.028,0,1435.05,0,0,0.115334
SYN-01877,development,29,-0.3308,13,1,1.0437,3,803.72,0,0,0.249191
SYN-01878,development,60,0.4242,7,0,0.8083,1,1864.25,0,0,0.043423
SYN-01879,development,76,0.0442,39,0,0.6686,2,1353.34,0,0,0.126555
SYN-01880,development,45,0.0261,46,0,1.1515,2,1310.46,0,0,0.105299
SYN-01881,development,72,0.1884,26,0,0.8888,0,3878.4,0,0,0.061988
SYN-01882,development,61,-0.5931,6,1,0.9481,0,2650.91,1,25,0.244178
SYN-01883,development,66,-0.6102,1,1,1.1734,1,300.17,0,0,0.212366
SYN-01884,development,35,0.0129,23,0,0.8741,0,386.19,0,0,0.093482
SYN-01885,development,76,0.1883,17,0,0.7848,0,1587.38,1,100,0.061349
SYN-01886,development,66,-0.0864,60,0,0.8177,1,1901.49,0,0,0.164322
SYN-01887,development,77,-0.3504,30,0,0.9056,0,2254.71,0,0,0.130956
SYN-01888,development,57,0.0209,7,0,0.9666,3,242.47,0,0,0.077778
SYN-01889,development,61,0.2459,1,0,0.7833,1,2085.14,0,0,0.052
SYN-01890,development,19,0.1915,3,0,0.8179,0,1612.98,0,0,0.06246
SYN-01891,development,25,0.2789,18,0,1.032,1,1229.64,0,0,0.058633
SYN-01892,development,51,0.263,2,1,1.0272,1,1374.29,0,0,0.085692
SYN-01893,development,32,-0.1224,31,0,0.8645,0,395.49,0,0,0.125916
SYN-01894,development,2,0.0915,29,0,0.9461,0,3996.23,0,0,0.093279
SYN-01895,development,12,-0.0011,61,1,0.757,1,1497.93,1,95,0.332986
SYN-01896,development,13,0.0704,6,0,1.0683,8,6945.8,0,0,0.101824
SYN-01897,development,79,-0.4612,41,0,0.9612,2,3372.49,0,0,0.18224
SYN-01898,development,57,-0.5271,40,0,0.728,1,2079.35,0,0,0.240894
SYN-01899,development,26,-0.0562,36,0,0.8626,1,5523.3,0,0,0.126562
SYN-01900,development,28,0.2736,3,0,0.8386,3,3498.73,0,0,0.063703
SYN-01901,development,17,-0.2361,4,0,0.8413,3,1721.07,0,0,0.134665
SYN-01902,development,56,-0.0919,48,0,1.1497,2,1580.89,0,0,0.120073
SYN-01903,development,58,0.114,17,0,0.959,3,944.98,0,0,0.077868
SYN-01904,development,82,-0.0123,1,0,1.0498,0,2604.87,0,0,0.048793
SYN-01905,development,50,-0.2956,1,0,0.8233,4,535.34,0,0,0.135288
SYN-01906,development,50,0.0999,1,0,0.9026,2,1476.68,0,0,0.064541
SYN-01907,development,68,0.3636,42,0,0.828,1,4717.49,0,0,0.069208
SYN-01908,development,38,0.5302,20,0,0.9884,1,2624.9,0,0,0.041156
SYN-01909,development,74,0.0021,1,0,1.2315,0,1791.34,0,0,0.042215
SYN-01910,development,70,0.1458,61,0,1.1391,0,847.68,1,75,0.087483
SYN-01911,development,63,-0.0241,15,0,0.9164,0,1110.42,0,0,0.075003
SYN-01912,development,42,0.2057,4,0,0.9527,3,1000.9,0,0,0.062164
SYN-01913,development,63,-0.1341,11,0,1.0722,0,2237.2,0,0,0.070423
SYN-01914,development,80,-0.0483,49,0,0.6431,0,767.51,0,0,0.142971
SYN-01915,development,57,0.3042,47,1,1.0341,3,1479.53,0,0,0.159366
SYN-01916,development,70,-0.1158,21,1,0.9766,0,411.81,1,116,0.16207
SYN-01917,development,43,-0.6009,14,0,0.8402,0,4588.67,0,0,0.171482
SYN-01918,development,13,0.0321,1,1,0.876,0,1474.43,0,0,0.141429
SYN-01919,development,42,0.2187,39,0,1.0703,4,745.6,0,0,0.094043
SYN-01920,development,47,0.4535,10,0,1.1346,4,2713.8,0,0,0.041571
SYN-01921,development,74,-0.3161,18,0,0.723,1,2846.57,1,105,0.135435
SYN-01922,development,15,-0.0842,43,0,0.9101,0,849.57,0,0,0.14246
SYN-01923,development,41,-0.2141,19,0,1.1656,1,2215.06,0,0,0.094077
SYN-01924,development,53,-0.0141,46,0,0.9719,1,8304.1,0,0,0.107172
SYN-01925,development,49,-0.0378,8,0,0.9336,0,1255.07,0,0,0.072512
SYN-01926,development,19,0.2278,46,0,0.9522,0,1726.62,1,128,0.093031
SYN-01927,development,38,-0.0511,16,0,0.9364,0,3125.22,0,0,0.083566
SYN-01928,development,51,0.4492,78,0,0.9177,1,3504.69,0,0,0.099831
SYN-01929,development,17,0.0978,34,0,0.8164,1,3252.05,0,0,0.11261
SYN-01930,development,82,-0.4578,40,0,0.8924,0,1914.88,0,0,0.168311
SYN-01931,development,15,0.0872,1,0,1.0198,0,3286.83,0,0,0.057779
SYN-01932,development,71,-0.1168,37,0,0.8094,1,459.13,0,0,0.129415
SYN-01933,development,15,-0.1478,11,0,0.8088,1,1551.61,0,0,0.119523
SYN-01934,development,12,0.1646,7,0,1.1534,2,3320.86,0,0,0.058213
SYN-01935,development,24,0.0746,19,1,1.0843,0,545.34,0,0,0.136135
SYN-01936,development,17,-0.4418,8,1,0.8847,0,682.14,1,75,0.263076
SYN-01937,development,45,0.0882,14,0,0.9828,4,886.0,0,0,0.085904
SYN-01938,development,18,0.236,39,0,1.055,2,1262.38,1,105,0.088912
SYN-01939,development,59,-0.0867,1,0,0.5355,0,739.06,1,73,0.097645
SYN-01940,development,47,-0.464,13,0,0.7783,1,633.04,0,0,0.166486
SYN-01941,development,40,0.1287,19,0,1.0167,2,936.45,0,0,0.074748
SYN-01942,development,42,-0.4025,21,0,0.9511,2,575.52,0,0,0.160382
SYN-01943,development,31,0.1278,34,0,0.7353,2,389.99,0,0,0.122102
SYN-01944,development,45,-0.0295,1,1,0.8255,0,5462.54,0,0,0.133794
SYN-01945,development,19,0.3148,12,1,1.0604,0,1852.3,0,0,0.093638
SYN-01946,development,51,0.0874,16,0,0.7821,0,1423.37,0,0,0.077445
SYN-01947,development,65,-0.0289,23,0,0.9363,6,775.37,0,0,0.123918
SYN-01948,development,45,0.0726,41,0,0.7637,1,390.4,0,0,0.123497
SYN-01949,development,50,-0.1719,36,0,0.7215,0,212.7,0,0,0.150382
SYN-01950,development,7,-0.3105,45,0,1.0089,0,888.85,0,0,0.182478
SYN-01951,development,2,-0.0062,2,0,0.8798,2,1271.73,0,0,0.094274
SYN-01952,development,17,0.0548,34,1,0.7724,1,308.19,0,0,0.234271
SYN-01953,development,56,-0.5149,37,0,0.9881,2,1462.28,0,0,0.201816
SYN-01954,development,54,0.0983,5,0,0.9112,0,2382.9,0,0,0.056969
SYN-01955,development,21,-0.2956,48,0,0.8631,0,519.69,0,0,0.199037
SYN-01956,development,25,0.1977,32,0,0.9671,0,2069.52,0,0,0.077142
SYN-01957,development,35,0.017,4,1,0.7211,2,1096.77,0,0,0.178438
SYN-01958,development,58,-0.0521,39,0,1.0023,1,545.31,0,0,0.108718
SYN-01959,development,77,-0.143,21,0,0.9967,3,1037.46,0,0,0.102871
SYN-01960,development,16,-0.3259,48,0,1.0484,1,874.8,1,77,0.191971
SYN-01961,development,28,-0.1664,48,0,0.7129,0,6160.96,0,0,0.175586
SYN-01962,development,80,-0.7545,37,0,0.7162,2,1107.22,0,0,0.296768
SYN-01963,development,49,-0.3986,24,0,0.7834,0,2217.28,0,0,0.159614
SYN-01964,development,71,-0.0804,37,0,0.8893,5,667.37,0,0,0.149905
SYN-01965,development,60,-0.2574,46,0,0.9849,3,375.62,1,90,0.176245
SYN-01966,development,39,0.4578,36,1,0.9147,0,1324.15,0,0,0.111885
SYN-01967,development,25,0.1325,63,0,0.9334,1,1926.63,0,0,0.138276
SYN-01968,development,60,0.3014,8,0,1.0656,2,2122.42,0,0,0.043904
SYN-01969,development,84,-0.4262,12,0,1.0165,3,1136.13,1,71,0.125989
SYN-01970,development,79,0.1973,37,1,0.943,0,1885.35,0,0,0.130512
SYN-01971,development,79,-0.1999,62,1,0.9293,0,2182.24,0,0,0.2786
SYN-01972,development,5,0.006,53,0,0.6985,4,1563.86,0,0,0.225589
SYN-01973,development,20,0.1473,49,0,0.956,3,2364.26,0,0,0.129451
SYN-01974,development,51,0.2065,68,0,1.0501,0,2583.49,0,0,0.101198
SYN-01975,development,74,-0.0462,48,0,0.792,1,4261.37,0,0,0.129774
SYN-01976,development,60,-0.0833,42,1,0.8158,0,1702.05,0,0,0.230913
SYN-01977,development,48,-0.2572,47,1,1.1558,0,1701.61,0,0,0.238703
SYN-01978,development,57,0.0989,5,0,1.0726,8,4745.9,0,0,0.082885
SYN-01979,development,27,0.0438,18,0,1.1101,3,232.88,1,103,0.086785
SYN-01980,development,84,-0.1481,31,0,0.7993,0,2271.32,0,0,0.109202
SYN-01981,development,44,-0.1287,26,0,0.9535,0,983.14,0,0,0.104253
SYN-01982,development,19,-0.254,38,0,0.9014,0,1307.07,0,0,0.162894
SYN-01983,development,79,-0.0724,42,0,0.7865,1,1395.17,0,0,0.127177
SYN-01984,development,18,0.1608,33,0,1.1492,4,2610.84,0,0,0.09415
SYN-01985,development,29,0.1561,49,1,1.1475,2,1073.37,0,0,0.186243
SYN-01986,development,45,0.2429,32,0,1.25,2,1245.52,0,0,0.059983
SYN-01987,development,36,-0.3355,16,0,0.982,0,437.44,0,0,0.121487
SYN-01988,development,59,-0.2836,36,0,0.9608,0,356.0,0,0,0.136075
SYN-01989,development,40,-0.2146,25,0,0.9015,0,2126.43,0,0,0.120466
SYN-01990,development,71,0.0348,24,0,1.0015,1,6285.78,0,0,0.069904
SYN-01991,development,74,-0.4441,31,0,0.8402,2,1408.1,1,73,0.182564
SYN-01992,development,45,0.0478,1,0,1.0089,5,828.69,1,131,0.08006
SYN-01993,development,81,-0.1971,50,0,1.0321,0,1200.23,0,0,0.12403
SYN-01994,development,54,0.1493,13,0,0.694,3,1963.83,0,0,0.089795
SYN-01995,development,83,0.5851,36,1,1.1515,0,787.91,0,0,0.064097
SYN-01996,development,55,-0.4016,28,0,1.1566,0,1333.99,1,58,0.121174
SYN-01997,development,64,-0.0956,1,0,0.7273,1,708.7,1,129,0.087413
SYN-01998,development,79,0.4299,3,0,1.1088,1,2048.65,0,0,0.028108
SYN-01999,development,24,-0.2872,77,0,0.7673,0,772.68,0,0,0.2869
SYN-02000,development,56,0.1075,1,0,0.9933,0,1602.03,0,0,0.049461
SYN-02001,development,31,0.0422,54,0,0.9349,1,2133.94,1,126,0.134729
SYN-02002,development,65,-0.0953,38,1,0.7412,7,1046.62,1,70,0.343389
SYN-02003,development,19,0.0708,10,0,1.2353,0,1869.99,0,0,0.054779
SYN-02004,development,67,0.0185,1,0,0.7668,1,2361.01,0,0,0.069914
SYN-02005,development,9,-0.1983,26,0,1.142,1,2573.95,0,0,0.116677
SYN-02006,development,71,-0.3115,6,0,0.8828,0,1214.06,0,0,0.097154
SYN-02007,development,12,0.1696,10,0,1.1113,0,550.69,0,0,0.056352
SYN-02008,development,72,0.7058,40,1,0.8057,6,495.36,0,0,0.125044
SYN-02009,development,70,-0.4181,1,0,0.842,0,3762.77,0,0,0.105347
SYN-02010,development,15,-0.0099,46,0,0.9964,6,1456.0,0,0,0.183093
SYN-02011,development,4,0.1316,63,0,0.9473,4,1166.56,0,0,0.181435
SYN-02012,development,18,-0.1047,66,0,0.8186,0,710.32,0,0,0.204889
SYN-02013,development,10,0.133,10,0,0.7528,2,356.35,0,0,0.095595
SYN-02014,development,66,0.0756,9,0,0.6122,5,2240.89,0,0,0.109897
SYN-02015,development,58,-0.0763,35,0,1.1251,1,490.29,0,0,0.09565
SYN-02016,development,66,-0.2205,1,0,0.977,4,4191.54,0,0,0.096065
SYN-02017,development,23,-0.1704,19,0,0.7181,2,1110.04,0,0,0.152763
SYN-02018,development,3,-0.1471,27,0,0.7828,0,1984.45,0,0,0.145443
SYN-02019,development,23,-0.1345,33,0,0.718,4,1175.68,0,0,0.195915
SYN-02020,development,39,-0.0407,29,0,0.6564,0,1400.58,0,0,0.127164
SYN-02021,development,59,0.6781,43,0,1.0263,0,2136.71,0,0,0.037907
SYN-02022,development,62,-0.3986,20,0,0.8452,0,2645.51,0,0,0.136486
SYN-02023,development,78,-0.5222,53,0,0.9016,5,1818.05,1,7,0.283976
SYN-02024,development,66,0.1004,49,0,0.7522,1,859.99,0,0,0.121773
SYN-02025,development,76,-0.1472,54,0,0.9861,5,1585.62,0,0,0.178649
SYN-02026,development,11,-0.1592,35,0,0.8143,0,323.43,0,0,0.156974
SYN-02027,development,20,-0.188,21,0,0.9435,0,799.23,0,0,0.117588
SYN-02028,development,48,-0.3357,5,0,1.101,0,1306.36,0,0,0.089423
SYN-02029,development,33,0.2304,23,0,0.7037,1,1413.75,0,0,0.087133
SYN-02030,development,32,0.5345,49,0,0.8978,0,750.97,0,0,0.064763
SYN-02031,development,74,-0.1671,50,0,0.9386,1,3503.61,0,0,0.137998
SYN-02032,development,5,-0.3916,24,1,0.8976,0,1035.33,0,0,0.302276
SYN-02033,development,33,-0.0548,9,0,0.9063,9,2047.97,0,0,0.15
SYN-02034,development,36,-0.1729,63,1,1.1154,4,2447.09,0,0,0.339995
SYN-02035,development,57,-0.2934,24,0,0.9711,3,2220.27,0,0,0.141122
SYN-02036,development,2,-0.1562,23,0,0.7924,0,1648.51,0,0,0.140028
SYN-02037,development,71,0.0241,8,0,0.9831,1,627.1,0,0,0.062895
SYN-02038,development,78,-0.0126,42,0,0.8809,0,926.73,0,0,0.102388
SYN-02039,development,56,-0.1973,13,1,0.4994,1,4072.63,0,0,0.252866
SYN-02040,development,18,0.2892,12,0,0.8322,1,876.08,0,0,0.066388
SYN-02041,development,8,0.2593,42,0,0.7962,3,638.62,1,100,0.126547
SYN-02042,development,56,0.4039,1,0,0.7882,0,434.54,0,0,0.040439
SYN-02043,development,57,0.4666,41,1,0.9678,0,2625.61,1,142,0.102898
SYN-02044,development,2,-0.0313,33,0,0.8171,3,1549.55,0,0,0.161609
SYN-02045,development,19,-0.158,1,0,0.7264,1,5059.46,1,105,0.10769
SYN-02046,development,52,0.1669,1,0,0.8025,0,1065.94,0,0,0.055831
SYN-02047,development,13,0.2773,27,0,0.9575,2,709.09,0,0,0.080729
SYN-02048,development,83,0.116,16,0,0.8682,0,931.18,0,0,0.060564
SYN-02049,development,46,-0.344,31,1,0.9503,6,546.34,0,0,0.359602
SYN-02050,development,15,0.0082,5,0,0.8886,0,4704.64,0,0,0.075086
SYN-02051,development,73,-0.001,2,0,0.8258,7,1753.53,0,0,0.103083
SYN-02052,development,39,-0.3064,53,0,1.0001,3,964.74,0,0,0.214379
SYN-02053,development,16,-0.0009,4,1,1.0208,0,819.82,0,0,0.134801
SYN-02054,development,25,0.1685,7,0,1.014,0,3601.24,0,0,0.053781
SYN-02055,development,32,-0.1556,23,0,0.7707,0,2274.47,0,0,0.125705
SYN-02056,development,26,-0.3895,1,0,1.2487,4,12677.95,1,71,0.099034
SYN-02057,development,35,-0.0426,21,1,1.068,0,4280.89,0,0,0.149613
SYN-02058,development,32,0.0001,36,0,0.7061,0,1140.6,0,0,0.130309
SYN-02059,development,43,0.4865,46,0,0.7996,1,3316.34,0,0,0.0719
SYN-02060,development,38,0.5062,31,0,0.8138,0,3298.89,0,0,0.05367
SYN-02061,development,4,-0.7073,34,0,1.1692,0,6584.56,0,0,0.212447
SYN-02062,development,39,0.0989,19,1,0.8829,1,439.31,0,0,0.15782
SYN-02063,development,80,-0.0382,13,0,0.9529,0,1416.92,0,0,0.06674
SYN-02064,development,77,-0.0353,21,0,0.942,0,1032.41,0,0,0.076059
SYN-02065,development,84,-0.1388,33,0,0.8086,0,2428.01,0,0,0.109566
SYN-02066,development,38,-0.2356,10,0,1.0407,1,1192.09,1,114,0.098743
SYN-02067,development,19,0.0193,25,0,1.1053,0,1670.6,0,0,0.081158
SYN-02068,development,79,0.223,10,0,0.9514,2,2548.1,0,0,0.05127
SYN-02069,development,19,-0.2583,5,0,0.7051,0,550.36,0,0,0.13006
SYN-02070,development,42,0.135,49,0,0.673,4,2027.57,0,0,0.164199
SYN-02071,development,52,-0.1886,32,1,0.9315,0,1181.03,1,66,0.220224
SYN-02072,development,53,-0.1181,45,0,0.754,1,888.77,0,0,0.15982
SYN-02073,development,8,0.28,27,0,0.7621,2,1424.89,0,0,0.096935
SYN-02074,development,13,-0.2929,4,0,0.9669,0,1360.33,1,83,0.108378
SYN-02075,development,70,-0.1405,35,0,0.7995,3,3253.94,0,0,0.144968
SYN-02076,development,50,-0.2,30,1,0.8823,6,374.6,0,0,0.321042
SYN-02077,development,80,0.0101,47,0,0.8191,1,335.24,1,59,0.119731
SYN-02078,development,72,-0.3766,46,0,0.9114,0,1246.4,0,0,0.168984
SYN-02079,development,45,-0.0779,41,0,1.1338,1,919.71,0,0,0.107756
SYN-02080,development,21,-0.3394,20,0,1.0923,1,3711.8,0,0,0.126976
SYN-02081,development,46,0.353,6,0,0.8551,0,1705.06,0,0,0.044777
SYN-02082,development,32,0.1418,26,0,1.0091,0,2205.63,0,0,0.071625
SYN-02083,development,70,0.4846,20,1,0.784,5,966.92,0,0,0.122933
SYN-02084,development,20,-0.2919,1,0,0.8728,2,1308.0,0,0,0.125929
SYN-02085,development,67,-0.1359,32,1,1.1091,1,8017.05,0,0,0.16687
SYN-02086,development,82,0.03,1,0,1.0918,3,398.82,0,0,0.056717
SYN-02087,development,72,0.0819,23,0,0.7711,0,1016.89,0,0,0.079643
SYN-02088,development,47,0.1411,10,0,1.0554,2,1256.09,0,0,0.060774
SYN-02089,development,30,0.0954,14,0,0.6909,1,613.97,0,0,0.095804
SYN-02090,development,67,-0.7401,16,0,0.8234,2,906.99,0,0,0.226257
SYN-02091,development,13,-0.0848,34,1,0.7507,3,6074.09,1,70,0.294336
SYN-02092,development,69,-0.2407,7,0,1.25,1,245.95,0,0,0.07045
SYN-02093,development,44,0.1677,6,0,0.8081,2,2876.61,0,0,0.069111
SYN-02094,development,52,0.0157,25,1,0.8569,0,1720.35,0,0,0.168563
SYN-02095,development,34,0.2358,29,1,0.7561,1,453.26,0,0,0.170514
SYN-02096,development,34,0.0899,43,0,1.25,1,954.21,0,0,0.08364
SYN-02097,development,70,-0.0373,23,0,0.9401,2,459.38,0,0,0.093582
SYN-02098,development,69,0.2182,31,0,0.9504,0,1263.65,1,63,0.063167
SYN-02099,development,82,0.0286,26,1,0.8831,1,3151.7,0,0,0.153616
SYN-02100,development,38,-0.0882,1,0,0.6891,1,1318.16,0,0,0.098864
SYN-02101,development,65,-0.0839,24,0,0.8557,0,1105.45,0,0,0.095768
SYN-02102,development,37,0.0171,53,0,0.8075,6,887.53,0,0,0.207665
SYN-02103,development,19,-0.1963,12,0,0.9165,0,322.94,0,0,0.109601
SYN-02104,development,64,0.6595,28,0,1.0075,1,3631.46,0,0,0.033167
SYN-02105,development,40,-0.5,39,0,0.8608,2,708.44,0,0,0.238859
SYN-02106,development,36,-0.1301,29,0,0.8822,1,801.16,0,0,0.127837
SYN-02107,development,77,0.1624,37,0,0.9453,1,737.33,0,0,0.077521
SYN-02108,development,53,-0.1695,30,0,0.8709,1,671.96,1,79,0.128691
SYN-02109,development,5,-0.2864,12,0,0.9328,1,2011.55,0,0,0.134111
SYN-02110,development,36,0.2392,66,0,0.9675,1,1684.76,0,0,0.116995
SYN-02111,development,24,0.0171,22,0,0.8459,0,793.79,0,0,0.097912
SYN-02112,development,42,0.1802,45,0,1.0,0,868.83,0,0,0.086184
SYN-02113,development,13,0.0884,2,0,1.0622,0,1217.2,0,0,0.058346
SYN-02114,development,39,0.0623,37,0,1.0342,1,4155.06,0,0,0.091361
SYN-02115,development,76,-0.59,36,0,0.8544,1,2391.71,1,64,0.20928
SYN-02116,development,13,-0.028,1,0,0.8454,0,1076.22,0,0,0.082341
SYN-02117,development,20,-0.053,42,0,0.8293,2,946.18,0,0,0.161601
SYN-02118,development,55,-0.4325,1,0,1.0751,5,342.67,0,0,0.136116
SYN-02119,development,64,0.1487,24,0,0.9068,10,1948.33,0,0,0.132701
SYN-02120,development,33,-0.2577,29,0,0.7948,1,2478.8,0,0,0.159759
SYN-02121,development,16,-0.0839,5,0,0.9595,1,971.18,0,0,0.089438
SYN-02122,development,72,-0.5082,33,0,0.7343,2,813.67,0,0,0.221834
SYN-02123,development,49,-0.1658,23,0,0.7244,1,2322.35,0,0,0.132348
SYN-02124,development,51,0.0868,29,0,0.8386,0,2020.3,0,0,0.08673
SYN-02125,development,59,0.025,34,0,0.9188,0,800.3,0,0,0.091963
SYN-02126,development,25,0.039,1,0,1.2346,0,5473.47,0,0,0.046937
SYN-02127,development,47,0.2036,22,0,0.9235,4,2719.6,0,0,0.083566
SYN-02128,development,59,0.2618,18,0,0.8507,2,1646.17,0,0,0.065599
SYN-02129,development,55,-0.1841,32,0,1.0516,0,2409.21,1,82,0.104172
SYN-02130,development,55,0.2266,43,0,0.8985,3,2072.69,0,0,0.099326
SYN-02131,development,74,0.0701,43,0,0.8416,3,1189.83,0,0,0.119787
SYN-02132,development,24,0.024,14,1,0.7063,0,1282.57,0,0,0.184739
SYN-02133,development,2,-0.1337,55,0,0.705,2,1360.35,0,0,0.241495
SYN-02134,development,10,-0.0162,15,0,0.9954,1,1322.53,0,0,0.092092
SYN-02135,development,59,0.4371,50,0,0.9839,3,1321.7,0,0,0.075811
SYN-02136,development,5,-0.3163,5,0,0.7151,0,5304.74,0,0,0.137927
SYN-02137,development,13,-0.0645,1,0,1.2142,0,1413.34,0,0,0.061431
SYN-02138,development,83,-0.6287,32,0,0.9913,5,2873.07,0,0,0.231662
SYN-02139,development,17,-0.2959,21,0,1.0205,1,3884.34,0,0,0.131207
SYN-02140,development,31,-0.4108,31,0,0.7898,3,1878.33,0,0,0.225569
SYN-02141,development,18,-0.4209,11,0,0.7892,3,1146.25,0,0,0.192121
SYN-02142,development,20,-0.3445,46,0,0.8919,2,1053.15,1,7,0.22634
SYN-02143,development,44,0.1689,59,0,0.9439,6,1293.31,0,0,0.161755
SYN-02144,development,63,-0.0024,1,0,1.1099,0,492.4,0,0,0.050852
SYN-02145,development,81,0.03,21,0,0.9276,0,1507.76,0,0,0.068954
SYN-02146,development,49,0.249,51,0,0.9434,1,968.94,0,0,0.093154
SYN-02147,development,4,-0.2857,1,0,0.9614,0,858.04,0,0,0.108375
SYN-02148,development,28,-0.0989,3,0,0.7957,0,1119.82,0,0,0.091216
SYN-02149,development,78,0.1508,5,0,0.8092,0,663.33,0,0,0.053886
SYN-02150,development,15,-0.0613,38,0,0.9433,5,1865.57,0,0,0.172791
SYN-02151,development,29,-0.2558,38,1,0.779,1,3905.04,0,0,0.312197
SYN-02152,development,57,-0.0358,27,0,0.6779,0,860.05,0,0,0.113362
SYN-02153,development,63,0.041,1,0,0.8925,1,931.99,0,0,0.062656
SYN-02154,development,10,-0.3764,7,0,0.9522,1,2639.54,0,0,0.134997
SYN-02155,development,75,0.0832,16,0,1.1087,0,929.1,1,154,0.052417
SYN-02156,development,28,0.1657,33,0,0.8539,1,1542.56,0,0,0.096324
SYN-02157,development,29,0.187,27,1,0.8688,0,3095.43,1,119,0.148842
SYN-02158,development,64,0.1125,47,0,0.8208,0,775.12,0,0,0.103795
SYN-02159,development,60,-0.2432,51,0,1.0364,0,354.79,0,0,0.145512
SYN-02160,development,82,-0.3923,68,0,0.8862,1,2037.9,0,0,0.229805
SYN-02161,development,77,-0.0829,21,0,1.0163,0,3648.41,0,0,0.073108
SYN-02162,development,66,0.0,30,0,0.8609,0,1510.76,0,0,0.091425
SYN-02163,development,40,-0.2252,47,0,1.19,0,895.52,0,0,0.127574
SYN-02164,development,73,0.3468,60,0,0.9721,0,1504.49,0,0,0.075198
SYN-02165,development,44,0.0361,37,0,0.7601,0,661.04,0,0,0.115408
SYN-02166,development,39,0.0601,5,0,0.9388,0,735.15,0,0,0.063796
SYN-02167,development,37,0.0832,49,0,0.9721,0,992.24,0,0,0.107686
SYN-02168,development,51,-0.0683,60,0,0.8378,0,984.89,1,68,0.158771
SYN-02169,development,76,-0.1529,9,0,0.8761,2,1812.67,0,0,0.092101
SYN-02170,development,53,0.3034,22,0,0.856,2,1299.48,0,0,0.067105
SYN-02171,development,20,-0.0486,20,1,1.1401,0,933.65,0,0,0.15483
SYN-02172,development,77,-0.392,16,0,0.9669,1,902.56,0,0,0.119444
SYN-02173,development,52,0.75,63,0,0.897,1,2726.73,0,0,0.056042
SYN-02174,development,52,0.2105,1,0,0.9204,2,640.95,0,0,0.054758
SYN-02175,development,53,-0.3069,60,0,0.962,0,1422.85,1,61,0.188609
SYN-02176,development,12,-0.3073,24,1,0.9111,3,1214.61,0,0,0.314895
SYN-02177,development,82,-0.0964,23,0,0.8185,0,827.12,0,0,0.092987
SYN-02178,development,16,-0.5057,1,0,0.8489,4,636.66,0,0,0.194217
SYN-02179,development,83,-0.3484,6,0,0.7273,0,1596.6,0,0,0.110823
SYN-02180,development,54,-0.3657,18,0,0.8901,0,1046.43,0,0,0.129462
SYN-02181,development,78,-0.0454,48,0,1.0422,0,5153.8,0,0,0.094641
SYN-02182,development,63,0.1555,40,0,0.8644,4,2307.77,0,0,0.111626
SYN-02183,development,64,0.2393,19,0,0.8368,0,825.14,0,0,0.059589
SYN-02184,development,51,-0.1494,1,0,0.8129,0,558.98,0,0,0.085707
SYN-02185,development,54,0.0792,1,0,0.9324,0,1962.39,0,0,0.05463
SYN-02186,development,52,-0.688,59,1,0.8685,0,1668.31,1,50,0.475889
SYN-02187,development,56,-0.3216,13,1,0.8664,1,3120.07,0,0,0.222589
SYN-02188,development,12,-0.0476,41,0,0.8709,1,799.26,0,0,0.148342
SYN-02189,development,43,0.3075,39,0,0.8325,0,498.92,0,0,0.078264
SYN-02190,development,10,-0.0455,1,0,1.0625,0,1101.5,0,0,0.07002
SYN-02191,development,51,0.396,28,0,0.8525,0,836.47,0,0,0.056594
SYN-02192,development,68,0.6034,17,0,0.8944,2,831.27,0,0,0.037752
SYN-02193,development,81,0.2595,23,0,1.0162,3,1811.88,0,0,0.05897
SYN-02194,development,28,-0.0258,20,0,0.8487,0,754.96,0,0,0.09908
SYN-02195,development,11,-0.1242,41,1,0.761,0,808.16,0,0,0.295399
SYN-02196,development,48,-0.1592,24,0,0.7499,0,1118.26,0,0,0.12402
SYN-02197,development,11,0.3495,20,1,0.7426,1,3800.3,0,0,0.140865
SYN-02198,development,31,-0.126,77,0,1.0523,0,990.93,0,0,0.188428
SYN-02199,development,47,-0.2092,37,0,1.0158,1,708.43,0,0,0.133491
SYN-02200,development,75,-0.4204,25,0,0.8768,0,435.1,0,0,0.142004
SYN-02201,development,31,0.2954,20,0,0.6682,8,2035.2,0,0,0.128171
SYN-02202,development,82,0.0171,34,1,0.9717,0,1302.19,0,0,0.152992
SYN-02203,development,2,-0.0162,30,0,1.0194,1,812.23,1,59,0.113783
SYN-02204,development,27,-0.3113,25,0,1.2197,0,1305.03,0,0,0.110032
SYN-02205,development,77,-0.0541,12,0,1.0103,0,1295.51,0,0,0.064736
SYN-02206,development,16,-0.2506,52,0,0.9453,2,1040.44,1,89,0.211902
SYN-02207,development,44,-0.0065,46,0,1.0152,2,4122.79,0,0,0.119733
SYN-02208,development,12,-0.0585,1,0,0.7837,2,939.85,0,0,0.104639
SYN-02209,development,73,-0.2246,1,0,1.0446,0,330.95,0,0,0.070263
SYN-02210,development,45,0.3464,47,0,1.1042,1,897.49,0,0,0.068247
SYN-02211,development,5,0.0138,32,0,0.997,6,404.86,0,0,0.158282
SYN-02212,development,2,0.0067,4,0,0.8469,4,405.95,0,0,0.113589
SYN-02213,development,11,0.1978,29,0,0.9353,2,2424.77,0,0,0.092558
SYN-02214,development,67,-0.5108,34,0,0.8863,1,4242.14,0,0,0.183788
SYN-02215,development,30,0.0558,24,0,0.8428,5,1635.08,0,0,0.129804
SYN-02216,development,30,-0.0195,1,1,0.8577,0,568.31,0,0,0.145029
SYN-02217,development,26,-0.2133,21,0,0.9099,4,964.21,0,0,0.158453
SYN-02218,development,52,0.685,34,0,1.033,0,250.73,0,0,0.034874
SYN-02219,development,58,-0.3663,12,0,0.8482,0,555.55,1,126,0.123388
SYN-02220,development,11,-0.0771,32,0,0.8553,0,3380.28,0,0,0.126895
SYN-02221,development,61,0.0299,15,0,0.8002,0,1992.67,0,0,0.077274
SYN-02222,development,72,-0.2938,1,0,0.8686,2,1214.49,0,0,0.102981
SYN-02223,development,46,-0.1453,1,0,0.7381,2,1564.91,0,0,0.105375
SYN-02224,development,56,0.0281,32,0,0.872,1,819.08,0,0,0.100893
SYN-02225,development,51,0.2809,45,0,0.8972,0,1941.07,0,0,0.078531
SYN-02226,development,82,0.2392,47,0,0.5498,2,844.68,1,66,0.118966
SYN-02227,development,61,-0.4494,41,1,1.0896,0,1333.72,0,0,0.277799
SYN-02228,development,7,-0.3752,7,0,0.871,0,598.09,1,68,0.140407
SYN-02229,development,76,0.2258,32,0,0.7416,0,1795.14,0,0,0.073973
SYN-02230,development,69,0.5229,1,0,0.9715,5,2065.62,0,0,0.038385
SYN-02231,development,13,-0.2317,31,0,1.2377,1,1619.2,0,0,0.118965
SYN-02232,development,81,-0.0997,52,0,1.1191,2,1693.75,0,0,0.118397
SYN-02233,development,83,-0.1186,46,0,0.8923,2,1381.7,0,0,0.136185
SYN-02234,development,49,-0.0903,9,0,0.8191,1,3037.47,0,0,0.091526
SYN-02235,development,77,-0.1167,29,0,1.0905,0,593.11,0,0,0.082871
SYN-02236,development,15,-0.2017,31,0,0.8748,0,2112.81,0,0,0.144187
SYN-02237,development,5,-0.0595,49,1,0.7911,0,258.08,0,0,0.301004
SYN-02238,development,72,0.0132,3,0,0.9011,0,1542.39,0,0,0.058917
SYN-02239,development,72,0.1227,47,1,1.0074,8,1712.0,0,0,0.256796
SYN-02240,development,35,0.0772,32,1,0.7341,0,966.35,0,0,0.201759
SYN-02241,development,59,-0.6444,4,0,0.8288,0,2026.84,1,88,0.157187
SYN-02242,development,5,0.1067,28,0,1.1292,2,3142.26,0,0,0.087907
SYN-02243,development,72,0.0987,2,1,0.8372,2,3623.56,0,0,0.119888
SYN-02244,development,67,-0.2921,54,0,0.9511,1,1242.78,1,91,0.176474
SYN-02245,development,68,-0.1563,53,0,0.9839,1,375.84,0,0,0.144792
SYN-02246,development,39,0.297,43,0,0.8379,4,999.03,0,0,0.110815
SYN-02247,development,49,-0.0247,31,0,0.7772,0,759.86,1,126,0.111492
SYN-02248,development,2,-0.1422,36,0,0.8068,1,2723.92,0,0,0.167693
SYN-02249,development,4,0.062,61,0,0.7342,1,705.05,0,0,0.190499
SYN-02250,development,78,0.1301,22,0,0.7484,0,2204.78,0,0,0.072174
SYN-02251,development,2,-0.3206,10,0,0.9355,0,3937.83,1,83,0.125848
SYN-02252,development,70,-0.2418,41,1,0.9828,1,2153.0,1,80,0.244555
SYN-02253,development,7,-0.3976,13,0,0.9842,4,746.21,1,97,0.18221
SYN-02254,development,69,-0.3772,59,0,0.7358,0,4272.69,0,0,0.22048
SYN-02255,development,18,-0.0241,36,0,0.8366,2,808.35,0,0,0.14545
SYN-02256,development,78,0.1511,58,0,1.0661,0,453.87,0,0,0.086744
SYN-02257,development,73,-0.3783,1,0,0.9311,5,591.16,0,0,0.133577
SYN-02258,development,11,0.1521,1,0,0.963,0,1118.48,0,0,0.058419
SYN-02259,development,30,0.2852,3,0,0.9606,0,3637.09,0,0,0.044572
SYN-02260,development,80,-0.1719,26,0,0.8453,0,2782.12,1,64,0.102377
SYN-02261,development,84,-0.0603,49,0,0.987,0,770.57,0,0,0.10618
SYN-02262,development,26,0.1545,31,0,0.8666,1,1383.7,0,0,0.09514
SYN-02263,development,36,-0.035,36,0,0.8225,2,469.13,0,0,0.139739
SYN-02264,development,35,-0.5108,52,0,1.0112,1,2668.23,1,58,0.23378
SYN-02265,development,6,-0.2912,27,0,0.7787,2,587.5,1,42,0.198148
SYN-02266,development,80,-0.0114,21,0,0.928,1,1081.55,0,0,0.079007
SYN-02267,development,8,-0.0058,17,0,0.9252,0,3131.85,0,0,0.091163
SYN-02268,development,12,0.1171,27,0,0.7102,3,283.82,0,0,0.13363
SYN-02269,development,4,-0.4637,53,0,0.8385,2,419.26,0,0,0.305537
SYN-02270,development,14,-0.1309,27,0,0.7946,4,2472.12,0,0,0.174018
SYN-02271,development,56,0.2769,26,0,0.8041,4,2600.9,0,0,0.085878
SYN-02272,development,74,-0.1341,3,0,0.8242,0,625.3,0,0,0.077498
SYN-02273,development,18,0.3125,11,0,0.9456,3,1081.82,0,0,0.065757
SYN-02274,development,3,0.2993,45,0,0.9109,0,807.49,0,0,0.09375
SYN-02275,development,27,-0.3657,41,0,1.0943,1,2158.94,0,0,0.168809
SYN-02276,development,49,0.0154,2,0,1.0912,3,707.39,0,0,0.067209
SYN-02277,development,4,-0.5551,45,0,0.9562,2,2622.13,0,0,0.278487
SYN-02278,development,7,-0.4362,19,0,0.7471,2,1090.33,1,71,0.216995
SYN-02279,development,66,0.1216,30,0,0.8644,2,1134.78,0,0,0.089649
SYN-02280,development,42,-0.0854,34,0,1.0424,0,1745.27,1,91,0.100794
SYN-02281,development,61,0.4847,50,0,0.7283,0,1481.32,0,0,0.07186
SYN-02282,development,76,-0.3043,1,0,1.1788,0,2735.55,0,0,0.066092
SYN-02283,development,48,0.1593,34,0,1.1526,3,1039.63,0,0,0.080184
SYN-02284,development,13,-0.0253,48,0,1.0071,0,727.45,0,0,0.130859
SYN-02285,development,24,-0.0999,40,0,0.8867,0,1692.48,0,0,0.136399
SYN-02286,development,54,0.1744,37,1,1.1044,0,789.41,0,0,0.13089
SYN-02287,development,11,-0.0626,26,0,0.8136,0,1053.86,0,0,0.123403
SYN-02288,development,13,-0.3713,40,0,0.9812,1,2861.19,0,0,0.192202
SYN-02289,development,71,-0.2017,1,0,0.9994,0,1275.49,0,0,0.070683
SYN-02290,development,17,-0.7016,18,0,1.0342,0,619.79,0,0,0.199951
SYN-02291,development,8,-0.095,6,1,0.9168,0,936.99,0,0,0.174095
SYN-02292,development,79,-0.0173,1,0,0.8851,0,891.4,0,0,0.059428
SYN-02293,development,59,-0.2741,48,0,1.0115,0,358.89,0,0,0.149376
SYN-02294,development,76,0.2054,28,1,1.0487,0,555.12,0,0,0.108257
SYN-02295,development,9,-0.3679,14,0,0.8252,1,1131.35,0,0,0.1656
SYN-02296,development,46,-0.0049,10,0,0.9495,1,1555.39,1,102,0.076012
SYN-02297,development,38,0.2276,26,0,0.6698,0,3173.88,0,0,0.083675
SYN-02298,development,22,0.0954,65,0,0.8309,0,455.01,0,0,0.156139
SYN-02299,development,52,-0.0477,27,0,0.8383,1,419.24,0,0,0.109867
SYN-02300,development,25,-0.1737,41,0,1.0225,1,1326.05,0,0,0.14423
SYN-02301,development,8,-0.0577,8,0,1.0386,0,1562.95,0,0,0.080013
SYN-02302,development,18,0.1369,6,0,1.0086,4,1996.6,0,0,0.077995
SYN-02303,development,16,-0.2202,6,0,0.9791,0,400.39,0,0,0.100147
SYN-02304,development,58,-0.3707,38,0,0.8158,6,1137.62,0,0,0.249943
SYN-02305,development,72,0.2173,37,0,0.9768,0,1526.29,0,0,0.065825
SYN-02306,development,9,0.1806,51,1,0.7661,0,1752.12,1,94,0.235449
SYN-02307,development,25,-0.5822,29,0,0.8429,0,668.44,0,0,0.222691
SYN-02308,development,39,0.5226,33,0,0.9473,2,1425.39,0,0,0.056229
SYN-02309,development,65,-0.1128,45,1,0.7547,0,2600.03,0,0,0.251056
SYN-02310,development,79,-0.2092,10,0,1.029,4,2155.97,0,0,0.098964
SYN-02311,development,72,-0.1272,1,0,0.9707,0,1280.17,0,0,0.065339
SYN-02312,development,7,0.4103,6,0,1.1064,0,1196.65,0,0,0.038902
SYN-02313,development,49,-0.0792,37,0,0.9528,4,2546.26,0,0,0.141362
SYN-02314,development,40,-0.247,7,0,1.1046,0,995.92,0,0,0.084441
SYN-02315,development,71,0.2885,7,0,0.8962,2,807.29,0,0,0.050211
SYN-02316,development,47,0.1588,6,0,0.8352,1,1492.47,0,0,0.063932
SYN-02317,development,32,0.0878,31,0,0.9002,0,1915.13,1,116,0.091116
SYN-02318,development,83,0.1952,29,0,1.0028,3,1947.02,0,0,0.069902
SYN-02319,development,38,-0.722,23,0,0.9932,6,1019.1,0,0,0.291659
SYN-02320,development,6,0.1943,3,0,0.9563,1,1163.25,1,113,0.062539
SYN-02321,development,12,-0.4325,44,0,1.1204,6,1312.39,0,0,0.265505
SYN-02322,development,51,-0.1657,35,0,0.8496,0,249.55,0,0,0.131667
SYN-02323,development,57,-0.1925,42,0,0.7793,5,1201.04,0,0,0.208027
SYN-02324,development,62,0.3512,28,1,0.9275,0,3393.64,1,144,0.101639
SYN-02325,development,32,0.263,25,0,0.8173,7,2159.74,0,0,0.116309
SYN-02326,development,51,0.0149,24,0,0.9623,1,3621.19,0,0,0.083864
SYN-02327,development,26,-0.4657,8,0,0.663,1,3421.19,0,0,0.1806
SYN-02328,development,5,-0.015,1,0,1.222,0,930.78,0,0,0.059377
SYN-02329,development,76,-0.2449,54,0,0.6963,3,1467.85,0,0,0.22287
SYN-02330,development,58,-0.2504,1,0,0.9987,1,5351.22,0,0,0.080941
SYN-02331,development,59,0.0247,37,0,0.8445,3,2555.37,0,0,0.122397
SYN-02332,development,67,-0.1992,50,0,0.7854,5,512.08,0,0,0.222161
SYN-02333,development,60,0.0891,19,0,0.8253,1,4671.21,0,0,0.07645
SYN-02334,development,43,-0.002,26,0,0.8891,3,471.43,0,0,0.116069
SYN-02335,development,76,-0.2229,7,0,0.8269,6,1335.3,0,0,0.135353
SYN-02336,development,70,0.1016,39,0,0.7459,0,3217.71,0,0,0.095854
SYN-02337,development,27,0.2805,1,0,1.0964,1,1706.82,0,0,0.043007
SYN-02338,development,23,-0.2705,40,0,0.8317,3,1001.39,0,0,0.214181
SYN-02339,development,84,-0.2258,61,0,0.9408,1,1479.44,0,0,0.167106
SYN-02340,development,12,0.2364,17,0,0.8596,1,1791.91,0,0,0.075282
SYN-02341,development,9,-0.0333,25,1,0.9042,2,444.7,0,0,0.230539
SYN-02342,development,48,-0.2517,15,0,0.9026,1,3789.96,0,0,0.112702
SYN-02343,development,81,-0.273,47,0,0.8017,5,291.43,1,79,0.220042
SYN-02344,development,75,0.0904,40,0,1.017,1,1715.59,0,0,0.082799
SYN-02345,development,4,-0.0034,47,0,0.6802,3,2506.7,0,0,0.20203
SYN-02346,development,26,-0.0877,7,0,1.073,0,1075.84,0,0,0.074377
SYN-02347,development,44,-0.0668,46,0,0.8486,4,1470.49,0,0,0.174859
SYN-02348,development,7,0.3108,48,0,1.0033,0,2208.91,0,0,0.085334
SYN-02349,development,6,0.1733,33,0,0.958,0,1805.14,0,0,0.088424
SYN-02350,development,24,0.146,56,0,0.8443,0,3118.65,0,0,0.124384
SYN-02351,development,76,-0.4291,3,0,0.9042,1,1560.4,1,117,0.111637
SYN-02352,development,83,-0.126,13,0,1.0476,0,813.24,0,0,0.068587
SYN-02353,development,84,-0.0395,20,0,1.25,6,651.42,0,0,0.084952
SYN-02354,development,58,0.2334,30,0,0.7787,0,2464.42,0,0,0.073653
SYN-02355,development,48,0.066,22,0,1.2431,3,194.74,0,0,0.072171
SYN-02356,development,60,-0.0309,24,0,0.848,6,870.09,0,0,0.138209
SYN-02357,development,54,-0.1686,6,0,0.7961,0,3059.58,0,0,0.091011
SYN-02358,development,69,-0.0267,15,1,0.9215,0,1592.34,0,0,0.139792
SYN-02359,development,41,0.3214,18,1,0.8898,0,997.48,0,0,0.10792
SYN-02360,development,62,0.1365,23,1,1.1257,0,2874.04,0,0,0.106483
SYN-02361,development,36,0.1215,1,0,0.8498,0,716.18,0,0,0.061164
SYN-02362,development,10,-0.1485,37,0,0.9665,1,1126.35,0,0,0.148209
SYN-02363,development,43,-0.6752,3,0,1.0142,0,1292.94,1,42,0.148241
SYN-02364,development,59,-0.1123,1,0,0.8612,1,1549.82,0,0,0.079935
SYN-02365,development,66,-0.3342,50,0,1.0131,10,986.62,0,0,0.288586
SYN-02366,development,11,0.0198,42,0,0.6997,0,3397.2,0,0,0.145244
SYN-02367,development,6,0.1297,1,0,1.1238,0,2835.99,0,0,0.051736
SYN-02368,development,54,-0.5113,13,0,0.7382,2,995.12,0,0,0.188
SYN-02369,development,34,-0.0099,49,0,0.9265,0,1004.96,1,122,0.12774
SYN-02370,development,67,-0.1078,59,1,1.0097,0,1192.33,0,0,0.242577
SYN-02371,development,41,0.1722,15,0,1.0467,0,3296.8,0,0,0.054262
SYN-02372,development,37,-0.4118,16,0,0.8278,0,575.84,0,0,0.151579
SYN-02373,development,8,-0.0071,40,0,0.8469,3,2354.99,0,0,0.161227
SYN-02374,development,27,0.1225,36,0,1.0047,1,606.37,0,0,0.094209
SYN-02375,development,44,0.2493,62,0,1.0025,1,5199.98,0,0,0.098328
SYN-02376,development,4,-0.4982,67,0,0.9242,2,1663.88,0,0,0.337943
SYN-02377,development,79,0.0403,37,0,0.8757,1,1117.18,0,0,0.095751
SYN-02378,development,73,-0.1025,17,0,0.8784,0,1823.28,0,0,0.084094
SYN-02379,development,23,-0.2529,28,0,0.9157,0,3529.94,0,0,0.136214
SYN-02380,development,42,-0.1872,19,0,0.7565,0,1068.49,1,81,0.122958
SYN-02381,development,24,0.0232,17,1,0.8882,1,861.65,0,0,0.176972
SYN-02382,development,73,-0.258,1,0,1.0001,1,537.4,0,0,0.081873
SYN-02383,development,31,0.1463,41,1,0.6984,0,577.45,0,0,0.216308
SYN-02384,development,56,0.4625,47,0,0.8208,0,860.69,0,0,0.067311
SYN-02385,development,15,0.0746,18,0,1.0614,0,884.0,0,0,0.073466
SYN-02386,development,60,-0.1366,1,0,0.5698,0,605.35,0,0,0.100859
SYN-02387,development,62,-0.3725,39,0,0.6795,0,1187.67,0,0,0.193939
SYN-02388,development,26,0.2693,11,0,0.8004,0,770.28,0,0,0.062464
SYN-02389,development,74,0.1648,18,0,0.861,3,748.48,0,0,0.075579
SYN-02390,development,9,0.4228,47,0,0.8714,4,1789.83,0,0,0.107513
SYN-02391,development,65,0.0477,18,0,0.8074,1,2100.91,0,0,0.082174
SYN-02392,development,17,0.2652,7,0,0.8764,0,1767.65,0,0,0.056839
SYN-02393,development,46,-0.1932,1,0,1.0474,1,2681.36,0,0,0.0782
SYN-02394,development,74,-0.3945,27,0,1.1746,2,2025.47,0,0,0.122688
SYN-02395,development,81,-0.0457,47,0,0.8396,0,6093.33,0,0,0.109105
SYN-02396,development,43,-0.1344,13,0,0.8744,2,536.05,0,0,0.110282
SYN-02397,development,18,-0.2118,35,0,0.9022,3,761.21,0,0,0.182388
SYN-02398,development,82,-0.3335,15,1,0.8782,0,987.0,0,0,0.201171
SYN-02399,development,69,-0.5511,17,0,0.9489,0,1271.12,0,0,0.144282
SYN-02400,development,2,-0.2093,40,0,0.8756,1,500.02,0,0,0.185085
SYN-02401,development,17,-0.1004,42,0,0.81,5,866.57,0,0,0.211694
SYN-02402,development,76,-0.3039,28,0,0.9483,1,1372.44,0,0,0.125963
SYN-02403,development,77,-0.1976,43,0,0.9324,3,2064.29,0,0,0.151623
SYN-02404,development,2,-0.0927,22,0,1.0302,0,986.79,0,0,0.104688
SYN-02405,development,63,-0.0792,31,0,0.9473,0,5995.37,1,93,0.090742
SYN-02406,development,19,0.1396,36,0,1.25,0,1856.58,0,0,0.069887
SYN-02407,development,59,-0.226,36,0,0.8812,0,1233.33,0,0,0.133964
SYN-02408,development,78,0.2723,40,0,0.8722,0,2133.63,0,0,0.067716
SYN-02409,development,72,0.2836,64,1,0.9729,0,2994.66,1,134,0.161422
SYN-02410,development,80,-0.2473,5,0,1.1774,0,1462.08,0,0,0.064672
SYN-02411,development,23,-0.2166,18,0,0.9704,3,880.73,0,0,0.138306
SYN-02412,development,17,-0.1616,38,0,0.8819,1,463.18,0,0,0.160596
SYN-02413,development,16,-0.7163,46,0,1.1557,1,606.82,0,0,0.268698
SYN-02414,development,76,-0.6295,14,0,0.8932,1,1190.82,0,0,0.166747
SYN-02415,development,62,-0.2835,1,0,0.8061,2,2800.98,0,0,0.109491
SYN-02416,development,18,0.5257,33,0,0.9987,0,1313.26,0,0,0.050611
SYN-02417,development,16,-0.3863,21,0,0.8815,2,643.09,1,85,0.18339
SYN-02418,development,3,-0.2413,26,0,1.051,10,1688.06,0,0,0.241453
SYN-02419,development,45,-0.6457,10,0,0.9466,3,2254.33,0,0,0.19497
SYN-02420,development,20,0.3077,26,0,1.1503,0,592.4,0,0,0.053967
SYN-02421,development,16,-0.27,14,0,0.8497,0,3626.52,0,0,0.12694
SYN-02422,development,49,-0.4296,13,0,0.9208,0,3967.92,0,0,0.126138
SYN-02423,development,5,-0.3607,28,0,1.0204,0,975.79,0,0,0.157785
SYN-02424,development,43,-0.4506,11,0,0.8886,0,4155.91,0,0,0.132653
SYN-02425,development,75,-0.4538,23,0,0.6839,2,1063.87,0,0,0.190708
SYN-02426,development,15,0.0709,31,0,1.0901,0,3156.73,0,0,0.082866
SYN-02427,development,16,-0.152,35,1,0.8396,3,303.29,0,0,0.314591
SYN-02428,development,18,0.1767,5,0,0.8874,2,769.18,0,0,0.071932
SYN-02429,development,19,0.2189,11,0,1.0615,4,2151.69,0,0,0.070697
SYN-02430,development,59,0.0895,30,0,1.1252,5,809.47,0,0,0.094258
SYN-02431,development,46,0.0799,34,0,0.7874,1,503.65,0,0,0.109046
SYN-02432,development,41,0.0386,74,1,1.1406,0,2316.36,0,0,0.238092
SYN-02433,development,53,-0.2922,24,0,0.7874,1,1884.84,0,0,0.147244
SYN-02434,development,39,-0.0219,15,0,0.7333,3,556.02,0,0,0.120353
SYN-02435,development,32,0.158,10,0,0.938,0,404.29,0,0,0.061867
SYN-02436,development,50,0.3713,38,0,0.8884,3,563.11,1,112,0.080782
SYN-02437,development,58,-0.0391,31,0,0.7667,0,2018.46,0,0,0.108746
SYN-02438,development,11,0.2343,54,0,0.6496,1,2266.12,0,0,0.145691
SYN-02439,development,59,-0.0962,26,0,1.1841,0,1025.21,0,0,0.076282
SYN-02440,development,52,0.2957,35,0,1.1205,3,1100.96,0,0,0.068438
SYN-02441,development,45,0.1089,27,0,0.6809,3,1251.88,0,0,0.120044
SYN-02442,development,39,-0.4157,22,0,0.9301,7,2019.77,0,0,0.226729
SYN-02443,development,7,0.0834,34,0,1.0179,4,5371.52,0,0,0.119324
SYN-02444,development,49,0.0808,33,0,0.9304,4,511.28,0,0,0.114884
SYN-02445,development,55,-0.024,38,0,1.0046,0,1859.84,0,0,0.095917
SYN-02446,development,72,0.0247,21,1,1.1859,3,498.38,0,0,0.137733
SYN-02447,development,57,0.0544,43,0,1.046,2,2113.86,0,0,0.100995
SYN-02448,development,77,0.2252,18,0,0.8595,4,1106.66,0,0,0.073603
SYN-02449,development,32,-0.5774,12,1,0.8983,1,2636.04,0,0,0.307996
SYN-02450,development,76,0.317,12,0,0.9534,0,823.2,0,0,0.041426
SYN-02451,development,12,-0.1611,8,0,0.6419,0,1327.07,0,0,0.128337
SYN-02452,development,26,0.1687,34,0,0.8953,0,3113.52,0,0,0.086276
SYN-02453,development,4,0.436,22,0,1.0784,1,1460.29,0,0,0.052121
SYN-02454,development,45,0.1341,36,0,0.7203,1,3315.67,0,0,0.10706
SYN-02455,development,10,0.1011,9,0,0.757,1,861.65,0,0,0.09086
SYN-02456,development,76,-0.0895,44,0,0.6791,0,1263.93,1,92,0.138538
SYN-02457,development,28,0.1875,16,1,0.8696,6,9894.65,0,0,0.176438
SYN-02458,development,71,-0.3147,1,1,1.0757,2,1130.87,0,0,0.167723
SYN-02459,development,26,-0.4712,21,0,1.0107,0,454.4,0,0,0.155402
SYN-02460,development,75,0.1324,19,0,1.0044,0,692.65,0,0,0.056428
SYN-02461,development,55,-0.1206,34,0,0.89,1,6069.93,0,0,0.115743
SYN-02462,development,29,0.2339,21,0,0.8332,0,558.97,0,0,0.071998
SYN-02463,development,28,-0.0382,52,1,0.9443,1,3440.85,0,0,0.258084
SYN-02464,development,46,-0.3769,24,0,0.9819,0,1568.1,0,0,0.134112
SYN-02465,development,44,-0.5264,32,0,0.9067,0,844.8,1,45,0.191648
SYN-02466,development,46,0.0672,8,0,1.0374,0,6735.34,0,0,0.053633
SYN-02467,development,21,-0.6073,16,0,0.9048,0,2020.57,0,0,0.187965
SYN-02468,development,40,0.298,57,0,0.8291,10,1161.12,0,0,0.194244
SYN-02469,development,5,-0.1575,1,0,1.0414,0,1007.37,0,0,0.084782
SYN-02470,development,21,-0.1941,48,0,1.0856,1,1139.68,1,43,0.155547
SYN-02471,development,37,0.1306,1,0,0.5346,2,4937.83,1,117,0.087263
SYN-02472,development,48,0.053,1,0,0.7277,1,1207.78,0,0,0.0761
SYN-02473,development,22,-0.1387,32,1,1.1094,7,1267.9,0,0,0.300914
SYN-02474,development,3,0.3036,14,0,0.95,0,2526.89,0,0,0.05817
SYN-02475,development,8,-0.1416,3,0,0.7397,1,2406.83,1,115,0.115704
SYN-02476,development,30,0.1207,1,0,0.8956,5,562.8,0,0,0.085977
SYN-02477,development,60,0.0343,13,0,1.1149,1,876.94,0,0,0.061347
SYN-02478,development,5,-0.1676,37,0,0.7796,2,739.54,0,0,0.192786
SYN-02479,development,23,-0.0393,20,0,0.5871,4,2767.19,0,0,0.163623
SYN-02480,development,6,0.1307,35,0,0.8222,3,513.05,0,0,0.13464
SYN-02481,development,4,0.2012,38,0,0.7407,2,1048.74,0,0,0.128469
SYN-02482,development,19,0.0928,26,0,0.8513,0,994.97,0,0,0.094609
SYN-02483,development,35,-0.5333,1,0,0.6837,1,1118.25,0,0,0.176222
SYN-02484,development,52,-0.078,62,0,0.771,2,467.86,0,0,0.19735
SYN-02485,development,15,-0.2536,1,1,0.8219,0,2420.19,0,0,0.204488
SYN-02486,development,30,-0.2085,41,0,0.9325,2,4236.31,0,0,0.16376
SYN-02487,development,50,0.0122,41,1,0.9143,0,1181.17,1,67,0.19776
SYN-02488,development,7,-0.1048,35,0,0.9106,3,1619.93,0,0,0.164283
SYN-02489,development,42,0.181,7,0,0.9594,1,478.04,0,0,0.058055
SYN-02490,development,74,-0.9358,39,0,0.7857,0,1151.32,1,22,0.317394
SYN-02491,development,62,-0.0764,19,0,0.8614,0,1915.18,0,0,0.088515
SYN-02492,development,7,-0.072,15,0,0.7253,0,3534.23,1,131,0.115427
SYN-02493,development,64,0.2345,1,0,1.1465,0,936.58,0,0,0.034973
SYN-02494,development,18,-0.034,13,1,0.8913,3,2568.58,0,0,0.204297
SYN-02495,development,53,0.2553,29,0,0.9513,0,1463.6,0,0,0.06234
SYN-02496,development,36,0.1182,23,1,0.8947,0,3010.86,0,0,0.147137
SYN-02497,development,73,-0.0033,43,0,1.2367,2,754.99,0,0,0.087639
SYN-02498,development,59,0.4533,47,0,0.9587,0,1230.52,1,66,0.058954
SYN-02499,development,46,-0.151,38,0,1.0693,5,688.41,1,65,0.156691
SYN-02500,development,31,0.2162,25,0,1.064,1,747.72,1,145,0.066859
SYN-02501,development,46,-0.2647,28,0,1.1628,3,3069.19,0,0,0.125452
SYN-02502,development,7,0.1721,1,0,1.159,1,1131.69,0,0,0.051768
SYN-02503,development,33,-0.3524,31,0,0.8896,2,1286.03,0,0,0.183418
SYN-02504,development,48,-0.2019,11,0,0.9979,9,261.48,0,0,0.164614
SYN-02505,development,80,0.0385,30,0,0.8544,3,1434.84,0,0,0.101663
SYN-02506,development,17,-0.477,13,0,1.0643,1,1349.3,0,0,0.148258
SYN-02507,development,28,-0.0462,9,0,0.8787,0,3370.41,0,0,0.082863
SYN-02508,development,84,0.1182,35,0,0.6945,2,8935.42,0,0,0.093647
SYN-02509,development,67,0.3985,49,0,0.9901,0,740.76,0,0,0.061688
SYN-02510,development,80,0.2239,1,0,0.7881,5,4281.18,0,0,0.063638
SYN-02511,development,64,0.2408,42,0,0.9553,0,2514.32,0,0,0.070968
SYN-02512,development,23,0.1355,8,1,0.7744,2,1029.07,0,0,0.16264
SYN-02513,development,82,-0.1109,55,0,0.7508,0,3651.43,0,0,0.145376
SYN-02514,development,17,0.1266,53,0,1.2191,2,933.57,0,0,0.107243
SYN-02515,development,5,-0.1982,33,1,1.0936,4,430.92,0,0,0.295964
SYN-02516,development,76,-0.0045,10,0,0.9201,0,3788.93,0,0,0.062123
SYN-02517,development,51,0.0346,20,0,0.9655,1,2228.5,0,0,0.078738
SYN-02518,development,12,0.1177,41,1,0.9413,2,843.38,1,85,0.222646
SYN-02519,development,39,-0.0911,28,1,0.9667,1,3937.78,0,0,0.197265
SYN-02520,development,32,-0.2487,37,0,0.685,0,2076.13,0,0,0.180089
SYN-02521,development,33,0.2301,38,0,0.8992,1,1510.57,0,0,0.088906
SYN-02522,development,10,0.0273,28,1,0.9792,2,2370.29,0,0,0.204762
SYN-02523,development,22,-0.0386,18,0,0.9501,2,5100.8,0,0,0.0996
SYN-02524,development,16,-0.1622,18,0,1.0532,0,1750.38,0,0,0.099733
SYN-02525,development,44,-0.5115,18,0,0.91,0,505.48,1,58,0.159692
SYN-02526,development,36,0.0038,1,1,1.1837,0,1020.73,0,0,0.10312
SYN-02527,development,4,-0.1707,36,0,0.84,2,1543.86,0,0,0.181122
SYN-02528,development,11,0.1663,20,0,0.9786,0,964.7,0,0,0.073076
SYN-02529,development,24,0.0125,69,0,0.9458,2,1552.95,0,0,0.183148
SYN-02530,development,8,0.199,1,0,0.9614,2,4019.17,0,0,0.06164
SYN-02531,development,33,-0.6054,22,0,0.9636,0,1252.22,0,0,0.185318
SYN-02532,development,29,-0.2022,54,1,1.0795,3,510.12,1,43,0.324958
SYN-02533,development,4,-0.0671,16,0,0.7412,0,1014.65,1,101,0.119802
SYN-02534,development,82,-0.2649,40,0,0.9813,0,2756.51,0,0,0.121578
SYN-02535,development,74,0.0599,56,0,0.9191,0,1492.97,0,0,0.108831
SYN-02536,development,10,-0.0625,11,0,1.015,0,951.21,0,0,0.085569
SYN-02537,development,25,0.0209,22,0,0.8286,0,540.81,0,0,0.098868
SYN-02538,development,38,-0.1307,36,0,0.935,0,5314.97,0,0,0.116845
SYN-02539,development,37,-0.2506,1,0,0.9561,0,424.78,0,0,0.091444
SYN-02540,development,12,0.2201,43,0,0.6766,0,1253.57,0,0,0.119323
SYN-02541,development,49,-0.2976,20,0,0.9279,0,2940.49,0,0,0.117291
SYN-02542,development,59,0.5435,15,0,0.726,2,941.82,1,169,0.048574
SYN-02543,development,42,-0.0376,38,0,0.9235,7,273.27,0,0,0.178447
SYN-02544,development,7,-0.5919,5,0,1.141,0,1422.36,0,0,0.141313
SYN-02545,development,28,0.0777,87,1,0.8741,1,829.86,0,0,0.351309
SYN-02546,development,53,0.124,22,0,1.0022,0,953.29,0,0,0.065161
SYN-02547,development,52,-0.1717,20,1,0.7766,0,734.17,0,0,0.213784
SYN-02548,development,27,0.4808,12,0,0.7747,0,942.47,0,0,0.048202
SYN-02549,development,38,0.1079,15,0,1.0349,0,2795.73,0,0,0.061097
SYN-02550,development,82,-0.0665,1,0,1.0621,5,1559.73,0,0,0.075406
SYN-02551,development,61,0.1419,24,0,1.0549,1,2516.13,0,0,0.063239
SYN-02552,development,54,0.0257,39,0,1.0159,0,839.2,0,0,0.091724
SYN-02553,development,78,-0.0395,15,0,1.1713,2,1420.21,0,0,0.065326
SYN-02554,development,17,-0.435,21,0,0.7091,2,1709.46,0,0,0.218719
SYN-02555,development,65,-0.4267,31,1,0.8514,0,1290.07,0,0,0.286037
SYN-02556,development,66,-0.2754,42,0,0.7538,1,1583.74,0,0,0.176062
SYN-02557,development,58,-0.0383,13,0,0.9143,2,1462.88,0,0,0.08722
SYN-02558,development,49,-0.1811,32,0,1.0062,1,2016.54,0,0,0.118987
SYN-02559,development,77,-0.2134,25,0,1.0489,1,1286.25,0,0,0.0985
SYN-02560,development,45,0.0342,2,0,1.0946,5,429.29,0,0,0.076847
SYN-02561,development,63,-0.5508,16,0,0.6793,3,713.69,0,0,0.220147
SYN-02562,development,44,0.1195,39,0,0.7973,0,565.19,0,0,0.103011
SYN-02563,development,16,0.0877,38,0,0.96,0,5422.77,0,0,0.096434
SYN-02564,development,23,0.6617,1,0,0.7149,0,579.94,0,0,0.034849
SYN-02565,development,11,0.2153,50,0,0.8287,1,428.35,0,0,0.124765
SYN-02566,development,30,-0.0944,1,1,0.9995,0,878.87,0,0,0.140659
SYN-02567,development,9,-0.3081,26,1,0.8618,1,1727.58,0,0,0.30038
SYN-02568,development,28,-0.1414,17,0,0.9914,0,6431.63,0,0,0.090542
SYN-02569,development,80,0.4573,33,0,0.6464,1,3239.75,0,0,0.061923
SYN-02570,development,35,-0.4038,1,0,0.9202,0,458.48,0,0,0.1161
SYN-02571,development,43,-0.2057,29,1,0.8401,0,4176.82,0,0,0.232188
SYN-02572,development,79,-0.5464,28,0,0.8446,0,576.96,1,60,0.173474
SYN-02573,development,12,-0.0386,36,0,0.8081,0,1642.03,0,0,0.134774
SYN-02574,development,69,-0.2373,51,0,0.6791,2,814.55,0,0,0.210578
SYN-02575,development,34,-0.3213,2,1,1.0377,0,1534.79,0,0,0.177774
SYN-02576,development,52,0.4267,1,0,0.8125,0,2178.38,0,0,0.038008
SYN-02577,development,68,-0.1121,22,0,0.7356,0,641.35,0,0,0.107029
SYN-02578,development,24,-0.3347,28,0,0.956,0,1484.01,0,0,0.148988
SYN-02579,development,38,-0.3413,42,0,0.8871,0,764.18,0,0,0.179982
SYN-02580,development,23,-0.2055,57,0,0.8394,10,1749.27,0,0,0.346651
SYN-02581,development,55,0.0276,51,0,1.2249,4,1785.0,0,0,0.114867
SYN-02582,development,15,-0.019,45,0,1.1062,1,1023.64,0,0,0.121287
SYN-02583,development,64,-0.0962,10,0,0.78,5,243.39,0,0,0.124019
SYN-02584,development,9,0.0293,25,0,1.0099,0,1339.81,0,0,0.09137
SYN-02585,development,70,-0.2448,12,0,1.115,0,2158.7,0,0,0.077422
SYN-02586,development,31,-0.3809,38,0,0.8379,0,614.07,0,0,0.192448
SYN-02587,development,24,0.2171,33,0,0.9835,2,911.13,0,0,0.088075
SYN-02588,development,50,0.0418,1,0,0.6819,1,8192.29,0,0,0.072624
SYN-02589,development,74,0.0461,33,0,1.1258,0,581.76,0,0,0.068904
SYN-02590,development,83,-0.3517,11,0,1.0469,1,3099.45,0,0,0.093937
SYN-02591,development,18,0.5356,19,0,0.7765,1,5107.67,0,0,0.051772
SYN-02592,development,16,-0.0509,34,0,0.8968,0,1243.78,1,58,0.122386
SYN-02593,development,73,0.1287,23,1,1.0757,0,1319.81,0,0,0.109727
SYN-02594,development,18,-0.1341,16,0,0.7125,2,855.04,0,0,0.144673
SYN-02595,development,58,-0.2469,38,0,0.964,1,1217.96,0,0,0.140928
SYN-02596,development,49,0.389,19,0,1.0507,0,839.91,0,0,0.042323
SYN-02597,development,31,-0.4897,28,0,0.9666,2,888.42,0,0,0.1981
SYN-02598,development,3,0.2217,9,0,1.1799,0,3783.53,0,0,0.048218
SYN-02599,development,71,-0.1979,12,1,1.147,0,1424.86,0,0,0.136996
SYN-02600,development,3,-0.0708,33,0,0.9931,0,2727.15,0,0,0.117803
SYN-02601,development,25,-0.0588,42,0,0.859,0,1698.14,0,0,0.135448
SYN-02602,development,42,0.097,4,0,0.9845,0,1026.38,0,0,0.056419
SYN-02603,development,75,-0.0771,5,0,0.8187,0,513.36,0,0,0.073892
SYN-02604,development,69,-0.1029,43,0,0.7598,1,1252.87,0,0,0.1426
SYN-02605,development,35,-0.6305,1,0,1.1446,1,1358.41,0,0,0.13483
SYN-02606,development,36,-0.6,19,0,0.783,0,2657.14,1,40,0.199724
SYN-02607,development,49,-0.0788,50,0,0.8349,3,581.17,0,0,0.175227
SYN-02608,development,22,-0.0976,29,0,0.8553,1,1363.8,0,0,0.131733
SYN-02609,development,27,0.0766,27,0,0.8563,1,4412.44,0,0,0.096574
SYN-02610,development,22,0.1088,62,0,0.8594,3,7137.18,0,0,0.161501
SYN-02611,development,67,-0.0596,31,0,0.926,0,904.15,0,0,0.094897
SYN-02612,development,26,-0.0511,45,0,0.9545,5,735.94,0,0,0.178816
SYN-02613,development,71,-0.1171,1,0,0.8134,1,2445.86,0,0,0.078965
SYN-02614,development,18,-0.1074,13,0,1.0014,3,1304.35,0,0,0.11167
SYN-02615,development,43,0.0353,39,1,0.9055,0,4067.97,0,0,0.187751
SYN-02616,development,59,0.0736,52,0,1.1148,0,609.37,0,0,0.091777
SYN-02617,development,71,-0.1064,1,0,0.8382,2,904.83,0,0,0.08336
SYN-02618,development,63,-0.2127,36,0,0.9014,2,4024.54,0,0,0.140399
SYN-02619,development,34,0.0773,37,0,0.9715,0,2213.77,0,0,0.092604
SYN-02620,development,69,0.353,7,0,0.9384,0,2542.99,0,0,0.037527
SYN-02621,development,73,0.0966,28,0,0.9084,0,1133.84,0,0,0.073223
SYN-02622,development,33,-0.3224,18,0,0.9176,0,2966.83,0,0,0.126878
SYN-02623,development,12,-0.5676,23,0,1.0925,0,956.1,0,0,0.17525
SYN-02624,development,82,0.3229,7,1,0.6146,1,841.05,0,0,0.108299
SYN-02625,development,46,0.0705,5,0,0.9086,1,704.56,0,0,0.067468
SYN-02626,development,22,0.1311,20,0,0.8543,1,1781.72,0,0,0.086887
SYN-02627,development,28,-0.4116,16,0,0.9647,1,1590.0,0,0,0.147383
SYN-02628,development,7,-0.5834,19,0,0.936,0,660.59,0,0,0.197461
SYN-02629,development,36,0.1022,34,1,0.8552,0,1117.81,1,122,0.181073
SYN-02630,development,43,0.2777,1,0,0.9865,0,1094.81,0,0,0.041892
SYN-02631,development,54,-0.0406,28,0,0.9952,1,2892.81,0,0,0.092104
SYN-02632,development,17,0.0869,1,0,0.9301,1,778.34,0,0,0.069229
SYN-02633,development,19,-0.464,10,1,0.9309,0,7413.57,0,0,0.245514
SYN-02634,development,41,0.0194,29,0,0.9227,0,657.82,0,0,0.093302
SYN-02635,development,73,0.326,49,1,0.717,3,3512.47,0,0,0.189131
SYN-02636,development,59,0.005,15,0,0.9865,2,1147.59,0,0,0.079198
SYN-02637,development,53,0.5562,36,0,0.6684,1,301.6,0,0,0.064499
SYN-02638,development,65,-0.3353,12,1,0.9401,6,1143.7,0,0,0.279372
SYN-02639,development,38,-0.3521,19,0,0.9945,0,1393.08,0,0,0.124911
SYN-02640,development,10,0.2948,18,1,0.7279,0,1785.66,0,0,0.14365
SYN-02641,development,26,-0.1094,33,0,0.672,2,3583.32,1,83,0.167298
SYN-02642,development,69,-0.6039,37,0,0.8582,0,3121.95,1,41,0.205226
SYN-02643,development,33,0.6292,13,0,1.1501,0,4319.97,0,0,0.025809
SYN-02644,development,16,0.2599,11,0,1.1696,3,1422.95,0,0,0.057643
SYN-02645,development,74,0.5038,6,1,0.851,2,796.48,0,0,0.075511
SYN-02646,development,20,0.1682,45,0,1.1839,8,3238.38,0,0,0.135955
SYN-02647,development,83,0.0391,32,0,0.7701,1,2369.63,1,87,0.095513
SYN-02648,development,43,-0.1048,32,0,0.946,1,639.59,1,75,0.118579
SYN-02649,development,58,0.4573,12,0,0.9914,1,310.04,0,0,0.038528
SYN-02650,development,32,0.0429,1,0,1.0373,0,412.32,0,0,0.058449
SYN-02651,development,8,0.2483,25,1,1.0439,2,2229.35,1,132,0.145127
SYN-02652,development,24,0.3711,12,1,0.9727,0,879.76,0,0,0.093326
SYN-02653,development,83,0.1401,12,0,0.8696,3,1915.78,0,0,0.067812
SYN-02654,development,33,-0.1654,52,0,0.741,2,2400.31,0,0,0.208708
SYN-02655,development,72,0.3381,24,0,0.8152,0,4274.74,0,0,0.05235
SYN-02656,development,24,0.2446,8,0,0.8916,2,1353.78,0,0,0.065826
SYN-02657,development,8,-0.0967,49,0,0.775,2,1888.09,0,0,0.199662
SYN-02658,development,60,0.2653,24,0,0.8017,5,6886.88,0,0,0.084758
SYN-02659,development,4,-0.3376,18,0,0.8694,0,2014.16,0,0,0.152648
SYN-02660,development,10,-0.1431,26,0,1.0393,2,2139.76,0,0,0.127323
SYN-02661,development,67,-0.1822,33,0,0.9595,2,3031.46,0,0,0.123456
SYN-02662,development,10,0.1267,1,0,0.9726,0,907.21,0,0,0.060381
SYN-02663,development,78,0.0152,26,1,0.8422,0,1922.57,0,0,0.156175
SYN-02664,development,59,-0.1084,36,0,0.5962,0,413.86,0,0,0.148808
SYN-02665,development,74,0.172,16,1,0.9995,10,2543.8,0,0,0.191444
SYN-02666,development,35,0.2315,27,0,0.6615,3,659.76,0,0,0.109394
SYN-02667,development,77,0.2014,60,0,1.0218,5,3759.81,0,0,0.117442
SYN-02668,development,20,-0.3109,34,0,0.8044,5,1997.53,1,48,0.240688
SYN-02669,development,74,-0.0904,27,0,0.9804,1,1199.29,0,0,0.092688
SYN-02670,development,76,0.384,1,0,0.9495,1,1925.33,0,0,0.034461
SYN-02671,development,45,0.0514,20,1,0.8648,2,2124.2,0,0,0.175235
SYN-02672,development,75,-0.4903,25,0,0.8431,1,2949.13,0,0,0.164564
SYN-02673,development,84,0.06,12,0,0.8836,0,4790.81,0,0,0.057632
SYN-02674,development,75,0.0238,18,0,0.965,1,1633.32,0,0,0.070947
SYN-02675,development,17,-0.4554,5,1,0.6135,2,8258.87,1,116,0.321905
SYN-02676,development,45,0.3145,1,0,0.9456,4,792.59,0,0,0.05509
SYN-02677,development,74,-0.0751,19,1,0.885,6,1209.95,0,0,0.229332
SYN-02678,development,78,0.2542,1,0,0.9814,4,2540.27,0,0,0.049039
SYN-02679,development,60,-0.4464,2,0,1.0011,0,1585.89,0,0,0.103104
SYN-02680,development,68,-0.1246,22,0,1.089,0,1549.67,0,0,0.078351
SYN-02681,development,25,-0.435,17,0,0.8588,1,2142.91,0,0,0.168373
SYN-02682,development,43,-0.027,31,0,0.5744,3,2350.35,0,0,0.162542
SYN-02683,development,64,-0.0496,1,0,0.8104,2,543.4,1,117,0.081995
SYN-02684,development,19,0.2042,15,0,0.8173,1,2419.39,0,0,0.076595
SYN-02685,development,67,-0.2744,21,0,0.942,2,853.22,0,0,0.1246
SYN-02686,development,83,0.1195,40,0,0.8227,1,420.57,0,0,0.0934
SYN-02687,development,9,0.0133,17,1,0.9422,0,3025.15,0,0,0.165754
SYN-02688,development,32,0.0137,1,1,1.0643,0,2817.62,0,0,0.112232
SYN-02689,development,65,0.0898,17,0,0.7552,0,953.94,0,0,0.076094
SYN-02690,development,60,0.4839,22,0,0.8178,4,611.42,0,0,0.061503
SYN-02691,development,70,-0.183,11,0,0.9701,2,254.43,0,0,0.094624
SYN-02692,development,18,0.0177,18,1,0.719,2,352.96,0,0,0.224987
SYN-02693,development,56,0.1188,37,0,1.0411,0,4089.68,0,0,0.073213
SYN-02694,development,74,-0.142,35,0,0.8199,7,2605.17,0,0,0.183077
SYN-02695,development,28,-0.0213,8,1,0.7416,0,3078.31,1,93,0.170169
SYN-02696,development,69,0.3469,69,0,0.7706,4,656.52,0,0,0.136395
SYN-02697,development,22,0.1224,10,0,0.5658,9,279.26,0,0,0.172787
SYN-02698,development,30,-0.1522,37,0,0.9821,2,4036.88,0,0,0.13996
SYN-02699,development,28,-0.3342,48,0,1.1338,0,2739.25,0,0,0.158756
SYN-02700,development,27,0.1565,7,0,0.8409,0,5592.66,0,0,0.061927
SYN-02701,development,57,-0.006,29,0,0.9921,1,528.69,0,0,0.09115
SYN-02702,development,64,-0.1113,1,0,0.8506,4,3650.69,0,0,0.094611
SYN-02703,development,67,-0.2689,12,0,0.7057,0,1316.64,0,0,0.117782
SYN-02704,development,52,0.1925,1,0,1.1154,0,1922.21,0,0,0.03969
SYN-02705,development,28,0.4902,1,0,0.8884,0,390.56,0,0,0.036853
SYN-02706,development,56,-0.0858,62,0,0.8101,1,1580.99,0,0,0.176385
SYN-02707,development,75,0.149,47,0,0.7892,0,2673.17,0,0,0.094901
SYN-02708,development,80,-0.0429,49,0,1.1468,0,2235.31,0,0,0.089753
SYN-02709,development,77,-0.599,36,0,0.7727,1,660.61,0,0,0.228861
SYN-02710,development,71,0.0055,32,0,0.7964,3,533.94,1,117,0.120143
SYN-02711,development,14,0.1325,9,0,0.9245,0,3680.51,0,0,0.066005
SYN-02712,development,73,0.199,33,0,1.0755,1,2388.54,0,0,0.061707
SYN-02713,development,60,-0.0503,24,0,0.8997,3,379.06,0,0,0.111562
SYN-02714,development,47,-0.0128,20,0,0.8226,2,581.29,1,88,0.106096
SYN-02715,development,28,-0.5451,27,0,1.0615,0,2629.99,0,0,0.169316
SYN-02716,development,22,0.0638,10,0,0.9011,0,1026.47,0,0,0.075177
SYN-02717,development,72,-0.2849,28,0,0.9212,0,1999.07,0,0,0.118639
SYN-02718,development,84,-0.1936,1,1,0.8405,0,884.95,0,0,0.147577
SYN-02719,development,20,-0.0857,64,0,0.8376,0,1109.85,0,0,0.190625
SYN-02720,development,12,0.2407,1,0,0.818,0,1348.81,0,0,0.058774
SYN-02721,development,58,0.2242,21,0,0.6901,0,778.19,0,0,0.073393
SYN-02722,development,73,-0.022,22,0,0.8379,0,1332.68,1,59,0.08426
SYN-02723,development,77,-0.1065,14,0,0.8455,1,3747.56,0,0,0.086045
SYN-02724,development,40,-0.2872,36,0,0.7872,8,1899.07,1,78,0.269389
SYN-02725,development,33,0.1953,56,0,0.9177,1,629.04,0,0,0.116807
SYN-02726,development,56,0.0728,11,0,0.7829,0,920.79,0,0,0.072811
SYN-02727,development,37,-0.1039,11,0,0.7858,4,11513.71,1,69,0.113541
SYN-02728,development,84,-0.1428,1,0,0.8794,3,2128.62,0,0,0.084269
SYN-02729,development,83,-0.2919,41,0,0.9429,3,1882.78,0,0,0.161279
SYN-02730,development,2,-0.1638,23,0,0.683,2,1518.23,0,0,0.176316
SYN-02731,development,28,0.025,23,0,0.6541,0,878.68,0,0,0.114254
SYN-02732,development,11,-0.3344,10,0,0.8739,4,1582.07,0,0,0.17393
SYN-02733,development,20,0.2667,29,0,0.8072,0,628.16,0,0,0.081394
SYN-02734,development,39,0.2403,42,1,0.8209,10,3266.08,1,120,0.301089
SYN-02735,development,19,0.0785,24,0,0.9957,0,1581.7,0,0,0.081843
SYN-02736,development,5,0.2647,43,0,0.8341,7,1291.06,0,0,0.160687
SYN-02737,development,22,-0.4388,1,0,0.9515,2,412.41,0,0,0.142146
SYN-02738,development,40,-0.1372,8,1,0.7589,7,500.14,0,0,0.285961
SYN-02739,development,28,0.2337,29,0,0.936,2,1541.14,0,0,0.083215
SYN-02740,development,70,0.2478,24,0,1.007,0,2024.69,0,0,0.051573
SYN-02741,development,64,-0.1,6,0,1.1022,0,2254.73,0,0,0.060883
SYN-02742,development,6,-0.2098,17,0,1.1248,2,1935.8,0,0,0.117043
SYN-02743,development,31,-0.0553,52,0,1.0019,0,1063.06,0,0,0.133125
SYN-02744,development,46,-0.6179,12,0,0.9969,2,3667.48,0,0,0.170675
SYN-02745,development,80,-0.5214,46,0,1.0427,8,1725.32,0,0,0.280021
SYN-02746,development,25,-0.0588,24,0,0.9006,1,1439.54,0,0,0.111718
SYN-02747,development,14,0.2547,1,0,0.5228,1,511.6,0,0,0.081425
SYN-02748,development,53,-0.0486,7,1,0.6311,3,2017.69,0,0,0.211055
SYN-02749,development,75,0.3836,8,0,0.8858,0,1707.52,0,0,0.037777
SYN-02750,development,23,-0.2087,37,0,0.9498,1,1423.22,1,62,0.15341
SYN-02751,development,56,-0.1318,28,0,0.9791,0,7460.25,0,0,0.091739
SYN-02752,development,11,-0.1879,51,1,0.9335,0,2936.62,0,0,0.302714
SYN-02753,development,57,0.0087,47,0,0.834,2,283.13,0,0,0.138661
SYN-02754,development,59,-0.4652,52,0,0.996,3,1336.25,0,0,0.236024
SYN-02755,development,36,0.1327,2,1,0.947,2,1692.89,0,0,0.12351
SYN-02756,development,17,-0.3284,33,0,0.8993,0,2133.04,0,0,0.167736
SYN-02757,development,16,-0.5297,20,0,0.9795,1,1651.21,0,0,0.184282
SYN-02758,development,56,-0.133,45,0,0.7161,1,1677.56,1,86,0.164428
SYN-02759,development,62,-0.0646,23,0,0.9469,0,476.49,0,0,0.086701
SYN-02760,development,62,0.3084,35,0,0.8909,1,1846.56,1,107,0.068367
SYN-02761,development,16,-0.0219,25,0,0.8702,9,1487.67,0,0,0.192862
SYN-02762,development,58,-0.2279,37,0,1.0809,3,2912.98,0,0,0.137402
SYN-02763,development,66,-0.1455,9,0,0.944,0,3197.44,0,0,0.076293
SYN-02764,development,18,-0.3529,37,0,0.6822,0,1170.91,0,0,0.216687
SYN-02765,development,37,0.2395,13,0,0.9592,1,4582.95,0,0,0.056105
SYN-02766,development,33,0.1693,10,0,0.8307,0,766.75,0,0,0.066647
SYN-02767,development,22,0.0431,20,0,1.0038,1,2212.85,1,98,0.084848
SYN-02768,development,11,-0.1525,49,0,0.8956,2,1242.27,0,0,0.193053
SYN-02769,development,25,-0.6303,21,1,0.8697,1,552.33,0,0,0.374542
SYN-02770,development,44,0.187,1,0,1.0667,2,1596.51,0,0,0.050379
SYN-02771,development,64,-0.0856,72,0,0.9382,1,393.13,1,97,0.176188
SYN-02772,development,40,0.1696,51,0,0.9775,0,1692.89,1,109,0.096186
SYN-02773,development,36,-0.3264,21,0,0.928,1,1568.78,0,0,0.14102
SYN-02774,development,2,-0.0937,7,0,0.8049,1,4637.96,1,105,0.107568
SYN-02775,development,62,0.0752,1,1,0.9343,4,952.94,0,0,0.137983
SYN-02776,development,76,-0.2631,39,0,0.8812,1,4313.78,0,0,0.140008
SYN-02777,development,12,0.2735,9,1,0.8567,0,664.77,0,0,0.118855
SYN-02778,development,80,-0.2739,15,0,0.6655,1,1499.63,0,0,0.129112
SYN-02779,development,53,-0.1433,30,0,0.7366,2,2168.05,0,0,0.146301
SYN-02780,development,66,-0.4226,10,1,0.9813,1,1261.54,0,0,0.217814
SYN-02781,development,49,0.1553,36,0,0.9502,5,4673.17,0,0,0.108022
SYN-02782,development,47,0.0256,1,0,0.8563,6,1635.65,0,0,0.099443
SYN-02783,development,21,-0.2017,31,0,1.0919,1,1426.09,0,0,0.126146
SYN-02784,development,78,0.3368,17,0,0.8342,1,3170.55,0,0,0.04983
SYN-02785,development,20,0.0669,32,0,0.9242,2,2113.85,0,0,0.111563
SYN-02786,development,52,-0.1215,89,0,1.0474,0,560.5,1,42,0.201323
SYN-02787,development,14,-0.0692,35,0,0.8165,2,1368.1,0,0,0.155779
SYN-02788,development,72,0.3884,53,0,0.7419,1,1047.9,0,0,0.08659
SYN-02789,development,30,-0.0815,1,0,0.9012,0,2819.92,0,0,0.076496
SYN-02790,development,83,-0.0662,52,1,0.7454,0,261.91,0,0,0.25015
SYN-02791,development,36,0.0804,1,0,0.9322,3,414.23,0,0,0.074525
SYN-02792,development,17,-0.2267,1,0,1.1378,0,575.58,0,0,0.081539
SYN-02793,development,41,0.0096,10,0,0.8816,0,1996.14,0,0,0.07501
SYN-02794,development,50,-0.3984,7,0,1.002,2,4620.99,0,0,0.118305
SYN-02795,development,4,0.2043,30,0,1.0293,2,1092.83,0,0,0.089547
SYN-02796,development,61,0.0351,1,0,0.8228,0,1282.01,0,0,0.062939
SYN-02797,development,58,-0.3511,8,0,0.9926,0,809.3,0,0,0.100989
SYN-02798,development,49,-0.1589,35,0,0.8016,1,2600.72,0,0,0.142079
SYN-02799,development,22,0.3398,5,0,1.2122,3,1354.23,0,0,0.044596
SYN-02800,development,34,-0.3893,5,0,0.8421,2,1327.84,0,0,0.145301
SYN-02801,development,41,-0.3799,41,1,0.6696,1,1097.27,0,0,0.384183
SYN-02802,development,34,0.4067,1,0,0.67,0,1212.48,0,0,0.048982
SYN-02803,development,46,-0.1679,73,0,0.7773,0,2460.41,0,0,0.218346
SYN-02804,development,14,-0.255,1,0,1.122,0,5278.07,0,0,0.081614
SYN-02805,development,35,-0.395,19,0,0.8498,0,1626.78,0,0,0.15037
SYN-02806,development,60,0.1243,1,0,1.0322,3,2362.79,0,0,0.056317
SYN-02807,development,60,-0.5565,8,0,0.8395,0,3094.41,0,0,0.144296
SYN-02808,development,81,0.0452,42,0,0.7151,7,912.88,1,64,0.172183
SYN-02809,development,29,0.0537,31,0,0.865,5,3112.02,0,0,0.13728
SYN-02810,development,70,-0.1933,1,1,1.2322,1,602.33,0,0,0.119589
SYN-02811,development,49,-0.4396,9,0,0.7286,1,1790.06,0,0,0.157002
SYN-02812,development,47,-0.3943,59,0,0.5862,1,2401.24,0,0,0.291727
SYN-02813,development,45,0.0334,54,1,0.8411,2,2382.48,0,0,0.266124
SYN-02814,development,39,-0.3071,4,0,0.895,0,321.42,0,0,0.107327
SYN-02815,development,45,-0.0102,13,0,0.9629,1,1666.51,0,0,0.078905
SYN-02816,development,24,0.3146,26,0,0.923,0,515.77,0,0,0.064963
SYN-02817,development,70,0.0008,55,1,0.9398,1,1111.27,0,0,0.227799
SYN-02818,development,40,-0.1486,15,0,0.9152,1,887.46,1,101,0.104646
SYN-02819,development,78,0.08,9,0,1.015,0,916.21,0,0,0.051574
SYN-02820,development,40,-0.3941,23,0,1.0648,2,645.41,0,0,0.148966
SYN-02821,development,17,-0.0503,26,0,0.8883,0,1205.74,0,0,0.110915
SYN-02822,development,40,0.1564,5,0,0.7842,0,456.4,0,0,0.064536
SYN-02823,development,46,0.1046,75,0,0.6792,4,1800.07,0,0,0.226148
SYN-02824,development,63,-0.1302,29,0,0.8931,1,1925.03,1,64,0.112087
SYN-02825,development,25,0.2567,1,0,1.1674,0,1258.31,0,0,0.039217
SYN-02826,development,14,-0.02,1,0,0.9662,0,1910.22,0,0,0.071858
SYN-02827,development,59,0.1596,27,1,0.6306,1,3044.49,0,0,0.17833
SYN-02828,development,28,0.2154,25,0,1.0181,4,486.91,0,0,0.08761
SYN-02829,development,80,-0.2927,35,0,1.0173,1,5577.01,0,0,0.119136
SYN-02830,development,75,-0.0602,7,1,0.9916,0,2575.59,0,0,0.11983
SYN-02831,development,24,-0.0912,38,0,1.0519,0,523.24,0,0,0.115825
SYN-02832,development,36,-0.1749,11,0,0.9617,2,708.6,0,0,0.107682
SYN-02833,development,14,-0.0824,45,1,0.9853,8,2820.94,1,90,0.371504
SYN-02834,development,56,-0.348,60,0,0.9832,1,1255.82,0,0,0.205053
SYN-02835,development,62,0.1743,49,1,0.8858,0,6894.93,0,0,0.163702
SYN-02836,development,70,0.0022,12,1,0.9647,4,843.64,1,117,0.163472
SYN-02837,development,12,0.2273,71,0,0.8714,0,1051.82,1,92,0.142362
SYN-02838,development,11,0.231,68,1,0.8817,1,1559.02,0,0,0.259192
SYN-02839,development,29,0.3973,1,0,0.849,0,1382.23,0,0,0.042749
SYN-02840,development,22,-0.1251,29,0,0.7833,0,1478.79,0,0,0.135535
SYN-02841,development,10,0.0667,1,0,1.1802,1,1367.34,0,0,0.057715
SYN-02842,development,65,0.1144,16,0,0.8636,0,747.71,0,0,0.06596
SYN-02843,development,48,0.0494,40,1,1.0458,6,890.3,1,52,0.244758
SYN-02844,development,7,0.0426,38,1,0.7418,1,427.93,0,0,0.26203
SYN-02845,development,33,0.0626,62,1,1.25,3,755.3,1,106,0.233233
SYN-02846,development,31,-0.1715,9,0,1.0226,2,1122.15,0,0,0.100489
SYN-02847,development,55,-0.2702,1,1,1.1054,2,841.4,1,89,0.16535
SYN-02848,development,76,-0.0693,39,0,0.8966,0,663.53,0,0,0.105809
SYN-02849,development,69,-0.0561,28,0,1.0987,3,2727.73,0,0,0.09276
SYN-02850,development,26,0.0937,50,0,0.9468,2,1117.4,0,0,0.131268
SYN-02851,development,64,-0.2082,24,1,0.9818,7,2183.44,0,0,0.281911
SYN-02852,development,74,-0.0937,15,0,0.9049,2,1804.05,1,101,0.090531
SYN-02853,development,71,0.0368,12,1,0.7954,0,948.27,0,0,0.138541
SYN-02854,development,29,0.2479,5,1,1.0165,0,775.55,0,0,0.094514
SYN-02855,development,63,-0.2016,18,0,1.0063,5,5451.13,0,0,0.121086
SYN-02856,development,57,0.3214,38,0,1.0241,1,1280.93,0,0,0.063684
SYN-02857,development,83,0.068,42,0,0.8736,2,765.93,0,0,0.104491
SYN-02858,development,33,-0.2632,4,1,0.9479,0,2690.75,0,0,0.180774
SYN-02859,development,72,-0.22,19,0,0.9114,1,2326.43,0,0,0.104543
SYN-02860,development,65,0.1256,1,1,0.7698,4,1771.79,0,0,0.145694
SYN-02861,development,63,-0.191,21,0,0.6952,2,825.32,0,0,0.140777
SYN-02862,development,3,0.1432,1,0,1.0851,0,1112.77,0,0,0.054634
SYN-02863,development,21,-0.2278,38,0,0.996,0,3538.4,0,0,0.140643
SYN-02864,development,22,-0.037,41,0,0.8374,1,3133.82,0,0,0.140693
SYN-02865,development,40,0.1956,20,0,0.8237,0,1914.19,0,0,0.070736
SYN-02866,development,61,0.2347,24,0,0.919,4,4828.76,0,0,0.075775
SYN-02867,development,61,0.1725,39,0,0.8544,3,4726.5,0,0,0.099177
SYN-02868,development,24,0.7159,20,0,1.0291,0,732.44,0,0,0.030972
SYN-02869,development,31,-0.1942,16,0,1.0702,0,1776.2,0,0,0.093848
SYN-02870,development,5,-0.5707,45,1,0.812,0,964.85,0,0,0.452831
SYN-02871,development,84,-0.1948,6,0,0.9523,0,3130.94,0,0,0.072144
SYN-02872,development,35,0.3045,63,0,1.1442,0,2726.83,1,99,0.081625
SYN-02873,development,4,-0.1577,30,0,1.0697,0,3499.47,0,0,0.116942
SYN-02874,development,74,-0.0819,10,1,0.805,1,1589.62,0,0,0.162454
SYN-02875,development,26,0.2578,46,0,0.6758,1,5817.38,0,0,0.112664
SYN-02876,development,16,0.1826,8,0,0.7535,0,3040.12,1,127,0.071238
SYN-02877,development,51,0.1717,34,0,0.9118,2,494.35,1,95,0.090912
SYN-02878,development,50,-0.2269,12,0,0.9195,1,823.06,0,0,0.106724
SYN-02879,development,3,-0.3542,34,0,0.9319,2,2386.98,0,0,0.202666
SYN-02880,development,60,-0.0311,12,1,1.0009,3,6294.15,0,0,0.150419
SYN-02881,development,47,0.4799,35,0,0.5617,0,481.16,0,0,0.074143
SYN-02882,development,40,-0.4847,24,0,1.0165,0,1632.11,0,0,0.152307
SYN-02883,development,23,-0.1137,37,0,0.9807,0,1271.63,0,0,0.124497
SYN-02884,development,45,-0.2769,26,0,0.9319,0,1228.68,0,0,0.127571
SYN-02885,development,42,-0.0109,1,0,0.8697,0,453.93,0,0,0.070313
SYN-02886,development,9,0.1781,34,1,0.6989,0,642.47,0,0,0.208184
SYN-02887,development,82,-0.2456,42,0,1.037,1,318.63,0,0,0.127915
SYN-02888,development,64,-0.0568,31,1,1.1044,4,3656.13,0,0,0.193781
SYN-02889,development,50,-0.2587,18,0,1.0951,1,8568.16,0,0,0.092852
SYN-02890,development,41,-0.337,11,1,0.9547,0,992.88,0,0,0.210607
SYN-02891,development,70,-0.0165,21,0,0.999,1,1490.98,0,0,0.077322
SYN-02892,development,21,0.0589,23,0,0.521,1,419.21,0,0,0.135734
SYN-02893,development,30,-0.8524,44,0,1.0031,1,1289.68,1,51,0.319618
SYN-02894,development,16,-0.4674,48,0,0.9993,1,1782.54,0,0,0.232037
SYN-02895,development,62,-0.2934,6,0,0.8656,1,592.5,0,0,0.107919
SYN-02896,development,34,0.116,43,0,0.9491,1,858.59,1,116,0.105853
SYN-02897,development,23,0.2943,1,0,0.8849,0,2396.74,0,0,0.04823
SYN-02898,development,75,-0.106,6,1,0.6655,0,3274.45,0,0,0.163711
SYN-02899,development,54,0.1051,53,0,1.0046,2,814.59,0,0,0.114816
SYN-02900,development,25,-0.1026,33,0,0.9763,1,2601.91,0,0,0.122163
SYN-02901,development,75,-0.3518,72,0,0.7784,0,565.3,1,73,0.244651
SYN-02902,development,11,-0.1604,41,0,0.9955,1,1232.32,0,0,0.153357
SYN-02903,development,43,-0.1269,10,0,0.7799,0,1017.38,0,0,0.099
SYN-02904,development,44,0.1567,46,0,0.9863,3,1240.11,0,0,0.110613
SYN-02905,development,30,-0.3164,8,0,0.6839,3,1738.23,1,78,0.169339
SYN-02906,development,64,-0.1345,6,0,0.8897,0,1934.79,0,0,0.077858
SYN-02907,development,73,0.6698,27,0,0.7624,1,582.83,0,0,0.040851
SYN-02908,development,50,-0.1737,77,0,0.8398,1,1034.55,0,0,0.232923
SYN-02909,development,14,0.2573,74,1,1.1034,6,789.71,0,0,0.301316
SYN-02910,development,13,-0.3942,18,0,0.9134,1,1896.74,1,110,0.16275
SYN-02911,development,20,-0.0625,10,0,0.9167,0,2304.92,0,0,0.086941
SYN-02912,development,57,-0.0487,8,0,1.0367,9,1975.81,0,0,0.119833
SYN-02913,development,51,-0.3352,56,0,0.8826,0,1097.55,0,0,0.200451
SYN-02914,development,65,0.5949,70,0,0.7674,2,1234.2,0,0,0.088596
SYN-02915,development,9,-0.6932,65,0,0.8871,0,909.92,1,77,0.366776
SYN-02916,development,63,-0.1782,43,0,0.9717,5,970.02,0,0,0.174122
SYN-02917,development,45,-0.2472,2,0,1.0427,0,5956.31,1,53,0.076583
SYN-02918,development,20,0.0229,32,0,0.6751,3,1352.94,0,0,0.157379
SYN-02919,development,70,0.1583,24,0,0.5536,3,1827.53,0,0,0.108799
SYN-02920,development,81,0.3988,55,0,0.9362,2,447.94,0,0,0.076607
SYN-02921,development,36,-0.0983,46,0,1.051,8,1906.51,0,0,0.202615
SYN-02922,development,27,-0.2794,51,0,0.839,0,3298.18,0,0,0.19512
SYN-02923,development,25,-0.1921,18,0,0.8841,1,613.75,0,0,0.125886
SYN-02924,development,6,-0.0576,16,0,0.9162,3,865.58,0,0,0.123656
SYN-02925,development,74,0.0709,21,0,1.0113,4,2403.2,0,0,0.081606
SYN-02926,development,67,0.2566,57,0,0.9666,1,1163.0,0,0,0.090484
SYN-02927,development,19,0.1154,1,0,0.8048,1,950.09,0,0,0.073921
SYN-02928,development,62,-0.1551,10,0,0.6521,0,1261.33,0,0,0.1061
SYN-02929,development,39,-0.0798,49,0,0.9147,2,1807.08,0,0,0.155812
SYN-02930,development,13,0.1114,9,0,0.7367,2,2557.99,0,0,0.094466
SYN-02931,development,42,0.0124,40,0,0.9714,5,3477.39,0,0,0.139688
SYN-02932,development,2,-0.1437,27,0,0.9369,0,797.35,0,0,0.129485
SYN-02933,development,64,0.2148,48,0,0.7184,1,3000.11,0,0,0.104768
SYN-02934,development,75,-0.5442,10,0,0.8687,2,376.46,1,63,0.158007
SYN-02935,development,52,0.141,21,0,0.7028,0,1048.7,0,0,0.082842
SYN-02936,development,24,0.362,31,1,1.0212,0,2403.23,1,106,0.113313
SYN-02937,development,34,-0.3949,40,0,0.7196,0,733.35,0,0,0.216903
SYN-02938,development,40,0.3637,20,0,1.0125,0,651.75,0,0,0.048021
SYN-02939,development,59,-0.3352,1,0,1.1661,0,818.34,0,0,0.076857
SYN-02940,development,21,-0.0608,6,0,0.9931,2,900.96,0,0,0.089642
SYN-02941,development,47,-0.4111,44,0,0.8652,2,3031.3,0,0,0.216472
SYN-02942,development,52,-0.3437,21,0,0.7392,0,1349.1,0,0,0.149156
SYN-02943,development,2,-0.1509,64,0,1.0613,3,509.14,0,0,0.222279
SYN-02944,development,36,-0.0104,1,0,1.0331,1,3028.8,0,0,0.06428
SYN-02945,development,69,-0.4915,24,0,0.8905,1,1403.59,0,0,0.16326
SYN-02946,development,53,0.1162,33,0,0.8838,0,754.49,0,0,0.085151
SYN-02947,development,7,-0.2726,1,0,0.7983,4,913.31,0,0,0.157809
SYN-02948,development,63,-0.3614,54,0,1.1622,0,2319.6,0,0,0.151607
SYN-02949,development,56,0.0452,37,0,0.8006,6,1815.07,0,0,0.154093
SYN-02950,development,18,0.0373,6,0,0.7525,0,1576.07,0,0,0.085313
SYN-02951,development,35,0.1134,15,0,0.6164,0,2202.94,0,0,0.090677
SYN-02952,development,24,0.75,1,0,0.9264,1,1595.31,0,0,0.026572
SYN-02953,development,80,0.1352,63,0,1.1147,1,497.72,0,0,0.096195
SYN-02954,development,67,-0.0002,39,1,1.0753,0,1066.41,1,97,0.16177
SYN-02955,development,81,0.212,31,0,1.0148,0,4750.22,0,0,0.054327
SYN-02956,development,36,0.4171,1,0,1.067,3,1200.23,0,0,0.041002
SYN-02957,development,51,-0.3764,49,0,0.7793,3,789.87,0,0,0.251834
SYN-02958,development,17,0.6016,21,0,0.9293,1,1389.09,0,0,0.044522
SYN-02959,development,72,0.0504,52,0,0.839,1,898.01,0,0,0.122034
SYN-02960,development,42,0.3785,23,0,1.1101,3,781.2,0,0,0.055025
SYN-02961,development,17,0.0634,44,0,1.041,0,2659.83,0,0,0.103442
SYN-02962,development,3,-0.6684,26,0,0.9581,1,3248.26,0,0,0.241672
SYN-02963,development,5,0.0102,22,0,0.9079,0,549.05,0,0,0.101372
SYN-02964,development,74,0.119,1,0,0.9859,0,1728.91,0,0,0.045281
SYN-02965,development,22,-0.109,28,0,0.9724,1,299.02,0,0,0.120961
SYN-02966,development,38,-0.206,44,0,0.9259,0,756.5,0,0,0.151571
SYN-02967,development,60,-0.2609,1,0,0.8812,0,1411.46,0,0,0.088989
SYN-02968,development,39,-0.029,28,1,1.1101,0,3315.7,1,95,0.154193
SYN-02969,development,61,0.0844,1,0,0.7649,3,1572.45,0,0,0.07654
SYN-02970,development,17,-0.006,10,0,0.7717,0,2409.82,0,0,0.092913
SYN-02971,development,75,0.3726,51,0,0.8008,0,1543.98,0,0,0.074674
SYN-02972,development,22,0.0392,63,0,0.9936,8,3147.01,0,0,0.227329
SYN-02973,development,68,-0.0434,53,0,0.7603,1,1842.0,0,0,0.14918
SYN-02974,development,15,-0.3076,69,0,0.8927,0,1507.75,0,0,0.251702
SYN-02975,development,79,-0.0839,20,0,0.8475,3,1951.93,0,0,0.105144
SYN-02976,development,48,-0.3498,65,0,0.883,1,2376.02,0,0,0.238296
SYN-02977,development,71,-0.2112,46,0,0.8375,1,1620.6,0,0,0.156479
SYN-02978,development,61,0.2006,31,0,0.7704,1,2467.37,0,0,0.083253
SYN-02979,development,15,-0.1276,1,0,0.9161,2,1231.63,0,0,0.100219
SYN-02980,development,22,0.1691,33,0,0.7006,1,1278.91,0,0,0.11289
SYN-02981,development,73,0.3567,42,1,1.2442,2,4922.69,0,0,0.098181
SYN-02982,development,41,0.1666,14,0,1.1041,1,688.94,0,0,0.05699
SYN-02983,development,76,-0.3241,15,1,0.7803,0,2938.74,1,103,0.214543
SYN-02984,development,62,-0.1385,19,0,0.7368,0,1234.57,0,0,0.108226
SYN-02985,development,81,0.6221,65,0,0.7956,1,998.86,0,0,0.068149
SYN-02986,development,66,-0.1391,41,0,1.1599,0,1627.87,1,71,0.096862
SYN-02987,development,73,0.483,36,0,0.7797,0,1176.02,0,0,0.05429
SYN-02988,development,58,0.2733,11,0,0.8951,2,2383.35,0,0,0.056056
SYN-02989,development,2,-0.4157,29,1,0.9306,0,958.07,1,41,0.321387
SYN-02990,development,73,0.0999,21,0,1.0725,0,3195.3,0,0,0.055426
SYN-02991,development,40,0.2255,25,1,1.2023,0,1038.58,0,0,0.101877
SYN-02992,development,37,0.1174,28,0,0.8652,1,701.57,1,81,0.092781
SYN-02993,development,56,0.4585,32,1,0.9971,0,233.76,0,0,0.093445
SYN-02994,development,14,0.2067,22,0,1.1058,1,1358.28,1,95,0.066693
SYN-02995,development,44,0.1648,17,0,0.8986,1,4063.55,0,0,0.067796
SYN-02996,development,66,-0.95,30,0,0.9961,1,1193.44,0,0,0.274915
SYN-02997,development,24,-0.1379,37,0,0.8755,2,487.29,0,0,0.160834
SYN-02998,development,66,-0.0895,10,0,0.4763,0,906.96,1,102,0.112443
SYN-02999,development,3,-0.5448,39,0,0.8385,5,1083.33,1,64,0.336087
SYN-03000,development,80,0.1207,41,0,1.0544,4,2662.84,0,0,0.092883
SYN-03001,development,4,-0.2233,25,1,0.9202,0,2297.21,0,0,0.249232
SYN-03002,development,61,-0.1951,24,0,0.9634,2,2260.06,0,0,0.115454
SYN-03003,development,69,-0.1647,44,0,1.0025,0,1168.78,0,0,0.118774
SYN-03004,development,3,-0.2555,11,0,0.8819,1,474.32,0,0,0.136754
SYN-03005,development,48,-0.2687,19,1,1.0419,0,2409.23,0,0,0.19096
SYN-03006,development,51,0.0843,4,0,1.0656,3,2180.73,0,0,0.062563
SYN-03007,development,3,-0.1862,35,0,1.0238,1,2030.18,0,0,0.146679
SYN-03008,development,69,-0.3142,1,0,0.9333,0,5672.05,0,0,0.082909
SYN-03009,development,83,-0.4559,31,0,0.9784,2,998.86,0,0,0.160727
SYN-03010,development,64,0.1233,18,0,1.2271,0,1577.59,0,0,0.047396
SYN-03011,development,41,0.3199,39,0,0.8678,0,4008.19,0,0,0.071658
SYN-03012,development,38,-0.09,49,0,0.8881,0,3385.11,0,0,0.139417
SYN-03013,development,44,-0.1687,29,1,0.6236,2,1746.02,1,67,0.298933
SYN-03014,development,28,-0.2884,34,0,1.1363,2,1067.54,0,0,0.14674
SYN-03015,development,38,-0.2328,3,0,1.1054,0,2556.72,0,0,0.07754
SYN-03016,development,52,0.0776,1,0,0.8,3,857.71,0,0,0.078444
SYN-03017,development,19,-0.1124,39,0,0.8589,3,456.64,0,0,0.175894
SYN-03018,development,41,0.225,58,1,0.9731,0,692.99,0,0,0.186205
SYN-03019,development,55,-0.034,20,0,0.8732,0,976.28,0,0,0.087451
SYN-03020,development,39,0.3463,1,0,1.0298,1,1301.72,0,0,0.039901
SYN-03021,development,2,-0.3624,1,0,1.011,0,1265.61,0,0,0.114862
SYN-03022,development,59,0.0721,1,0,1.121,0,1553.59,0,0,0.045513
SYN-03023,development,55,0.3212,24,0,0.882,0,814.4,0,0,0.056817
SYN-03024,development,66,0.0616,9,0,0.8971,0,555.98,0,0,0.06243
SYN-03025,development,66,0.555,27,0,1.0536,0,3110.0,0,0,0.033624
SYN-03026,development,51,-0.0865,61,1,1.0435,0,2439.19,0,0,0.246032
SYN-03027,development,43,-0.1731,64,0,0.5416,0,565.73,1,85,0.245372
SYN-03028,development,24,-0.036,22,1,0.6853,2,1163.38,0,0,0.248386
SYN-03029,development,19,0.2021,1,0,0.933,0,3116.74,0,0,0.05273
SYN-03030,development,50,-0.0722,10,0,0.7809,4,443.18,0,0,0.118508
SYN-03031,development,8,-0.2179,44,0,1.2032,3,9442.14,0,0,0.149162
SYN-03032,development,62,0.1938,12,0,0.9942,1,1557.34,0,0,0.053455
SYN-03033,development,25,-0.0906,14,0,0.9315,0,867.23,0,0,0.093686
SYN-03034,development,10,0.2352,19,0,1.0925,1,572.04,0,0,0.064142
SYN-03035,development,51,-0.2981,1,0,1.0828,0,875.17,0,0,0.081502
SYN-03036,development,40,0.1367,32,0,1.0662,1,2932.7,0,0,0.0762
SYN-03037,development,22,-0.8673,9,0,0.7573,1,1604.61,0,0,0.276222
SYN-03038,development,21,-0.2714,1,0,1.0063,4,488.35,0,0,0.125813
SYN-03039,development,38,0.1536,24,0,0.9047,1,2655.35,0,0,0.07854
SYN-03040,development,54,0.0828,20,0,0.9791,2,953.47,0,0,0.078602
SYN-03041,development,15,0.3466,1,0,1.0283,3,575.92,0,0,0.051781
SYN-03042,development,36,-0.0876,24,0,0.9609,0,2235.34,0,0,0.097184
SYN-03043,development,35,-0.3138,5,0,0.9053,4,1196.8,0,0,0.14262
SYN-03044,development,30,0.0945,32,0,0.7419,1,824.05,0,0,0.115281
SYN-03045,development,27,-0.4722,51,0,1.0056,1,1632.17,0,0,0.231389
SYN-03046,development,39,-0.3262,22,1,0.9781,0,1283.28,1,76,0.231988
SYN-03047,development,39,0.1397,17,0,0.6722,0,613.79,0,0,0.085914
SYN-03048,development,20,0.1346,53,0,0.8124,2,891.57,1,80,0.14892
SYN-03049,development,68,-0.4437,71,0,0.977,0,933.44,0,0,0.235422
SYN-03050,development,12,-0.1679,26,0,1.1463,1,1370.65,0,0,0.112183
SYN-03051,development,76,0.407,1,0,0.9298,2,1726.26,0,0,0.036698
SYN-03052,development,21,-0.1114,14,0,0.6917,1,1979.21,0,0,0.127331
SYN-03053,development,43,-0.1587,1,0,1.0637,0,3504.35,0,0,0.068618
SYN-03054,development,52,-0.3593,7,1,0.8789,10,4653.44,0,0,0.351685
SYN-03055,development,28,0.3098,13,0,0.736,0,1227.23,0,0,0.063507
SYN-03056,development,34,0.0932,21,0,0.8549,6,2866.67,0,0,0.122179
SYN-03057,development,58,0.0875,39,0,0.9771,0,361.06,0,0,0.086644
SYN-03058,development,62,-0.2909,27,0,1.0197,4,687.74,0,0,0.149556
SYN-03059,development,8,0.0096,39,0,0.6673,0,1662.74,0,0,0.150634
SYN-03060,development,2,0.3947,1,0,0.9419,0,257.54,0,0,0.044885
SYN-03061,development,28,-0.1115,1,1,0.6807,0,4010.66,1,74,0.181262
SYN-03062,development,2,0.2001,27,0,0.8438,1,2457.41,0,0,0.094422
SYN-03063,development,41,-0.1155,24,0,0.9108,3,2917.39,0,0,0.125371
SYN-03064,development,12,-0.4108,1,0,0.9709,1,10642.16,0,0,0.115164
SYN-03065,development,22,0.5321,33,0,0.827,1,571.16,0,0,0.062821
SYN-03066,development,19,0.3591,13,0,0.8419,0,716.73,0,0,0.056326
SYN-03067,development,77,-0.0927,8,0,1.0171,0,3275.91,0,0,0.062513
SYN-03068,development,30,-0.2236,5,0,0.947,0,520.47,0,0,0.09634
SYN-03069,development,58,-0.1213,44,0,0.7261,0,535.42,0,0,0.149879
SYN-03070,development,14,-0.6641,24,0,0.8437,3,822.02,0,0,0.283514
SYN-03071,development,32,-0.6851,36,1,0.8505,0,1563.35,1,62,0.420289
SYN-03072,development,73,-0.4727,47,0,1.0203,0,1161.55,0,0,0.175149
SYN-03073,development,7,-0.3275,11,0,0.6274,0,1509.69,0,0,0.168401
SYN-03074,development,68,-0.2625,4,0,0.8446,4,519.66,0,0,0.123231
SYN-03075,development,84,-0.1679,49,0,1.0574,1,620.79,0,0,0.122908
SYN-03076,development,72,-0.0131,11,0,1.0734,0,312.84,0,0,0.058998
SYN-03077,development,43,0.5221,40,0,0.5957,5,4193.86,1,123,0.099543
SYN-03078,development,26,-0.5239,29,0,0.8025,1,2579.53,0,0,0.222504
SYN-03079,development,55,-0.2473,34,1,0.9783,2,1701.91,0,0,0.256342
SYN-03080,development,40,-0.4154,12,0,0.6629,0,1714.18,0,0,0.162141
SYN-03081,development,38,0.4744,19,0,1.1785,0,7557.52,0,0,0.031732
SYN-03082,development,84,0.0482,9,1,1.0646,0,4976.4,0,0,0.093592
SYN-03083,development,79,-0.097,39,0,0.9706,0,2815.6,0,0,0.098649
SYN-03084,development,9,0.009,1,0,0.9061,3,761.95,0,0,0.093412
SYN-03085,development,54,0.0691,32,0,0.8613,3,1823.22,0,0,0.110133
SYN-03086,development,49,-0.0206,1,0,0.7898,4,973.82,0,0,0.097711
SYN-03087,development,53,-0.2626,75,0,0.8847,0,823.28,1,26,0.227453
SYN-03088,development,20,-0.0227,1,0,0.8617,1,820.61,0,0,0.084216
SYN-03089,development,43,-0.239,26,0,0.8348,1,1164.05,0,0,0.142369
SYN-03090,development,37,-0.129,3,1,0.774,4,519.14,0,0,0.226267
SYN-03091,development,10,0.1652,10,0,0.9277,1,1157.95,0,0,0.072134
SYN-03092,development,36,-0.3704,10,0,0.7786,0,425.45,0,0,0.140225
SYN-03093,development,76,-0.2569,1,0,0.8993,0,3387.42,0,0,0.079355
SYN-03094,development,81,-0.0453,2,0,0.994,3,745.02,0,0,0.069658
SYN-03095,development,41,-0.1527,1,0,0.8933,0,635.69,0,0,0.08336
SYN-03096,development,4,0.0478,8,0,0.9446,0,1600.6,0,0,0.076907
SYN-03097,development,51,-0.1975,32,0,0.7594,1,583.98,0,0,0.151489
SYN-03098,development,52,-0.0292,51,0,1.1574,0,7595.24,0,0,0.093607
SYN-03099,development,43,-0.1308,39,0,1.0987,2,3217.49,0,0,0.121348
SYN-03100,development,58,-0.0199,44,0,0.9382,0,662.05,0,0,0.109713
SYN-03101,development,76,0.3934,25,0,0.6805,0,1090.95,0,0,0.057304
SYN-03102,development,10,0.2302,30,1,0.9264,0,3801.96,0,0,0.14877
SYN-03103,development,68,-0.23,6,0,0.9897,0,976.09,0,0,0.08049
SYN-03104,development,23,-0.4016,41,0,1.1161,3,545.57,0,0,0.202807
SYN-03105,development,72,-0.4164,37,0,1.0787,1,424.5,0,0,0.149204
SYN-03106,development,63,0.0287,22,0,0.8742,1,2502.58,0,0,0.083883
SYN-03107,development,13,-0.3369,30,0,0.9301,1,1233.8,0,0,0.174328
SYN-03108,development,45,-0.1742,14,0,0.8591,0,1783.22,0,0,0.101492
SYN-03109,development,41,0.3234,14,0,0.7952,0,2137.94,0,0,0.055883
SYN-03110,development,11,0.0042,61,0,0.8861,0,1903.78,0,0,0.162689
SYN-03111,development,18,-0.6427,24,1,1.0204,2,486.75,0,0,0.379615
SYN-03112,development,78,-0.4853,28,1,0.917,0,5218.36,0,0,0.258433
SYN-03113,development,38,0.0415,44,0,0.9726,0,1045.7,0,0,0.106053
SYN-03114,development,8,-0.2012,1,0,0.7637,1,978.79,0,0,0.121463
SYN-03115,development,34,0.1067,20,0,0.7908,7,494.63,0,0,0.138068
SYN-03116,development,81,-0.1926,27,0,0.885,1,306.07,0,0,0.113295
SYN-03117,development,80,0.2177,5,0,0.7006,0,990.92,0,0,0.053683
SYN-03118,development,33,0.3326,1,0,0.9221,0,949.75,0,0,0.043164
SYN-03119,development,31,-0.0256,39,0,0.8657,3,354.26,0,0,0.15059
SYN-03120,development,84,-0.5698,26,0,1.0986,1,4067.64,0,0,0.141384
SYN-03121,development,46,-0.2549,1,0,0.7596,1,3302.01,0,0,0.108804
SYN-03122,development,5,-0.2026,28,0,0.8819,2,1215.06,1,68,0.165427
SYN-03123,development,34,-0.5624,25,0,1.1539,3,5666.89,0,0,0.17829
SYN-03124,development,34,0.3483,11,0,0.9508,0,2356.23,0,0,0.046038
SYN-03125,development,80,0.1077,52,0,0.8624,1,982.89,0,0,0.10746
SYN-03126,development,2,0.0329,24,0,0.7327,2,1351.1,0,0,0.1348
SYN-03127,development,81,0.0201,28,0,0.9387,0,621.55,0,0,0.076861
SYN-03128,development,31,0.5,50,0,0.6883,3,2169.84,0,0,0.100987
SYN-03129,development,13,0.0977,72,0,0.7538,2,1686.28,0,0,0.207756
SYN-03130,development,50,-0.0146,41,1,0.9383,1,4553.76,0,0,0.204487
SYN-03131,development,48,-0.1149,39,0,1.1331,2,1372.0,0,0,0.115868
SYN-03132,development,43,-0.1478,38,0,0.6466,3,1714.08,1,93,0.193839
SYN-03133,development,2,0.4318,20,0,0.9448,0,1490.03,0,0,0.054202
SYN-03134,development,25,-0.334,4,0,1.0195,1,1053.59,0,0,0.111749
SYN-03135,development,38,-0.096,36,0,0.9477,1,3116.01,0,0,0.121665
SYN-03136,development,78,-0.1194,52,1,0.8753,1,984.63,0,0,0.257247
SYN-03137,development,71,-0.063,38,0,1.0334,2,1201.32,0,0,0.106674
SYN-03138,development,2,-0.2277,20,0,0.8614,1,2528.49,0,0,0.146917
SYN-03139,development,48,0.1036,13,0,1.0843,0,1923.68,0,0,0.055422
SYN-03140,development,60,0.0971,38,0,0.7545,3,3447.53,0,0,0.120308
SYN-03141,development,60,0.0459,41,0,0.9655,0,4699.42,0,0,0.08886
SYN-03142,development,61,-0.1674,6,1,1.154,1,1122.17,0,0,0.13567
SYN-03143,development,70,0.4025,39,1,0.7407,0,1227.62,0,0,0.128337
SYN-03144,development,49,-0.1273,17,1,0.933,0,2954.36,1,93,0.170385
SYN-03145,development,34,-0.2443,31,0,0.9352,1,1537.02,0,0,0.144333
SYN-03146,development,3,0.5064,21,0,0.8659,4,727.01,0,0,0.071539
SYN-03147,development,79,-0.5688,20,0,0.8957,4,1304.11,1,92,0.197942
SYN-03148,development,29,0.6713,22,0,0.7422,5,1378.96,0,0,0.061958
SYN-03149,development,46,0.0098,25,0,1.0548,0,603.85,0,0,0.078013
SYN-03150,development,47,0.1112,17,0,0.9815,2,1439.68,1,118,0.074224
SYN-03151,development,74,-0.657,38,0,0.8561,1,1045.21,0,0,0.235749
SYN-03152,development,73,-0.033,13,0,1.0835,1,1576.72,0,0,0.064854
SYN-03153,development,67,-0.1309,1,1,1.1591,0,3862.45,0,0,0.106643
SYN-03154,development,21,-0.672,51,0,1.0705,3,746.57,0,0,0.313962
SYN-03155,development,36,-0.4891,48,1,0.7935,3,2010.98,1,92,0.456893
SYN-03156,development,2,-0.073,42,0,0.9155,0,575.5,0,0,0.145788
SYN-03157,development,62,0.2433,40,0,0.8643,2,1211.86,0,0,0.088366
SYN-03158,development,79,0.3865,1,0,0.8689,0,4373.13,0,0,0.032832
SYN-03159,development,58,0.0008,1,0,0.9679,1,1388.96,0,0,0.062649
SYN-03160,development,84,-0.1117,31,0,0.7281,0,616.11,0,0,0.113317
SYN-03161,development,15,-0.2249,12,0,0.9361,1,1775.6,0,0,0.119257
SYN-03162,development,12,-0.2898,51,0,0.8804,0,2049.33,0,0,0.204829
SYN-03163,development,44,-0.1596,29,0,0.7271,0,734.3,0,0,0.137502
SYN-03164,development,7,-0.1615,37,0,1.0164,1,2688.02,0,0,0.14327
SYN-03165,development,7,0.3178,33,0,0.8727,6,1600.29,0,0,0.118986
SYN-03166,development,78,0.2246,49,0,0.7869,1,1159.82,0,0,0.095442
SYN-03167,development,82,0.0874,52,0,0.8744,1,4231.7,0,0,0.103748
SYN-03168,development,27,-0.1392,4,0,0.7418,0,361.25,1,102,0.103648
SYN-03169,development,4,-0.3937,24,0,0.838,1,1341.09,0,0,0.193229
SYN-03170,development,60,-0.1963,17,0,0.7657,0,3712.79,0,0,0.108153
SYN-03171,development,68,-0.0101,4,0,0.9749,0,590.91,1,105,0.059337
SYN-03172,development,27,0.0884,39,1,0.8361,4,3307.38,0,0,0.252694
SYN-03173,development,33,-0.1799,13,0,0.6154,1,1646.47,0,0,0.140159
SYN-03174,development,67,-0.1671,34,0,0.7428,0,1908.26,0,0,0.131218
SYN-03175,development,61,-0.2402,25,0,1.038,3,636.72,0,0,0.126796
SYN-03176,development,65,-0.001,27,0,0.8101,4,2417.42,0,0,0.120114
SYN-03177,development,13,0.1005,27,0,0.7026,2,433.18,0,0,0.127779
SYN-03178,development,17,-0.2959,43,0,0.8167,9,724.43,0,0,0.328368
SYN-03179,development,30,-0.3729,22,0,0.7298,0,1301.74,0,0,0.171514
SYN-03180,development,21,-0.0757,13,0,0.9348,1,1774.02,0,0,0.097316
SYN-03181,development,48,0.5034,22,0,0.8384,6,2305.04,0,0,0.069676
SYN-03182,development,30,-0.2084,19,1,1.2423,1,2214.27,1,103,0.172481
SYN-03183,development,8,-0.1473,21,0,0.9384,2,973.09,0,0,0.134107
SYN-03184,development,53,-0.6037,66,1,1.1405,0,1361.32,1,7,0.404606
SYN-03185,development,83,-0.0322,15,0,0.7043,0,910.74,0,0,0.084779
SYN-03186,development,60,0.1899,45,0,0.7041,0,1134.81,1,113,0.102579
SYN-03187,development,17,0.2238,16,0,0.6969,2,2693.63,0,0,0.090827
SYN-03188,development,14,0.3064,48,0,0.9861,6,1262.5,0,0,0.12918
SYN-03189,development,46,-0.6275,19,0,0.8184,0,349.65,0,0,0.198723
SYN-03190,development,38,-0.6385,20,0,1.0571,1,2483.19,0,0,0.179748
SYN-03191,development,39,-0.3317,23,0,0.716,0,6172.18,0,0,0.151985
SYN-03192,development,64,0.1347,18,0,1.0213,0,1359.13,0,0,0.056727
SYN-03193,development,17,0.0369,16,1,0.9001,0,568.54,0,0,0.164761
SYN-03194,development,84,0.1956,59,0,1.0004,0,2828.73,0,0,0.083053
SYN-03195,development,18,-0.1581,26,0,0.8954,1,7870.28,0,0,0.123657
SYN-03196,development,77,-0.0359,48,0,0.9198,1,5874.02,0,0,0.110945
SYN-03197,development,79,-0.4406,15,0,0.8468,2,972.34,0,0,0.147183
SYN-03198,development,9,-0.0799,23,0,0.8387,0,1834.98,0,0,0.118594
SYN-03199,development,18,-0.3904,37,1,1.0639,5,2004.27,1,51,0.376006
SYN-03200,development,16,0.4248,38,0,0.8575,0,1515.22,0,0,0.071219
SYN-03201,development,19,-0.0531,30,0,0.9564,0,972.53,0,0,0.10981
SYN-03202,development,15,-0.0065,53,1,0.9407,0,529.31,0,0,0.257562
SYN-03203,development,56,0.4358,31,0,0.9048,0,4957.44,0,0,0.04912
SYN-03204,development,4,0.1197,37,0,0.8102,0,1964.71,0,0,0.11453
SYN-03205,development,37,0.3299,24,1,0.9224,0,1136.76,0,0,0.113613
SYN-03206,development,8,0.0076,12,0,0.8585,0,3761.5,0,0,0.088326
SYN-03207,development,56,-0.0063,1,0,0.9739,0,406.51,0,0,0.059857
SYN-03208,development,35,0.1313,16,0,0.8537,2,1311.34,0,0,0.084316
SYN-03209,development,31,-0.322,24,0,0.9534,4,641.85,0,0,0.178042
SYN-03210,development,66,0.162,38,0,0.9072,2,908.82,0,0,0.091094
SYN-03211,development,68,0.1773,43,0,0.9806,0,1873.75,0,0,0.075919
SYN-03212,development,68,-0.0791,13,0,0.861,0,1064.18,1,136,0.081027
SYN-03213,development,67,-0.0881,52,0,0.9099,0,875.25,0,0,0.130597
SYN-03214,development,11,0.0295,32,1,0.7629,4,812.11,1,103,0.285325
SYN-03215,development,35,-0.096,22,0,1.0086,1,1995.17,0,0,0.09904
SYN-03216,development,67,-0.0679,30,0,0.9826,3,621.07,0,0,0.111048
SYN-03217,development,16,-0.0818,33,0,0.8968,0,683.25,0,0,0.126607
SYN-03218,development,18,-0.4954,53,0,0.7272,0,2210.3,0,0,0.287437
SYN-03219,development,9,-0.7962,16,0,0.8565,0,2097.19,1,34,0.251919
SYN-03220,development,8,-0.072,9,1,1.0177,3,1136.01,1,84,0.19463
SYN-03221,development,28,-0.0932,34,0,0.9327,2,1943.29,0,0,0.135182
SYN-03222,development,32,-0.1013,16,0,1.0628,1,2285.02,0,0,0.088617
SYN-03223,development,23,-0.1264,4,0,0.7023,0,1193.94,0,0,0.106118
SYN-03224,development,7,-0.1544,28,0,0.8536,1,972.6,0,0,0.14901
SYN-03225,development,47,-0.1619,70,1,0.9525,1,1138.79,0,0,0.336748
SYN-03226,development,73,-0.2164,47,0,0.821,1,747.94,1,45,0.162121
SYN-03227,development,21,-0.0571,20,0,0.8523,0,1040.78,0,0,0.105445
SYN-03228,development,12,0.1388,1,0,1.1014,0,669.75,0,0,0.052408
SYN-03229,development,31,0.2256,44,0,0.7564,4,1121.86,0,0,0.135905
SYN-03230,development,68,0.0662,10,0,0.8186,5,1644.59,0,0,0.093851
SYN-03231,development,13,-0.0916,1,0,0.9153,6,2290.63,0,0,0.124851
SYN-03232,development,3,0.3089,14,0,0.8083,1,679.51,0,0,0.072501
SYN-03233,development,37,-0.0213,33,0,1.0641,0,3312.75,0,0,0.089659
SYN-03234,development,70,-0.0975,3,0,1.1207,0,1884.57,0,0,0.056109
SYN-03235,development,42,0.0103,13,0,0.8825,1,334.82,0,0,0.085129
SYN-03236,development,73,-0.3968,6,0,1.25,1,670.74,0,0,0.083782
SYN-03237,development,57,0.0309,21,1,1.0052,2,1994.38,0,0,0.155047
SYN-03238,development,18,0.1551,1,0,0.8973,0,5527.1,0,0,0.056465
SYN-03239,development,22,-0.2526,59,0,0.941,0,2619.18,0,0,0.196429
SYN-03240,development,22,0.0273,4,0,0.9083,0,1875.09,0,0,0.071584
SYN-03241,development,40,0.3168,49,0,0.9803,0,2365.38,0,0,0.07618
SYN-03242,development,2,-0.1506,21,0,0.9868,3,2306.38,0,0,0.138934
SYN-03243,development,24,-0.3107,67,0,0.9886,0,3028.58,0,0,0.219005
SYN-03244,development,18,-0.2244,32,0,0.9191,4,1120.25,1,89,0.186829
SYN-03245,development,23,0.2486,24,0,0.9689,0,687.38,1,117,0.06642
SYN-03246,development,4,-0.2272,11,0,0.7961,0,884.53,0,0,0.131696
SYN-03247,development,18,0.0387,29,0,1.0072,1,1045.71,0,0,0.098812
SYN-03248,development,70,-0.3091,45,0,0.7845,1,4998.32,0,0,0.175127
SYN-03249,development,75,-0.0276,51,0,0.4983,0,769.65,0,0,0.164283
SYN-03250,development,48,-0.0894,46,0,0.9598,1,369.9,0,0,0.13478
SYN-03251,development,75,0.2896,45,1,0.97,1,2395.36,0,0,0.135284
SYN-03252,development,46,-0.1018,42,1,0.9243,1,4074.76,0,0,0.235316
SYN-03253,development,35,-0.5019,26,1,0.8767,0,1033.88,1,52,0.318023
SYN-03254,development,49,-0.0863,29,0,0.9811,0,435.53,0,0,0.098753
SYN-03255,development,26,0.0667,30,0,0.7741,0,4583.78,1,86,0.102324
SYN-03256,development,40,0.3157,46,0,1.0324,2,3351.12,0,0,0.07943
SYN-03257,development,27,-0.0731,40,0,0.7948,1,355.39,0,0,0.152986
SYN-03258,development,35,-0.0841,24,0,0.8879,0,409.8,0,0,0.106153
SYN-03259,development,35,0.1405,15,0,1.078,1,1630.23,0,0,0.062102
SYN-03260,development,31,0.0416,7,0,0.9133,0,2431.04,0,0,0.069524
SYN-03261,development,40,-0.4382,9,0,0.958,4,1852.26,0,0,0.162491
SYN-03262,development,28,-0.3856,18,0,0.7332,2,1530.1,0,0,0.188636
SYN-03263,development,37,0.046,33,0,0.9233,0,4672.65,0,0,0.091397
SYN-03264,development,63,0.3275,18,0,0.917,0,1890.99,0,0,0.047812
SYN-03265,development,61,-0.0621,50,0,0.9508,1,1267.87,0,0,0.129597
SYN-03266,development,76,-0.2488,27,0,1.1091,2,1398.56,0,0,0.107751
SYN-03267,development,33,0.1056,17,0,0.9599,1,981.79,0,0,0.075821
SYN-03268,development,15,-0.1756,41,0,0.946,0,1563.05,0,0,0.149677
SYN-03269,development,24,-0.3999,24,0,1.075,0,2999.51,0,0,0.136459
SYN-03270,development,12,0.0149,1,1,1.045,0,816.22,1,113,0.126664
SYN-03271,development,7,0.1499,39,1,0.9217,1,1361.22,1,101,0.202957
SYN-03272,development,73,0.2375,52,0,1.0139,2,1041.65,0,0,0.087268
SYN-03273,development,34,-0.3104,56,0,0.855,0,3271.69,0,0,0.206319
SYN-03274,development,41,0.044,69,0,0.9737,1,1072.83,0,0,0.152583
SYN-03275,development,19,0.1836,45,0,1.0394,0,3382.61,0,0,0.08805
SYN-03276,development,46,-0.0365,10,1,1.0562,1,616.88,0,0,0.140329
SYN-03277,development,84,0.2069,17,0,0.7073,2,2117.02,0,0,0.071112
SYN-03278,development,33,0.1807,45,0,0.8907,0,2112.27,0,0,0.096938
SYN-03279,development,31,0.4212,49,0,0.8793,2,3947.24,0,0,0.084933
SYN-03280,development,61,0.5446,11,0,0.8641,1,807.92,0,0,0.037195
SYN-03281,development,82,-0.0071,30,0,0.991,0,2756.67,1,115,0.075513
SYN-03282,development,40,0.1236,14,0,0.8306,3,621.07,0,0,0.089816
SYN-03283,development,31,0.1682,51,1,0.9446,1,1546.78,0,0,0.204921
SYN-03284,development,14,0.0318,8,0,0.7894,3,2464.62,0,0,0.105472
SYN-03285,development,3,0.188,30,0,0.8329,1,1310.31,0,0,0.101844
SYN-03286,development,68,-0.3484,38,1,0.7897,1,14323.63,0,0,0.269747
SYN-03287,development,37,0.0083,41,0,0.802,0,2480.74,0,0,0.121838
SYN-03288,development,63,-0.3504,18,0,1.068,2,1009.1,1,82,0.120177
SYN-03289,development,73,-0.3056,40,0,0.9081,2,1695.51,0,0,0.162841
SYN-03290,development,39,0.3792,43,0,0.9929,1,2048.48,0,0,0.069195
SYN-03291,development,36,0.0956,6,0,1.0304,0,4465.74,0,0,0.054433
SYN-03292,development,51,-0.3773,9,0,0.9822,2,3231.09,0,0,0.121857
SYN-03293,development,57,0.0026,63,0,0.7699,0,734.69,0,0,0.156596
SYN-03294,development,40,-0.248,31,0,0.934,5,2953.73,0,0,0.180088
SYN-03295,development,38,-0.1843,27,0,1.0281,3,2115.25,0,0,0.131278
SYN-03296,development,83,-0.3068,1,0,0.9163,2,1526.34,0,0,0.095607
SYN-03297,development,41,-0.1141,51,0,0.9388,1,889.81,0,0,0.15357
SYN-03298,development,20,-0.413,19,0,0.6204,0,1536.02,0,0,0.196201
SYN-03299,development,55,0.2685,37,0,0.8301,0,3047.64,0,0,0.07394
SYN-03300,development,19,0.0901,24,1,0.7294,0,3376.41,0,0,0.187318
SYN-03301,development,34,-0.1931,16,0,1.0367,0,2230.22,0,0,0.094805
SYN-03302,development,35,-0.3635,39,0,0.9506,1,1049.37,0,0,0.181792
SYN-03303,development,77,-0.3331,7,0,0.8319,2,8598.42,0,0,0.107519
SYN-03304,development,11,0.5106,1,0,0.7438,4,2688.51,0,0,0.057233
SYN-03305,development,83,0.1098,31,0,1.25,1,3688.34,0,0,0.054297
SYN-03306,development,16,0.1431,45,0,1.0106,2,1546.14,0,0,0.113319
SYN-03307,development,40,-0.3979,34,0,0.8676,0,467.77,0,0,0.177281
SYN-03308,development,42,-0.0606,51,0,0.7871,0,3671.94,0,0,0.147181
SYN-03309,development,54,0.0952,22,0,0.9952,1,1633.67,0,0,0.072226
SYN-03310,development,37,-0.0331,1,0,0.8621,2,4092.87,0,0,0.081635
SYN-03311,development,76,-0.1323,3,0,0.9313,3,636.84,0,0,0.085867
SYN-03312,development,52,0.2416,21,0,0.9559,1,2187.3,0,0,0.060642
SYN-03313,development,64,-0.3747,1,0,0.8516,1,388.46,0,0,0.113213
SYN-03314,development,63,-0.5479,1,0,0.9391,0,2275.26,1,69,0.119946
SYN-03315,development,52,0.3219,1,0,0.94,0,778.42,0,0,0.039765
SYN-03316,development,24,-0.1312,48,0,0.7414,3,656.45,1,71,0.214581
SYN-03317,development,68,-0.323,24,1,0.7715,1,753.33,0,0,0.26572
SYN-03318,development,25,-0.3617,8,0,0.8002,0,1291.36,0,0,0.137153
SYN-03319,development,81,-0.0351,22,1,1.0067,4,2424.88,0,0,0.175203
SYN-03320,development,11,-0.1501,47,0,0.8435,1,1518.43,0,0,0.183694
SYN-03321,development,83,-0.1934,46,0,1.033,0,697.87,1,90,0.117101
SYN-03322,development,4,-0.0176,31,0,1.1281,0,837.75,0,0,0.097161
SYN-03323,development,55,-0.4833,33,0,0.8945,8,1888.45,0,0,0.282996
SYN-03324,development,36,-0.1282,30,0,0.7362,0,3588.56,0,0,0.132153
SYN-03325,development,48,0.0719,42,0,0.703,1,2017.48,0,0,0.127628
SYN-03326,development,45,-0.3805,50,0,0.7436,1,3617.68,0,0,0.231392
SYN-03327,development,9,0.351,51,0,1.0328,1,3940.12,0,0,0.085143
SYN-03328,development,31,-0.292,24,0,0.6795,0,1406.06,0,0,0.165215
SYN-03329,development,11,0.1029,25,0,0.9089,1,878.82,1,117,0.097083
SYN-03330,development,55,-0.026,60,0,1.052,3,675.56,0,0,0.151315
SYN-03331,development,44,-0.2811,47,0,0.868,1,4590.42,0,0,0.179405
SYN-03332,development,59,-0.0104,24,1,0.6936,2,3489.16,0,0,0.211413
SYN-03333,development,65,0.1224,1,0,0.9675,0,758.2,0,0,0.048318
SYN-03334,development,30,0.1987,41,0,1.0724,0,7160.18,0,0,0.072089
SYN-03335,development,50,0.1019,14,0,1.0429,1,686.65,0,0,0.063407
SYN-03336,development,38,-0.0365,11,0,1.1091,3,3726.32,0,0,0.080326
SYN-03337,development,36,-0.3777,13,0,1.0211,0,2232.79,0,0,0.116565
SYN-03338,development,26,-0.0552,8,0,0.8753,1,2861.66,1,97,0.09037
SYN-03339,development,6,0.0327,1,1,0.9288,0,1990.41,0,0,0.137972
SYN-03340,development,31,0.3066,35,0,1.1622,0,2063.35,0,0,0.056466
SYN-03341,development,28,-0.1068,33,0,1.0423,3,1190.53,0,0,0.133415
SYN-03342,development,81,-0.0356,23,0,1.1656,0,1064.23,0,0,0.062565
SYN-03343,development,47,0.2288,1,0,0.9768,5,1655.84,0,0,0.063337
SYN-03344,development,60,-0.1205,33,0,0.9443,0,1375.3,0,0,0.106091
SYN-03345,development,48,0.4619,44,0,0.9445,1,1486.59,0,0,0.063597
SYN-03346,development,30,0.2288,29,0,1.0395,0,783.42,0,0,0.066292
SYN-03347,development,5,0.014,1,0,0.9118,1,4775.68,0,0,0.077328
SYN-03348,development,47,-0.2227,14,0,0.9771,2,3544.36,1,114,0.10823
SYN-03349,development,69,-0.1531,67,0,0.859,2,1106.08,0,0,0.198587
SYN-03350,development,42,0.4263,44,0,0.8471,2,2742.92,1,124,0.078941
SYN-03351,development,59,0.0272,21,0,0.9168,1,3085.59,0,0,0.080512
SYN-03352,development,81,0.5922,24,0,1.0202,0,665.05,0,0,0.030638
SYN-03353,development,73,0.0335,1,0,0.8611,0,1370.68,0,0,0.057776
SYN-03354,development,19,0.126,24,0,0.9226,0,1629.58,0,0,0.082022
SYN-03355,development,7,0.0504,1,1,0.7884,6,842.47,0,0,0.222895
SYN-03356,development,66,-0.2931,15,0,0.8319,1,2860.3,0,0,0.119046
SYN-03357,development,14,0.0166,20,0,0.9918,4,738.72,0,0,0.114968
SYN-03358,development,66,-0.2857,45,1,0.7635,2,2385.87,0,0,0.331962
SYN-03359,development,32,0.3138,1,0,1.125,0,1648.9,0,0,0.036367
SYN-03360,development,2,-0.0386,54,0,0.9551,0,7450.76,0,0,0.143598
SYN-03361,development,30,-0.1087,27,1,1.0772,5,1320.03,0,0,0.246678
SYN-03362,development,4,0.0479,6,0,1.08,1,1189.04,0,0,0.071428
SYN-03363,development,70,0.287,1,0,1.0989,1,5142.45,0,0,0.033583
SYN-03364,development,65,-0.3577,34,0,0.9976,7,1745.5,0,0,0.21101
SYN-03365,development,14,-0.4199,50,0,0.9164,1,1627.9,0,0,0.241599
SYN-03366,development,55,-0.0959,31,0,0.9301,2,2315.87,0,0,0.117097
SYN-03367,development,33,0.3742,43,0,0.7651,0,1049.23,0,0,0.083032
SYN-03368,development,48,0.1169,17,0,1.1005,2,717.7,0,0,0.06641
SYN-03369,development,82,0.0912,35,0,0.7881,1,11099.58,0,0,0.081498
SYN-03370,development,7,-0.161,59,0,0.9409,1,797.1,1,79,0.202531
SYN-03371,development,78,0.1548,51,0,1.045,2,1556.24,0,0,0.090901
SYN-03372,development,67,-0.1868,18,0,1.2333,2,1056.76,1,103,0.082419
SYN-03373,development,9,-0.1833,16,0,0.7688,4,1483.01,0,0,0.17125
SYN-03374,development,27,0.0947,1,0,0.7942,0,1185.94,0,0,0.068903
SYN-03375,development,77,-0.1646,31,0,0.9538,2,1132.21,0,0,0.116489
SYN-03376,development,71,0.1791,12,0,0.7864,0,2033.82,0,0,0.058862
SYN-03377,development,14,0.0659,47,1,0.8909,0,608.22,0,0,0.231909
SYN-03378,development,50,0.3927,26,0,0.8285,1,1615.28,0,0,0.060397
SYN-03379,development,29,0.0809,3,0,1.115,0,1786.78,0,0,0.052707
SYN-03380,development,15,-0.2842,50,0,0.9494,0,4238.42,1,39,0.183499
SYN-03381,development,75,0.1859,34,0,1.0003,1,946.47,0,0,0.06901
SYN-03382,development,79,0.001,36,0,0.8957,0,712.41,0,0,0.091717
SYN-03383,development,9,0.0615,8,0,1.0023,0,1468.98,0,0,0.070273
SYN-03384,development,39,0.2218,35,0,0.7133,0,1168.83,0,0,0.093336
SYN-03385,development,83,0.1014,9,0,0.8887,6,1609.32,0,0,0.083707
SYN-03386,development,75,-0.4971,40,0,1.0176,1,1288.42,0,0,0.175582
SYN-03387,development,22,-0.473,4,0,0.8916,0,4645.06,0,0,0.134608
SYN-03388,development,56,0.2634,12,0,0.9909,1,2038.25,0,0,0.049657
SYN-03389,development,15,-0.4672,37,0,0.9052,2,2989.97,1,106,0.231579
SYN-03390,development,36,0.1503,40,0,0.6351,2,796.96,1,114,0.135982
SYN-03391,development,26,0.1218,65,1,0.8559,3,679.76,0,0,0.307558
SYN-03392,development,25,-0.1705,55,0,1.1199,1,1353.98,0,0,0.157044
SYN-03393,development,79,-0.0378,10,0,1.0334,2,1605.41,0,0,0.068721
SYN-03394,development,11,-0.1089,11,0,0.8586,0,2507.73,0,0,0.102032
SYN-03395,development,37,-0.1348,45,1,0.9082,1,985.01,0,0,0.271825
SYN-03396,development,3,-0.136,1,0,0.8048,0,899.45,0,0,0.102804
SYN-03397,development,73,-0.3602,45,0,0.7635,4,1318.04,0,0,0.234116
SYN-03398,development,45,-0.1741,32,0,0.6936,0,373.51,0,0,0.149547
SYN-03399,development,11,-0.2907,16,0,0.7916,6,1819.84,1,96,0.213373
SYN-03400,development,49,0.2949,11,0,0.862,1,2375.32,0,0,0.05427
SYN-03401,development,50,-0.0043,28,0,0.9137,0,198.07,0,0,0.092875
SYN-03402,development,79,-0.2946,28,0,0.7875,0,811.4,0,0,0.133119
SYN-03403,development,18,-0.1009,43,0,0.8493,0,577.42,1,76,0.151823
SYN-03404,development,20,-0.327,3,0,1.0676,0,1192.55,0,0,0.099681
SYN-03405,development,71,-0.0536,15,0,0.7181,2,597.57,0,0,0.104344
SYN-03406,development,2,0.402,1,0,1.1133,0,502.28,0,0,0.037658
SYN-03407,development,82,0.1697,3,0,0.8736,1,1231.89,0,0,0.05044
SYN-03408,development,25,-0.2033,53,0,0.8274,0,878.57,0,0,0.191134
SYN-03409,development,80,-0.031,4,0,0.7554,1,4065.18,0,0,0.072712
SYN-03410,development,47,-0.1642,23,0,0.9885,0,1308.2,0,0,0.100164
SYN-03411,development,23,-0.0386,23,0,0.7115,10,4252.76,0,0,0.218293
SYN-03412,development,4,-0.1376,1,1,0.9545,2,3612.2,0,0,0.186558
SYN-03413,development,11,-0.1364,22,0,0.9752,2,1648.25,0,0,0.127148
SYN-03414,development,33,-0.3363,25,0,0.9935,1,220.92,0,0,0.146036
SYN-03415,development,67,-0.2996,37,0,0.6987,4,2127.15,0,0,0.212638
SYN-03416,development,24,-0.1961,47,0,0.9381,0,3726.82,0,0,0.156334
SYN-03417,development,17,0.4998,17,0,0.8771,2,2201.6,0,0,0.054166
SYN-03418,development,77,0.2921,1,0,1.0634,2,6079.65,0,0,0.035534
SYN-03419,development,28,0.0145,1,0,1.0394,0,519.28,0,0,0.061591
SYN-03420,development,61,-0.0492,8,0,0.9681,1,1607.05,0,0,0.072473
SYN-03421,development,2,-0.5093,33,0,1.0785,0,1235.96,0,0,0.192353
SYN-03422,development,78,0.0997,16,0,0.9019,0,812.82,0,0,0.061411
SYN-03423,development,45,0.0189,49,1,0.757,6,854.13,1,73,0.341991
SYN-03424,development,18,0.0058,34,0,1.2308,2,1090.92,0,0,0.096607
SYN-03425,development,38,0.2329,61,0,0.7478,1,3563.54,0,0,0.129643
SYN-03426,development,43,-0.2421,45,0,1.079,1,450.84,0,0,0.148274
SYN-03427,development,3,0.0297,27,0,0.7523,2,3769.35,0,0,0.133454
SYN-03428,development,64,0.1581,31,1,1.0661,4,2437.47,1,91,0.15683
SYN-03429,development,38,0.0374,24,0,0.8207,1,1020.23,0,0,0.100929
SYN-03430,development,79,-0.4628,32,0,0.9433,0,1875.97,0,0,0.149136
SYN-03431,development,37,-0.0942,55,0,0.8388,1,1462.52,0,0,0.17221
SYN-03432,development,43,-0.1633,11,0,0.8248,0,574.3,0,0,0.101659
SYN-03433,development,38,-0.0377,1,1,0.914,0,2767.86,1,88,0.13333
SYN-03434,development,56,0.0596,35,1,0.9083,2,1481.36,0,0,0.193342
SYN-03435,development,76,0.2671,37,0,0.9385,1,541.29,0,0,0.068218
SYN-03436,development,24,-0.0872,37,1,0.8445,0,1532.45,0,0,0.243732
SYN-03437,development,57,0.0294,3,0,1.0221,0,2239.13,0,0,0.054372
SYN-03438,development,43,-0.2833,31,0,0.7747,0,1457.79,0,0,0.156971
SYN-03439,development,62,0.1593,14,0,0.6155,0,2502.88,0,0,0.075012
SYN-03440,development,46,-0.6093,27,0,0.7021,0,521.27,1,68,0.232612
SYN-03441,development,65,-0.0274,25,0,0.7272,5,2497.54,0,0,0.138856
SYN-03442,development,56,-0.1143,1,0,1.1528,0,450.72,0,0,0.058734
SYN-03443,development,36,-0.6075,1,0,0.9943,0,522.5,0,0,0.140289
SYN-03444,development,57,-0.2711,36,0,1.1421,1,2037.89,0,0,0.12085
SYN-03445,development,10,-0.0613,10,1,0.9715,2,1172.7,0,0,0.188197
SYN-03446,development,63,-0.4386,25,0,0.8609,0,4100.04,0,0,0.147264
SYN-03447,development,34,-0.0327,18,0,1.0285,1,1984.42,0,0,0.085304
SYN-03448,development,9,-0.4295,35,1,0.7178,0,2617.5,0,0,0.38047
SYN-03449,development,63,-0.0325,32,1,0.8377,3,1236.05,0,0,0.227946
SYN-03450,development,27,0.043,41,1,0.8563,1,953.5,0,0,0.230755
SYN-03451,development,79,0.252,67,1,0.6931,0,1819.57,0,0,0.214639
SYN-03452,development,24,-0.2982,16,0,1.02,0,6677.94,0,0,0.108364
SYN-03453,development,43,-0.2277,31,0,1.0429,3,1365.2,0,0,0.142407
SYN-03454,development,16,0.3491,33,0,0.9364,2,589.38,0,0,0.08006
SYN-03455,development,12,-0.3879,3,0,1.1113,3,3443.45,0,0,0.127501
SYN-03456,development,74,-0.2509,11,0,0.8275,1,1889.67,0,0,0.105474
SYN-03457,development,21,-0.2086,39,1,0.7684,0,3287.99,0,0,0.296368
SYN-03458,development,68,0.281,9,1,0.9898,0,2521.37,0,0,0.081201
SYN-03459,development,42,-0.1,51,0,0.922,1,1419.26,0,0,0.151484
SYN-03460,development,75,0.0739,3,1,1.0801,2,3281.45,0,0,0.100549
SYN-03461,development,68,-0.3269,6,0,1.1529,0,3764.84,0,0,0.076068
SYN-03462,development,43,-0.1892,9,0,0.5624,2,1501.38,1,67,0.145234
SYN-03463,development,60,0.3922,28,0,0.7886,1,1985.82,0,0,0.061435
SYN-03464,development,64,-0.0139,16,0,0.8814,1,1727.82,0,0,0.082003
SYN-03465,development,16,-0.4477,8,0,0.7889,3,383.57,0,0,0.19469
SYN-03466,development,39,-0.2158,23,0,0.8349,4,609.29,0,0,0.165585
SYN-03467,development,41,0.1317,11,0,0.7771,1,787.17,0,0,0.077429
SYN-03468,development,59,-0.6886,30,0,1.0814,1,347.7,0,0,0.199548
SYN-03469,development,69,-0.2057,7,0,1.0938,0,1454.57,0,0,0.071046
SYN-03470,development,80,-0.4065,55,0,0.991,2,760.91,0,0,0.201846
SYN-03471,development,9,0.011,38,1,1.0097,1,2501.59,1,108,0.215306
SYN-03472,development,60,0.0594,28,0,0.8972,2,264.2,0,0,0.095454
SYN-03473,development,55,0.0749,34,1,0.7645,0,2112.36,1,72,0.185315
SYN-03474,development,54,0.1413,37,0,0.944,0,1304.85,0,0,0.08127
SYN-03475,development,41,-0.1511,50,0,0.9423,2,502.31,0,0,0.169538
SYN-03476,development,23,0.1135,5,1,0.8209,0,2931.25,0,0,0.132788
SYN-03477,development,37,0.0763,50,1,1.0486,0,655.03,0,0,0.193137
SYN-03478,development,25,-0.156,12,0,1.0882,4,1708.59,0,0,0.112599
SYN-03479,development,24,0.5429,22,1,0.8071,0,410.03,0,0,0.098944
SYN-03480,development,11,0.276,10,1,1.1235,1,2729.7,0,0,0.099304
SYN-03481,development,15,0.1044,66,0,1.037,3,1465.66,1,86,0.162042
SYN-03482,development,69,-0.1076,11,0,0.9493,0,2205.34,0,0,0.074178
SYN-03483,development,22,-0.1427,56,0,1.1457,4,1937.36,1,81,0.18277
SYN-03484,development,64,0.0062,1,0,1.0185,1,407.98,0,0,0.058636
SYN-03485,development,11,-0.0324,28,0,0.9065,2,1286.89,0,0,0.128094
SYN-03486,development,64,-0.0016,24,0,0.8325,1,252.13,0,0,0.095496
SYN-03487,development,24,0.238,43,0,0.7961,0,988.03,0,0,0.100372
SYN-03488,development,13,-0.4899,2,0,0.9385,3,1958.24,0,0,0.167709
SYN-03489,development,6,-0.4366,34,1,0.9721,5,1828.82,1,76,0.416985
SYN-03490,development,41,0.362,29,0,0.7649,2,239.06,0,0,0.078953
SYN-03491,development,52,-0.1179,29,0,0.8728,0,2656.39,0,0,0.108632
SYN-03492,development,53,-0.0059,1,0,1.0532,0,2526.09,1,63,0.05466
SYN-03493,development,47,-0.2033,38,0,0.5986,1,4258.36,0,0,0.181561
SYN-03494,development,36,0.1685,26,0,0.7045,1,1155.09,0,0,0.097368
SYN-03495,development,10,0.2211,41,0,0.7237,3,792.45,0,0,0.138173
SYN-03496,development,46,-0.0458,5,1,0.7613,6,988.38,0,0,0.2308
SYN-03497,development,72,0.1651,33,0,0.6895,0,6090.1,1,149,0.08178
SYN-03498,development,11,-0.1468,50,1,0.9385,0,2106.34,1,111,0.288804
SYN-03499,development,78,0.1798,36,0,0.9574,1,897.36,0,0,0.073442
SYN-03500,development,43,0.5606,36,0,1.0888,2,5268.44,0,0,0.045363
SYN-03501,development,68,-0.4148,29,0,0.9777,0,1081.66,0,0,0.138655
SYN-03502,development,58,-0.0193,6,0,0.6614,1,2843.23,0,0,0.089174
SYN-03503,development,39,0.2199,1,0,1.0293,1,204.14,0,0,0.048315
SYN-03504,development,58,-0.3253,11,0,1.0404,3,571.45,0,0,0.119702
SYN-03505,development,77,0.2824,43,1,0.957,4,1321.15,0,0,0.164569
SYN-03506,development,81,-0.3519,2,0,0.8079,1,1414.94,1,91,0.106587
SYN-03507,development,29,0.0333,22,0,0.8434,1,1047.77,0,0,0.100498
SYN-03508,development,18,-0.6449,6,0,0.5294,1,3254.1,1,57,0.247745
SYN-03509,development,33,0.1179,31,0,0.8331,1,1036.65,0,0,0.100394
SYN-03510,development,47,-0.1682,23,0,0.8123,1,826.32,0,0,0.126478
SYN-03511,development,5,-0.0447,1,0,0.9388,1,1443.54,0,0,0.085358
SYN-03512,development,36,-0.1447,23,0,0.8058,4,2520.27,0,0,0.153659
SYN-03513,development,57,-0.1407,33,0,0.9976,0,2051.64,0,0,0.104241
SYN-03514,development,63,-0.0697,22,1,0.9671,0,1040.48,0,0,0.159293
SYN-03515,development,61,0.1972,15,0,0.7369,0,1968.93,0,0,0.065372
SYN-03516,development,9,0.0287,26,1,0.7631,4,5323.06,0,0,0.257157
SYN-03517,development,10,-0.0163,37,0,0.9244,1,2886.92,0,0,0.127301
SYN-03518,development,47,0.2305,1,1,0.9506,0,462.32,0,0,0.090799
SYN-03519,development,10,-0.0328,19,0,1.0067,1,1031.24,0,0,0.098543
SYN-03520,development,16,-0.2806,11,0,0.6725,3,1716.55,0,0,0.178859
SYN-03521,development,56,0.1245,43,0,0.9587,2,2511.12,1,109,0.099466
SYN-03522,development,41,-0.0947,15,0,1.0253,3,1977.04,0,0,0.099644
SYN-03523,development,68,0.0268,11,1,0.886,1,1463.83,0,0,0.137726
SYN-03524,development,55,-0.1922,1,0,0.7448,8,468.73,0,0,0.16195
SYN-03525,development,54,-0.0711,22,1,0.8153,0,1083.93,0,0,0.186675
SYN-03526,development,23,-0.0644,3,0,0.8675,1,2935.69,0,0,0.087264
SYN-03527,development,48,-0.0533,15,0,0.867,3,594.64,1,125,0.107494
SYN-03528,development,17,0.6,23,1,1.0619,0,1611.68,0,0,0.07484
SYN-03529,development,7,0.0547,23,0,0.9779,2,2553.71,0,0,0.100912
SYN-03530,development,53,0.1515,30,0,0.9541,0,414.41,0,0,0.073574
SYN-03531,development,8,-0.6759,22,0,0.9811,1,3634.04,1,61,0.224232
SYN-03532,development,29,-0.2525,10,0,0.6387,0,438.54,0,0,0.140021
SYN-03533,development,29,0.0219,9,0,1.0049,3,1413.47,0,0,0.085187
SYN-03534,development,15,-0.097,11,0,0.85,1,2751.8,0,0,0.106309
SYN-03535,development,2,-0.029,78,0,0.8351,2,2722.0,0,0,0.247136
SYN-03536,development,36,0.2493,43,0,0.667,5,2126.19,0,0,0.145365
SYN-03537,development,8,0.2743,40,1,0.9048,1,1140.93,0,0,0.179662
SYN-03538,development,53,-0.3768,10,0,0.7488,3,1673.61,0,0,0.162327
SYN-03539,development,53,-0.3487,29,1,0.8785,1,2577.07,0,0,0.274553
SYN-03540,development,67,-0.2611,48,0,1.0924,1,799.67,0,0,0.141313
SYN-03541,development,78,-0.0763,5,0,0.8529,0,964.66,0,0,0.070214
SYN-03542,development,23,-0.2067,43,0,0.9371,0,4119.25,0,0,0.150819
SYN-03543,development,53,-0.0219,14,0,0.6578,0,1092.5,0,0,0.097139
SYN-03544,development,34,0.3153,37,0,0.8038,1,1195.7,0,0,0.085412
SYN-03545,development,82,-0.1845,55,0,0.8725,0,4240.14,0,0,0.142681
SYN-03546,development,71,-0.1288,53,1,1.0493,1,1477.06,0,0,0.235152
SYN-03547,development,22,-0.0116,1,0,0.7151,10,2465.58,0,0,0.167429
SYN-03548,development,20,0.0894,39,1,0.6593,0,2562.83,0,0,0.236082
SYN-03549,development,50,-0.4128,31,0,0.9932,0,830.89,0,0,0.150484
SYN-03550,development,46,-0.3891,18,0,1.1008,0,359.36,0,0,0.115764
SYN-03551,development,24,-0.4371,51,0,0.7972,4,1766.17,0,0,0.308886
SYN-03552,development,70,0.2181,48,0,0.6728,3,383.49,0,0,0.125537
SYN-03553,development,29,0.2182,9,0,0.7472,0,1882.0,0,0,0.066561
SYN-03554,development,73,-0.2434,16,1,1.0479,0,811.0,0,0,0.165301
SYN-03555,development,83,-0.1254,17,1,0.8971,2,726.87,0,0,0.179643
SYN-03556,development,39,-0.1921,15,0,0.8844,4,782.21,0,0,0.139673
SYN-03557,development,74,-0.0693,26,0,0.8276,3,1025.25,0,0,0.117074
SYN-03558,development,83,0.1351,9,0,0.9114,1,2063.56,0,0,0.054541
SYN-03559,development,15,-0.0707,24,0,0.8617,0,2288.67,0,0,0.112913
SYN-03560,development,64,0.0042,49,1,0.7862,0,396.26,0,0,0.2316
SYN-03561,development,36,-0.2761,38,0,1.0145,1,1361.88,0,0,0.152169
SYN-03562,development,37,0.4479,12,0,0.9268,2,7520.73,1,139,0.044171
SYN-03563,development,70,-0.2172,60,0,0.8879,1,1379.1,0,0,0.180023
SYN-03564,development,13,-0.2121,34,0,0.7204,5,883.73,0,0,0.238382
SYN-03565,development,78,0.3545,27,0,0.9188,0,3499.09,0,0,0.047669
SYN-03566,development,64,-0.1281,19,1,0.7992,5,1523.47,0,0,0.25233
SYN-03567,development,57,-0.0806,55,0,0.7802,0,3614.94,0,0,0.150525
SYN-03568,development,75,0.4324,37,1,1.0596,2,2786.78,0,0,0.100204
SYN-03569,development,37,0.2214,38,1,0.9397,2,611.29,0,0,0.174763
SYN-03570,development,22,0.2088,46,0,0.9128,2,4662.37,0,0,0.107666
SYN-03571,development,69,-0.32,8,1,0.8855,4,1180.35,0,0,0.241414
SYN-03572,development,70,-0.1479,13,0,0.8426,2,2375.22,0,0,0.100997
SYN-03573,development,72,0.304,21,0,1.0705,0,1566.25,0,0,0.043046
SYN-03574,development,41,-0.148,48,1,0.9207,2,1866.29,0,0,0.291084
SYN-03575,development,84,-0.5952,44,1,0.7266,2,1988.19,1,77,0.424623
SYN-03576,development,18,0.0017,34,0,0.7243,0,655.6,0,0,0.132764
SYN-03577,development,70,0.6013,6,0,1.0903,0,739.16,0,0,0.023047
SYN-03578,development,59,-0.1633,32,0,0.9063,0,2971.24,0,0,0.112539
SYN-03579,development,65,-0.1831,38,1,0.9458,1,1416.26,1,71,0.233947
SYN-03580,development,72,-0.2521,25,0,0.9454,4,3996.27,0,0,0.136582
SYN-03581,development,77,0.366,62,0,0.7839,0,1308.95,0,0,0.088011
SYN-03582,development,67,0.0961,56,0,0.9641,0,457.73,0,0,0.104084
SYN-03583,development,54,-0.0798,5,0,0.8405,2,1992.16,1,103,0.08949
SYN-03584,development,2,-0.0997,18,0,1.0508,0,6477.89,0,0,0.091558
SYN-03585,development,9,-0.1501,40,0,0.9531,0,3303.64,0,0,0.142596
SYN-03586,development,60,-0.246,5,0,1.0746,2,2608.21,0,0,0.087413
SYN-03587,development,8,0.035,43,1,0.8938,0,981.22,0,0,0.232994
SYN-03588,development,48,-0.1593,53,0,0.692,0,1018.23,0,0,0.185561
SYN-03589,development,48,0.0933,29,0,0.8779,4,357.23,0,0,0.11316
SYN-03590,development,9,0.0246,9,0,1.0397,0,1838.61,0,0,0.071963
SYN-03591,development,25,-0.2087,33,0,0.7901,7,2126.48,0,0,0.23698
SYN-03592,development,65,-0.2719,16,0,1.0757,0,1480.47,0,0,0.090316
SYN-03593,development,11,-0.3195,1,0,0.8074,2,334.13,0,0,0.144571
SYN-03594,development,65,0.1476,30,0,0.7596,2,2258.36,0,0,0.094117
SYN-03595,development,55,0.0533,22,1,0.8934,3,7444.67,0,0,0.168223
SYN-03596,development,76,0.2263,13,0,0.8524,1,891.09,0,0,0.056218
SYN-03597,development,10,-0.4296,22,0,0.8929,1,1066.23,0,0,0.184973
SYN-03598,development,84,-0.4799,1,0,1.0204,1,220.08,0,0,0.103391
SYN-03599,development,2,-0.1385,6,0,1.2184,0,3371.51,0,0,0.07375
SYN-03600,development,2,-0.3095,3,0,0.9244,0,2480.52,0,0,0.116863
SYN-03601,development,42,-0.6384,31,0,1.1311,2,983.41,0,0,0.205428
SYN-03602,development,22,0.0402,42,0,0.8795,1,546.42,1,118,0.128913
SYN-03603,development,32,-0.0876,20,0,0.8927,1,1202.94,1,89,0.108185
SYN-03604,development,39,-0.1455,17,0,0.836,1,1327.63,0,0,0.114428
SYN-03605,development,79,0.1064,11,0,0.9429,4,612.32,0,0,0.072775
SYN-03606,development,23,-0.1851,1,1,1.0168,1,960.38,0,0,0.16961
SYN-03607,development,37,-0.1228,38,0,0.9738,1,683.78,0,0,0.130728
SYN-03608,development,64,0.012,10,0,0.9057,0,1571.78,0,0,0.066784
SYN-03609,development,52,0.0345,61,0,0.6632,3,732.72,0,0,0.197519
SYN-03610,development,65,-0.0262,15,0,0.8972,0,1979.64,0,0,0.075009
SYN-03611,development,3,0.2456,39,0,0.9345,0,1446.4,0,0,0.090331
SYN-03612,development,39,-0.1588,26,0,0.9971,2,3386.4,0,0,0.118133
SYN-03613,development,14,0.3901,1,0,1.0029,0,740.49,0,0,0.040212
SYN-03614,development,48,-0.4879,1,0,0.9551,2,5191.26,0,0,0.128086
SYN-03615,development,73,0.2391,67,1,0.9254,1,1380.86,0,0,0.198228
SYN-03616,development,18,-0.3657,1,0,0.7619,3,5516.05,0,0,0.154786
SYN-03617,development,53,-0.0951,30,0,0.8105,2,586.41,1,34,0.131994
SYN-03618,development,19,0.2724,17,0,0.9643,3,587.33,0,0,0.074122
SYN-03619,development,48,0.6845,13,0,1.11,1,2952.95,0,0,0.025507
SYN-03620,development,70,0.1035,21,1,0.9526,1,1189.01,0,0,0.133246
SYN-03621,development,84,0.0238,1,0,0.9008,2,5515.54,0,0,0.058702
SYN-03622,development,4,-0.1242,22,0,0.9083,0,1785.61,1,45,0.119086
SYN-03623,development,30,-0.5807,51,0,1.1629,2,1884.47,0,0,0.242503
SYN-03624,development,43,-0.0012,55,1,1.0422,0,461.78,1,107,0.220402
SYN-03625,development,30,-0.4854,16,0,1.16,3,549.88,0,0,0.156868
SYN-03626,development,33,0.3377,8,0,0.7359,1,680.94,0,0,0.060566
SYN-03627,development,36,0.4336,1,1,0.8884,1,2121.62,0,0,0.080499
SYN-03628,development,31,-0.6521,17,1,1.0731,0,5333.91,1,71,0.286369
SYN-03629,development,25,0.1561,24,0,0.8363,0,267.93,0,0,0.084642
SYN-03630,development,57,0.3835,41,0,0.8858,2,2359.98,0,0,0.073222
SYN-03631,development,71,-0.1474,32,0,0.9134,0,1041.76,1,117,0.107054
SYN-03632,development,34,-0.4186,31,0,0.7454,0,1321.73,0,0,0.195783
SYN-03633,development,35,-0.4981,32,0,0.8256,0,4814.86,0,0,0.194949
SYN-03634,development,16,-0.3653,1,0,0.7837,1,3687.66,0,0,0.137493
SYN-03635,development,25,-0.4217,18,0,1.1389,1,596.95,0,0,0.135238
SYN-03636,development,34,0.3799,14,0,0.7847,0,1489.54,0,0,0.054299
SYN-03637,development,15,0.2331,48,0,1.019,2,3260.89,1,59,0.10213
SYN-03638,development,3,-0.3246,33,0,1.0141,0,737.28,0,0,0.162936
SYN-03639,development,28,0.0665,13,0,1.0078,0,598.86,0,0,0.069362
SYN-03640,development,42,0.3198,45,0,0.6666,5,1079.89,0,0,0.13513
SYN-03641,development,35,-0.3156,11,0,0.8335,1,985.09,0,0,0.134702
SYN-03642,development,37,0.1577,9,0,0.9717,6,3480.99,0,0,0.085033
SYN-03643,development,6,-0.1362,23,0,0.9681,1,1075.39,0,0,0.124495
SYN-03644,development,66,-0.3573,21,0,0.6872,2,629.24,0,0,0.172161
SYN-03645,development,69,-0.3535,15,0,1.0545,0,2915.32,0,0,0.09761
SYN-03646,development,15,0.6114,12,0,0.8902,1,9174.76,0,0,0.036377
SYN-03647,development,71,-0.1832,36,1,0.7866,5,835.97,1,131,0.316269
SYN-03648,development,62,-0.236,26,0,1.066,2,2632.71,1,79,0.113134
SYN-03649,development,84,0.4423,33,0,1.1045,0,1370.82,0,0,0.038622
SYN-03650,development,76,-0.1912,24,0,0.7857,1,973.12,0,0,0.120049
SYN-03651,development,53,-0.2037,42,0,0.6815,3,983.32,1,67,0.204955
SYN-03652,development,52,-0.1033,24,0,0.789,0,1694.21,0,0,0.108992
SYN-03653,development,16,0.2357,51,1,0.7422,2,1118.86,0,0,0.24904
SYN-03654,development,61,0.1692,37,0,1.1604,0,1625.47,0,0,0.062071
SYN-03655,development,50,0.1539,20,0,0.6917,6,5036.67,0,0,0.117339
SYN-03656,development,54,-0.2761,49,0,0.9928,2,802.27,0,0,0.177277
SYN-03657,development,61,-0.0126,49,1,0.8908,0,317.26,1,85,0.220414
SYN-03658,development,4,0.0137,24,0,0.9675,0,1501.77,1,86,0.097374
SYN-03659,development,34,-0.0143,23,0,0.7845,3,653.23,0,0,0.128497
SYN-03660,development,71,0.1533,21,0,0.8618,1,2296.34,0,0,0.068693
SYN-03661,development,60,-0.2552,9,0,0.905,1,2304.47,0,0,0.101597
SYN-03662,development,20,0.2099,11,1,1.107,0,728.77,0,0,0.102838
SYN-03663,development,22,-0.1378,1,0,0.7308,0,473.96,0,0,0.102421
SYN-03664,development,27,-0.1875,29,0,0.8952,0,352.29,1,82,0.132536
SYN-03665,development,66,0.0227,31,1,0.8533,5,909.36,0,0,0.234001
SYN-03666,development,61,-0.1258,29,1,0.7066,0,2958.15,0,0,0.223765
SYN-03667,development,63,0.3483,27,0,1.0706,0,2861.99,0,0,0.044879
SYN-03668,development,62,-0.0762,11,0,0.8285,2,1309.41,0,0,0.09507
SYN-03669,development,53,0.1573,1,0,0.9646,4,2946.43,0,0,0.062935
SYN-03670,development,14,-0.0305,25,0,1.0559,0,6373.55,0,0,0.086891
SYN-03671,development,49,-0.4998,21,0,0.7757,3,787.6,1,20,0.21422
SYN-03672,development,76,0.0465,33,0,0.4799,0,1580.19,1,118,0.120109
SYN-03673,development,7,-0.1293,46,0,0.6934,0,893.43,1,67,0.191958
SYN-03674,development,51,-0.3196,8,0,0.6399,1,1865.49,0,0,0.142839
SYN-03675,development,74,-0.0273,40,1,1.1906,4,2043.66,1,98,0.190679
SYN-03676,development,49,0.0003,15,1,0.8244,0,1080.08,0,0,0.159451
SYN-03677,development,11,-0.2263,3,0,0.8938,1,2599.89,0,0,0.111137
SYN-03678,development,42,-0.0548,46,0,0.907,1,2228.61,0,0,0.134975
SYN-03679,development,21,0.1146,4,0,0.7967,4,807.68,0,0,0.095032
SYN-03680,development,33,-0.2498,1,0,1.0881,0,1387.75,0,0,0.081398
SYN-03681,development,18,-0.1102,41,0,0.7366,0,7519.06,0,0,0.150996
SYN-03682,development,15,0.3481,15,0,0.8026,0,1105.34,0,0,0.061642
SYN-03683,development,31,0.3031,24,0,0.8573,3,3535.81,0,0,0.078633
SYN-03684,development,68,-0.1065,44,0,1.0203,1,1794.67,0,0,0.115641
SYN-03685,development,58,0.4262,39,0,0.8023,1,2016.11,0,0,0.06771
SYN-03686,development,10,0.1947,58,0,1.1709,1,1425.92,1,95,0.104274
SYN-03687,development,26,-0.2589,32,0,0.7997,2,5572.49,1,63,0.174015
SYN-03688,development,22,0.0163,1,0,0.7395,1,2238.63,0,0,0.08688
SYN-03689,development,35,-0.187,44,0,0.9635,3,597.64,1,93,0.176272
SYN-03690,development,83,-0.055,51,0,1.0581,3,753.63,0,0,0.125032
SYN-03691,development,52,-0.1129,23,0,0.8928,2,2633.48,0,0,0.112553
SYN-03692,development,72,-0.4029,7,0,0.7436,0,577.51,0,0,0.125637
SYN-03693,development,83,0.4764,16,0,0.7395,0,1985.84,0,0,0.040963
SYN-03694,development,35,-0.1178,43,0,1.1857,1,1659.69,1,72,0.114654
SYN-03695,development,13,-0.1796,45,0,0.9786,1,1327.91,0,0,0.165624
SYN-03696,development,77,0.2233,30,0,0.723,0,1404.5,0,0,0.073597
SYN-03697,development,22,-0.1972,1,0,0.8932,1,603.95,0,0,0.102481
SYN-03698,development,71,-0.376,22,0,0.8211,0,1655.87,0,0,0.135721
SYN-03699,development,59,0.3327,34,0,0.9269,0,844.12,0,0,0.060359
SYN-03700,development,57,0.1192,18,0,1.1911,1,1859.1,1,85,0.054411
SYN-03701,development,47,-0.1897,14,0,0.8623,0,952.59,0,0,0.103572
SYN-03702,development,78,0.0791,1,1,0.9604,0,903.83,1,89,0.096156
SYN-03703,development,73,0.2609,1,0,0.8433,0,265.91,0,0,0.043606
SYN-03704,development,37,-0.0473,44,0,1.2269,2,744.68,0,0,0.109897
SYN-03705,development,52,-0.0949,8,0,0.9263,1,2818.61,0,0,0.081743
SYN-03706,development,38,-0.0058,24,0,0.9283,0,9125.57,0,0,0.081215
SYN-03707,development,16,-0.3472,50,0,0.8367,1,1905.97,1,57,0.234305
SYN-03708,development,76,0.2507,30,1,0.9345,0,869.51,0,0,0.115304
SYN-03709,development,52,0.0665,10,0,0.7575,4,937.88,0,0,0.099649
SYN-03710,development,18,-0.4593,61,0,1.2415,2,2830.47,0,0,0.229958
SYN-03711,development,7,0.2609,50,0,0.8648,1,2564.51,0,0,0.112725
SYN-03712,development,17,-0.3113,31,0,1.1858,0,840.64,0,0,0.128014
SYN-03713,development,48,0.1285,61,0,0.8481,0,3263.05,0,0,0.122529
SYN-03714,development,43,0.0007,34,0,1.1475,2,2783.07,0,0,0.092442
SYN-03715,development,21,0.1332,2,0,0.9238,1,3061.24,0,0,0.063152
SYN-03716,development,51,-0.0067,24,0,0.9879,0,2188.79,0,0,0.080163
SYN-03717,development,23,0.1181,6,0,0.7358,0,2040.18,0,0,0.075676
SYN-03718,development,62,-0.1467,16,1,1.065,3,3639.28,0,0,0.176664
SYN-03719,development,53,0.0962,29,0,0.5513,2,2277.79,0,0,0.125124
SYN-03720,development,20,-0.2569,31,0,0.9902,2,711.8,0,0,0.159251
SYN-03721,development,58,-0.3108,47,0,0.6868,0,5227.69,0,0,0.190365
SYN-03722,development,44,-0.5722,95,0,0.8201,2,2692.87,1,7,0.436302
SYN-03723,development,28,-0.05,13,0,0.7091,2,312.15,0,0,0.121725
SYN-03724,development,74,-0.8693,14,1,0.9552,2,925.88,0,0,0.377118
SYN-03725,development,74,-0.0832,21,0,1.0124,0,845.86,0,0,0.07722
SYN-03726,development,4,0.1781,44,0,0.9605,0,630.97,0,0,0.103583
SYN-03727,development,57,-0.4508,37,1,0.8323,0,487.71,0,0,0.325939
SYN-03728,development,18,0.2061,37,0,1.038,0,3758.33,0,0,0.076914
SYN-03729,development,38,0.1952,36,0,0.9736,1,443.94,0,0,0.084286
SYN-03730,development,26,0.0317,26,0,0.7827,1,2401.16,0,0,0.111217
SYN-03731,development,13,-0.1442,9,0,0.9424,1,1002.48,0,0,0.104745
SYN-03732,development,29,0.1924,13,1,0.8392,1,1426.95,0,0,0.139116
SYN-03733,development,25,-0.0025,35,0,0.8288,0,1266.43,0,0,0.119203
SYN-03734,development,70,-0.1005,1,0,0.8739,0,1955.19,0,0,0.068822
SYN-03735,development,62,-0.4356,19,1,0.9652,2,2071.19,0,0,0.262749
SYN-03736,development,33,-0.2568,13,1,0.9006,1,540.79,0,0,0.225085
SYN-03737,development,30,-0.0127,46,0,0.8015,0,1857.13,0,0,0.138062
SYN-03738,development,59,0.2566,7,0,1.0015,0,1358.08,0,0,0.042942
SYN-03739,development,25,-0.3033,51,1,0.8454,3,902.44,1,95,0.405048
SYN-03740,development,67,0.1373,39,1,0.8086,0,2701.4,0,0,0.167164
SYN-03741,development,69,-0.4354,25,1,0.7512,0,1083.25,0,0,0.288095
SYN-03742,development,70,-0.0372,1,0,1.0244,0,1313.26,0,0,0.055429
SYN-03743,development,24,-0.156,72,0,0.9303,1,1248.02,0,0,0.220283
SYN-03744,development,30,0.5302,22,0,0.755,0,723.83,0,0,0.052063
SYN-03745,development,70,0.642,53,1,1.026,0,6543.11,0,0,0.081555
SYN-03746,development,53,0.2453,13,0,0.7928,0,439.09,0,0,0.059806
SYN-03747,development,67,-0.178,65,1,0.9828,10,970.84,1,70,0.460851
SYN-03748,development,3,-0.1025,43,0,0.9647,2,669.27,0,0,0.166236
SYN-03749,development,16,-0.2215,8,1,1.0978,0,539.88,0,0,0.174614
SYN-03750,development,78,0.2519,55,0,0.7466,2,817.53,0,0,0.110939
SYN-03751,development,37,-0.5297,56,0,0.7119,3,1927.62,0,0,0.342396
SYN-03752,development,40,-0.2506,19,0,0.8125,1,212.78,0,0,0.138253
SYN-03753,development,33,0.1722,7,0,0.776,0,4266.83,0,0,0.063904
SYN-03754,development,55,-0.5093,30,0,0.9435,0,7587.44,0,0,0.157324
SYN-03755,development,67,-0.0625,38,0,0.8113,2,3662.67,0,0,0.127279
SYN-03756,development,83,-0.503,1,0,0.7875,3,722.42,0,0,0.148397
SYN-03757,development,67,0.0122,47,0,1.0164,2,800.49,0,0,0.112623
SYN-03758,development,83,-0.3687,26,1,0.9601,3,625.06,1,95,0.264933
SYN-03759,development,74,0.3715,27,0,0.9837,5,302.24,0,0,0.066846
SYN-03760,development,59,-0.1228,2,0,0.9352,1,1392.13,0,0,0.076984
SYN-03761,development,33,-0.0504,1,0,0.858,5,410.54,1,160,0.110088
SYN-03762,development,58,-0.1358,44,1,0.8057,0,1744.59,0,0,0.253522
SYN-03763,development,29,-0.1806,13,0,0.8993,0,1355.72,0,0,0.104636
SYN-03764,development,80,-0.0728,1,0,0.9817,1,2001.44,0,0,0.061746
SYN-03765,development,56,-0.0662,39,0,0.8739,0,6830.96,0,0,0.107487
SYN-03766,development,45,0.1336,36,0,0.8478,5,977.25,0,0,0.129396
SYN-03767,development,29,0.0661,22,1,0.739,0,956.74,0,0,0.185342
SYN-03768,development,73,-0.1572,28,0,0.8627,1,1124.41,1,89,0.114222
SYN-03769,development,29,0.1508,39,0,0.9048,0,905.54,0,0,0.095125
SYN-03770,development,29,0.0304,1,0,1.064,3,1250.34,1,90,0.07195
SYN-03771,development,81,-0.0708,22,0,0.9551,0,634.18,0,0,0.078971
SYN-03772,development,61,-0.0788,25,0,1.1356,1,2027.97,0,0,0.080675
SYN-03773,development,39,-0.3502,42,0,0.8578,0,1615.58,1,56,0.183655
SYN-03774,development,6,0.2552,40,0,0.9921,0,653.03,0,0,0.085652
SYN-03775,development,22,0.0914,43,0,0.7466,2,837.43,1,112,0.145855
SYN-03776,development,14,0.1909,10,0,0.9902,1,1733.47,0,0,0.064178
SYN-03777,development,31,-0.5357,15,0,0.6882,0,1172.08,0,0,0.197668
SYN-03778,development,59,-0.2965,21,0,0.7486,2,2475.5,0,0,0.152589
SYN-03779,development,17,-0.0368,1,1,0.8124,2,3370.39,1,114,0.177411
SYN-03780,development,21,-0.2047,35,0,0.8881,1,2570.79,1,112,0.155831
SYN-03781,development,18,0.0806,26,0,0.9488,0,1768.17,0,0,0.087554
SYN-03782,development,21,0.1723,59,1,0.87,1,507.28,0,0,0.247387
SYN-03783,development,80,-0.1702,16,0,1.0842,3,9451.33,1,51,0.081525
SYN-03784,development,46,0.3131,12,1,0.8412,5,632.01,0,0,0.14506
SYN-03785,development,37,-0.1303,34,0,1.2183,2,4180.42,0,0,0.103668
SYN-03786,development,54,0.0295,57,0,0.9284,0,1422.87,0,0,0.123266
SYN-03787,development,3,-0.3405,59,1,0.9334,2,422.25,1,70,0.43244
SYN-03788,development,22,0.4329,11,0,0.7971,10,2328.54,0,0,0.101201
SYN-03789,development,65,0.3868,40,0,0.9319,2,1709.34,0,0,0.067265
SYN-03790,development,17,-0.3924,1,0,0.9219,2,3319.66,0,0,0.135172
SYN-03791,development,38,-0.2698,1,0,0.8285,2,1895.16,0,0,0.117533
SYN-03792,development,68,-0.2119,1,0,0.7821,1,1203.09,0,0,0.094812
SYN-03793,development,32,0.75,23,0,0.8668,2,381.92,0,0,0.040392
SYN-03794,development,13,-0.4063,42,0,0.7378,0,4707.3,0,0,0.227942
SYN-03795,development,19,-0.2085,37,0,0.9888,1,600.66,0,0,0.152301
SYN-03796,development,22,0.1871,29,0,1.1419,1,1093.85,0,0,0.070601
SYN-03797,development,62,-0.2711,12,0,0.8035,0,1852.42,0,0,0.109872
SYN-03798,development,16,-0.2735,30,0,0.8203,0,906.77,1,53,0.164631
SYN-03799,development,51,-0.3016,18,0,0.9197,0,3368.72,0,0,0.1142
SYN-03800,development,45,-0.3938,50,0,0.9714,0,228.86,0,0,0.192738
SYN-03801,development,30,-0.1738,41,0,0.826,0,2510.11,0,0,0.154036
SYN-03802,development,67,0.0493,34,0,1.1604,2,4258.59,0,0,0.076019
SYN-03803,development,83,-0.4138,42,1,0.8582,3,2692.08,1,85,0.341857
SYN-03804,development,69,0.0421,14,0,0.7687,0,903.66,0,0,0.075776
SYN-03805,development,19,0.5709,21,1,1.0418,1,992.36,0,0,0.082805
SYN-03806,development,34,-0.3963,20,0,0.9087,2,1375.43,0,0,0.166232
SYN-03807,development,5,-0.012,20,0,0.7078,1,2282.23,0,0,0.12669
SYN-03808,development,59,-0.0012,18,0,1.0549,1,2736.63,0,0,0.071207
SYN-03809,development,77,-0.3468,46,0,1.0143,1,2416.14,0,0,0.154338
SYN-03810,development,22,-0.0976,22,0,0.8858,0,1989.29,0,0,0.108892
SYN-03811,development,67,0.3218,40,0,0.9277,2,3211.92,0,0,0.071611
SYN-03812,development,66,0.3747,19,0,0.9395,0,895.46,0,0,0.044505
SYN-03813,development,33,-0.2288,1,0,0.9281,3,2686.82,0,0,0.110433
SYN-03814,development,33,-0.1952,7,0,0.6662,2,3580.27,0,0,0.132375
SYN-03815,development,66,-0.2613,7,0,0.8809,5,803.58,0,0,0.132946
SYN-03816,development,4,-0.2966,18,0,0.8766,0,5835.27,0,0,0.137436
SYN-03817,development,14,-0.1502,20,1,0.8971,1,698.9,0,0,0.230895
SYN-03818,development,63,0.177,45,0,0.8038,0,1352.86,0,0,0.094037
SYN-03819,development,41,-0.2944,6,0,0.8511,0,997.05,0,0,0.110693
SYN-03820,development,73,-0.3506,32,0,0.8822,2,2516.88,1,86,0.157955
SYN-03821,development,34,0.0872,38,0,0.9512,0,1447.63,0,0,0.09526
SYN-03822,development,76,-0.0854,5,0,0.9265,0,767.44,0,0,0.067179
SYN-03823,development,3,-0.0835,43,0,0.9244,3,603.89,0,0,0.178993
SYN-03824,development,70,-0.089,44,0,1.0078,4,827.66,1,96,0.140255
SYN-03825,development,70,-0.3957,19,0,0.9579,0,1195.58,0,0,0.12034
SYN-03826,development,74,0.2291,18,0,0.8078,0,2590.41,0,0,0.057266
SYN-03827,development,14,0.4528,1,0,1.1854,0,1254.19,0,0,0.030738
SYN-03828,development,53,-0.3331,35,0,0.9696,0,3734.71,0,0,0.139199
SYN-03829,development,77,0.2733,1,0,1.0484,0,1435.54,0,0,0.034115
SYN-03830,development,81,-0.0582,48,0,0.765,1,6899.02,0,0,0.126821
SYN-03831,development,41,-0.2611,20,0,0.8046,1,1646.14,0,0,0.139662
SYN-03832,development,54,0.085,16,0,0.9843,6,409.61,1,110,0.098511
SYN-03833,development,49,-0.2421,1,1,0.8739,0,1065.16,0,0,0.173573
SYN-03834,development,22,0.0744,29,0,0.9568,0,432.87,0,0,0.091281
SYN-03835,development,80,-0.3395,29,0,0.8641,0,1933.04,0,0,0.13115
SYN-03836,development,22,0.1196,9,0,0.6895,0,3486.59,0,0,0.080702
SYN-03837,development,12,0.2916,16,0,0.758,1,1076.18,0,0,0.076413
SYN-03838,development,51,0.1048,33,0,0.8699,6,1332.93,0,0,0.131771
SYN-03839,development,53,-0.1685,42,0,0.8834,3,2181.23,1,71,0.164757
SYN-03840,development,63,-0.4844,22,0,1.0239,1,2057.04,1,93,0.143428
SYN-03841,development,48,-0.6143,3,0,0.8073,0,2093.38,0,0,0.158785
SYN-03842,development,41,0.2712,33,0,1.08,2,3138.24,0,0,0.067817
SYN-03843,development,50,-0.0079,32,0,0.9506,0,1841.37,0,0,0.093057
SYN-03844,development,18,-0.2541,27,0,1.019,3,1602.06,1,77,0.156892
SYN-03845,development,54,-0.2402,69,0,0.9699,0,535.86,1,76,0.193761
SYN-03846,development,38,-0.2851,22,0,0.5479,1,1124.34,1,75,0.185379
SYN-03847,development,56,0.2425,28,0,0.7848,0,684.59,0,0,0.072794
SYN-03848,development,78,-0.3296,29,0,0.8843,4,2828.4,0,0,0.164707
SYN-03849,development,84,-0.1225,29,0,0.7359,1,806.16,0,0,0.118746
SYN-03850,development,60,0.0096,28,1,1.25,1,1766.35,0,0,0.131034
SYN-03851,development,14,-0.55,42,0,0.9845,0,4914.58,0,0,0.22061
SYN-03852,development,50,0.0238,36,0,0.8909,1,984.65,0,0,0.107406
SYN-03853,development,18,-0.1748,1,0,0.9085,0,1132.1,0,0,0.092487
SYN-03854,development,84,0.0332,37,0,1.0429,0,5416.47,0,0,0.071611
SYN-03855,development,73,0.0127,31,0,0.9913,0,1044.17,0,0,0.079169
SYN-03856,development,75,-0.5967,4,0,0.958,3,6230.54,0,0,0.144179
SYN-03857,development,51,0.0681,46,1,1.0099,2,693.8,0,0,0.206123
SYN-03858,development,14,-0.5187,14,0,0.6706,3,475.23,0,0,0.248574
SYN-03859,development,84,0.1774,11,1,0.8708,0,1279.16,0,0,0.101202
SYN-03860,development,7,-0.0892,1,0,0.7149,1,4139.04,0,0,0.105727
SYN-03861,development,67,-0.3904,23,0,1.0253,0,2190.1,0,0,0.118482
SYN-03862,development,81,0.3028,25,0,1.0626,0,562.04,1,128,0.044773
SYN-03863,development,54,-0.4107,23,0,0.9306,2,457.19,0,0,0.161502
SYN-03864,development,77,-0.2321,39,0,0.8452,0,5054.8,0,0,0.128243
SYN-03865,development,27,-0.2272,16,0,0.9677,0,1471.48,0,0,0.109482
SYN-03866,development,36,-0.4309,26,0,0.702,0,7565.78,0,0,0.178707
SYN-03867,development,9,-0.2562,4,0,0.8444,6,2859.28,1,113,0.169986
SYN-03868,development,37,-0.7811,43,0,0.6975,1,4677.13,0,0,0.342152
SYN-03869,development,28,-0.1979,49,0,1.0814,0,369.91,0,0,0.146239
SYN-03870,development,35,-0.3117,37,1,0.9695,2,1043.14,1,53,0.305855
SYN-03871,development,83,-0.1516,49,0,0.7857,4,602.78,0,0,0.184362
SYN-03872,development,43,0.1063,12,0,0.8925,2,384.33,0,0,0.078203
SYN-03873,development,70,-0.2575,26,0,0.9845,0,1743.19,0,0,0.106839
SYN-03874,development,82,0.0037,15,1,0.8486,1,4029.92,0,0,0.140931
SYN-03875,development,58,-0.3314,35,0,0.6505,0,1967.72,0,0,0.181439
SYN-03876,development,31,0.0673,25,0,0.8043,10,893.27,1,86,0.18562
SYN-03877,development,80,-0.1032,32,0,1.0,1,1104.7,1,66,0.096572
SYN-03878,development,65,-0.2729,17,1,0.9387,2,5324.83,0,0,0.208832
SYN-03879,development,33,-0.2738,5,0,0.8014,3,1611.73,0,0,0.139106
SYN-03880,development,20,-0.3032,31,0,1.0346,0,1527.04,0,0,0.141231
SYN-03881,development,27,-0.1226,46,0,0.8217,7,3572.69,1,51,0.237058
SYN-03882,development,78,0.0494,9,1,0.8961,0,2493.46,0,0,0.114804
SYN-03883,development,33,0.1026,1,0,0.8417,5,1281.45,0,0,0.090408
SYN-03884,development,51,-0.1558,1,0,0.8894,0,1346.67,0,0,0.079816
SYN-03885,development,18,-0.3207,20,0,0.9315,1,841.6,0,0,0.149216
SYN-03886,development,69,0.1795,19,1,1.1096,0,1397.52,0,0,0.096116
SYN-03887,development,35,-0.1469,27,0,0.7433,0,1105.79,0,0,0.134239
SYN-03888,development,67,0.4115,34,0,0.841,0,682.14,0,0,0.056857
SYN-03889,development,56,-0.1181,44,0,1.0366,1,1737.22,0,0,0.12148
SYN-03890,development,52,-0.2827,38,0,1.1816,0,467.13,0,0,0.118333
SYN-03891,development,67,0.0997,39,0,0.8768,3,2296.24,0,0,0.107714
SYN-03892,development,38,0.1743,42,0,0.7887,2,774.32,1,111,0.117616
SYN-03893,development,44,-0.2675,65,0,0.8907,1,1030.1,1,60,0.22249
SYN-03894,development,80,-0.0681,16,1,0.9873,1,951.37,0,0,0.145379
SYN-03895,development,55,-0.3817,53,0,0.6828,2,2404.58,0,0,0.259862
SYN-03896,development,67,-0.3206,35,0,0.8974,1,1968.52,0,0,0.150582
SYN-03897,development,31,-0.1345,24,1,0.9405,1,1800.89,0,0,0.213406
SYN-03898,development,13,-0.1006,20,0,0.8635,0,4914.47,0,0,0.108436
SYN-03899,development,82,0.101,54,0,1.1291,2,1233.9,0,0,0.092985
SYN-03900,development,28,-0.335,47,0,0.8336,2,559.03,1,73,0.231471
SYN-03901,development,45,0.0855,26,0,0.8158,0,2177.17,0,0,0.087207
SYN-03902,development,77,-0.1486,33,0,1.0356,0,1551.46,0,0,0.094478
SYN-03903,development,68,-0.387,28,0,0.8322,1,896.58,0,0,0.159925
SYN-03904,development,55,0.1461,41,0,1.0051,1,987.32,0,0,0.086393
SYN-03905,development,14,0.512,1,0,0.8413,0,2234.78,0,0,0.038707
SYN-03906,development,15,0.0546,40,0,0.8573,2,713.16,0,0,0.137899
SYN-03907,development,43,0.0577,34,0,0.9344,0,2650.33,0,0,0.090489
SYN-03908,development,25,0.0224,1,0,0.9773,1,1869.37,1,125,0.068893
SYN-03909,development,55,0.2418,24,0,0.7878,0,2839.43,0,0,0.067154
SYN-03910,development,68,-0.4171,1,0,0.8682,3,4558.25,0,0,0.125655
SYN-03911,development,15,-0.1082,39,0,0.7329,5,795.06,1,81,0.220885
SYN-03912,development,8,0.1644,40,0,0.9369,0,3346.68,0,0,0.097056
SYN-03913,development,29,0.1547,70,0,1.0097,0,1094.24,0,0,0.12801
SYN-03914,development,56,0.0324,56,0,0.8725,0,1516.52,0,0,0.126113
SYN-03915,development,64,-0.0206,20,0,0.8664,0,1402.12,0,0,0.082795
SYN-03916,development,34,0.0894,46,1,0.8222,0,1373.75,0,0,0.217536
SYN-03917,development,43,-0.2439,57,0,1.0176,0,3027.17,0,0,0.164288
SYN-03918,development,69,-0.5867,29,0,0.896,0,3045.56,0,0,0.177989
SYN-03919,development,14,0.3131,38,0,0.8108,1,1548.39,0,0,0.093215
SYN-03920,development,47,-0.0141,4,1,0.7609,1,1858.05,0,0,0.159349
SYN-03921,development,11,-0.0713,1,0,0.9419,1,821.89,0,0,0.086733
SYN-03922,development,55,-0.0982,70,0,0.8164,1,2056.78,0,0,0.195181
SYN-03923,development,53,0.057,30,0,0.9156,0,753.26,0,0,0.086046
SYN-03924,development,46,0.3893,1,1,0.9962,2,1629.86,0,0,0.08023
SYN-03925,development,41,-0.3074,55,0,0.8704,0,5360.77,0,0,0.190989
SYN-03926,development,72,-0.4059,24,1,0.8787,6,9485.91,1,76,0.317226
SYN-03927,development,26,-0.0223,5,0,1.0077,0,1046.47,0,0,0.070422
SYN-03928,development,65,0.4246,1,0,0.9083,0,1132.96,0,0,0.033369
SYN-03929,development,53,-0.2197,2,0,0.8476,0,773.5,0,0,0.091347
SYN-03930,development,49,-0.2441,63,0,0.859,1,968.54,0,0,0.213418
SYN-03931,development,28,-0.2545,28,0,0.854,1,612.43,0,0,0.156147
SYN-03932,development,27,-0.1387,32,0,0.963,6,272.95,1,100,0.180377
SYN-03933,development,54,-0.0638,14,0,0.8987,2,1407.53,0,0,0.094284
SYN-03934,development,83,-0.1326,6,1,0.9767,0,2193.67,0,0,0.127939
SYN-03935,development,65,-0.2834,1,0,0.8614,2,834.93,0,0,0.105707
SYN-03936,development,16,0.0224,2,1,0.8676,1,3411.68,0,0,0.150276
SYN-03937,development,71,0.0371,1,0,0.7401,1,701.26,0,0,0.07028
SYN-03938,development,6,-0.4276,36,0,0.8881,3,1746.05,1,73,0.246194
SYN-03939,development,70,-0.1395,14,0,0.9044,2,457.58,1,94,0.098271
SYN-03940,development,78,0.0051,31,0,0.7614,0,2771.04,0,0,0.094138
SYN-03941,development,57,0.4524,38,1,1.0814,0,646.54,0,0,0.093574
SYN-03942,development,77,0.0944,16,0,0.7748,1,1118.19,0,0,0.074641
SYN-03943,development,84,-0.3297,24,0,0.9073,0,1370.17,0,0,0.116155
SYN-03944,development,20,-0.0413,19,0,0.8893,1,7220.39,0,0,0.097794
SYN-03945,development,55,0.1943,21,0,0.8654,2,1843.6,0,0,0.074856
SYN-03946,development,60,-0.0764,15,0,0.6889,2,1212.96,1,103,0.114323
SYN-03947,development,44,-0.2225,6,0,0.9463,1,1883.9,0,0,0.096893
SYN-03948,development,68,0.0065,1,0,1.1427,3,2203.86,0,0,0.057834
SYN-03949,development,77,0.1252,46,0,1.2064,0,1017.98,0,0,0.06717
SYN-03950,development,62,0.7033,25,0,0.8613,4,988.46,0,0,0.044874
SYN-03951,development,40,-0.3102,51,0,1.0369,0,378.96,0,0,0.170346
SYN-03952,development,6,0.089,31,0,0.9373,2,813.2,0,0,0.11388
SYN-03953,development,43,-0.1487,1,1,0.9818,0,437.08,0,0,0.146049
SYN-03954,development,51,-0.3093,21,0,1.2425,0,297.2,0,0,0.093877
SYN-03955,development,9,-0.1068,3,0,0.9352,1,1198.84,0,0,0.094169
SYN-03956,development,5,0.1842,33,0,0.9591,0,2387.83,0,0,0.086741
SYN-03957,development,73,-0.6036,41,0,0.9703,2,999.75,0,0,0.224192
SYN-03958,development,16,0.3898,4,0,0.9327,5,1430.98,0,0,0.063138
SYN-03959,development,52,-0.0801,23,1,1.0281,2,344.64,1,115,0.18523
SYN-03960,development,67,-0.2421,24,1,0.7599,6,602.64,1,104,0.324359
SYN-03961,development,37,0.165,15,0,0.8981,2,411.36,0,0,0.076709
SYN-03962,development,33,-0.0754,63,0,1.0043,0,1107.64,0,0,0.154684
SYN-03963,development,65,-0.0456,19,0,0.9643,0,1819.66,0,0,0.07654
SYN-03964,development,52,-0.1333,39,0,1.1014,1,17335.35,1,112,0.090832
SYN-03965,development,74,-0.5831,46,0,0.8561,1,1078.11,0,0,0.237083
SYN-03966,development,52,0.0995,48,0,0.9631,0,1168.84,0,0,0.098488
SYN-03967,development,62,-0.1397,48,0,0.8219,2,9872.86,0,0,0.148241
SYN-03968,development,43,0.0215,5,0,0.892,1,346.12,0,0,0.074471
SYN-03969,development,44,0.2451,37,0,1.2322,0,1912.84,0,0,0.056062
SYN-03970,development,54,0.0702,1,0,0.8937,0,1136.84,0,0,0.05799
SYN-03971,development,76,0.0828,38,0,0.9151,1,799.09,0,0,0.090029
SYN-03972,development,20,-0.0923,1,0,0.9281,0,2022.74,0,0,0.079821
SYN-03973,development,42,-0.0849,14,0,1.0816,3,2140.14,0,0,0.091769
SYN-03974,development,30,0.3183,11,0,0.923,1,2253.22,1,137,0.05395
SYN-03975,development,63,0.348,1,1,1.0286,5,2494.6,0,0,0.093483
SYN-03976,development,19,-0.4153,33,0,1.0563,0,760.8,0,0,0.165314
SYN-03977,development,48,0.2094,41,0,1.0012,0,352.91,0,0,0.077139
SYN-03978,development,13,-0.1343,56,0,0.7459,4,2776.39,0,0,0.252111
SYN-03979,development,51,-0.0288,23,0,0.7838,2,1057.2,0,0,0.113864
SYN-03980,development,11,0.0385,3,0,0.9261,1,2890.14,0,0,0.07589
SYN-03981,development,47,-0.5047,25,1,0.7284,2,1206.23,0,0,0.370256
SYN-03982,development,52,-0.1431,34,0,0.7227,3,319.13,0,0,0.170114
SYN-03983,development,57,-0.0006,15,0,0.8205,0,1332.41,0,0,0.081068
SYN-03984,development,5,0.0154,38,0,0.7826,0,3411.13,1,91,0.132594
SYN-03985,development,53,-0.1726,36,0,0.8521,2,807.85,0,0,0.150736
SYN-03986,development,81,0.0603,34,0,0.8415,7,700.78,0,0,0.138412
SYN-03987,development,71,-0.3012,59,0,1.0034,1,1170.91,0,0,0.178884
SYN-03988,development,26,-0.0711,1,0,1.0888,4,4573.18,0,0,0.083692
SYN-03989,development,81,0.4718,11,0,0.744,1,725.5,0,0,0.042334
SYN-03990,development,84,-0.256,1,0,1.1289,0,2385.47,0,0,0.062957
SYN-03991,development,12,0.5944,22,0,1.1201,1,291.16,0,0,0.039518
SYN-03992,development,80,-0.5101,39,0,1.25,1,6830.12,0,0,0.132909
SYN-03993,development,27,-0.0637,25,0,0.6343,0,2038.07,0,0,0.131984
SYN-03994,development,49,-0.177,19,0,0.6689,3,5199.97,0,0,0.147219
SYN-03995,development,21,0.0037,5,0,0.8731,0,1275.85,0,0,0.078277
SYN-03996,development,32,0.3701,17,1,0.9271,1,5409.47,0,0,0.101392
SYN-03997,development,31,0.0293,19,0,1.1229,0,775.6,0,0,0.070041
SYN-03998,development,36,-0.2437,21,0,1.0822,3,1010.66,0,0,0.128103
SYN-03999,development,65,0.2334,28,0,0.9752,3,878.59,0,0,0.073545
SYN-04000,development,58,-0.259,6,0,0.7386,1,1863.39,0,0,0.115312
SYN-04001,holdout,52,-0.1743,23,0,0.867,0,1994.91,0,0,0.109713
SYN-04002,holdout,70,-0.1994,6,1,0.9115,0,3401.48,0,0,0.15225
SYN-04003,holdout,26,-0.3998,13,1,0.9138,2,770.33,0,0,0.281481
SYN-04004,holdout,34,0.5164,39,1,1.0267,4,1198.63,1,134,0.130785
SYN-04005,holdout,57,-0.3264,29,0,0.9932,0,2982.27,0,0,0.12474
SYN-04006,holdout,12,-0.1465,49,0,0.9778,0,874.5,0,0,0.158176
SYN-04007,holdout,76,-0.3477,3,0,0.8266,0,1907.56,0,0,0.099998
SYN-04008,holdout,54,0.2634,33,1,0.8345,0,1269.56,0,0,0.139355
SYN-04009,holdout,22,0.3466,5,0,1.0623,0,858.82,0,0,0.041152
SYN-04010,holdout,77,-0.3172,7,0,1.1288,0,299.79,0,0,0.078506
SYN-04011,holdout,53,-0.0622,14,0,0.7026,0,5295.53,0,0,0.093054
SYN-04012,holdout,34,0.109,12,0,0.9961,0,624.87,0,0,0.06365
SYN-04013,holdout,19,-0.0993,27,0,0.9447,1,1309.64,0,0,0.12069
SYN-04014,holdout,44,-0.437,57,0,0.8635,1,2460.7,0,0,0.247041
SYN-04015,holdout,44,0.3534,13,0,0.8575,2,1779.34,0,0,0.057223
SYN-04016,holdout,6,-0.3662,3,0,1.0953,0,1193.91,0,0,0.108338
SYN-04017,holdout,32,-0.6055,1,0,0.8239,0,723.86,0,0,0.163479
SYN-04018,holdout,10,-0.1971,1,0,1.0787,0,1562.65,0,0,0.084002
SYN-04019,holdout,35,0.3284,1,0,0.8049,1,1224.72,0,0,0.05148
SYN-04020,holdout,52,-0.0154,15,0,0.6422,5,394.71,0,0,0.140353
SYN-04021,holdout,54,0.2212,4,0,0.7735,0,4575.81,0,0,0.05236
SYN-04022,holdout,37,-0.1284,12,0,1.0,2,918.94,0,0,0.098582
SYN-04023,holdout,74,0.0342,7,0,0.7798,3,1513.12,0,0,0.082884
SYN-04024,holdout,83,-0.0132,38,0,0.8513,4,1259.65,0,0,0.127812
SYN-04025,holdout,32,0.1125,7,0,0.947,0,2032.46,0,0,0.061288
SYN-04026,holdout,77,-0.1844,14,0,0.7436,2,487.33,0,0,0.116579
SYN-04027,holdout,24,-0.4544,1,0,0.9647,5,657.93,1,74,0.171987
SYN-04028,holdout,53,-0.1565,25,0,0.7744,0,4559.4,0,0,0.114883
SYN-04029,holdout,39,-0.3312,37,0,0.8584,3,809.5,0,0,0.205743
SYN-04030,holdout,4,0.3058,7,0,0.7533,3,319.86,0,0,0.080365
SYN-04031,holdout,77,0.0295,44,0,1.013,2,1049.6,0,0,0.101738
SYN-04032,holdout,56,0.3454,27,0,0.8303,0,639.53,0,0,0.059954
SYN-04033,holdout,55,0.2464,12,0,0.9691,1,1010.29,0,0,0.05286
SYN-04034,holdout,52,-0.242,32,0,1.0773,0,1372.49,0,0,0.112623
SYN-04035,holdout,73,0.1256,27,0,1.087,0,1311.06,0,0,0.058786
SYN-04036,holdout,56,-0.3511,1,1,1.0989,0,355.34,0,0,0.161749
SYN-04037,holdout,38,-0.2409,45,0,0.7561,0,1503.08,0,0,0.182291
SYN-04038,holdout,65,-0.2658,22,0,0.8363,0,964.08,0,0,0.120394
SYN-04039,holdout,80,0.2362,45,0,1.0318,0,691.86,0,0,0.066413
SYN-04040,holdout,61,0.1729,47,0,0.7793,0,726.32,0,0,0.100821
SYN-04041,holdout,64,0.0512,1,0,0.9832,1,2074.71,0,0,0.055671
SYN-04042,holdout,30,0.2871,69,0,0.95,1,1686.16,0,0,0.11887
SYN-04043,holdout,27,-0.3669,24,0,0.8574,2,3385.12,0,0,0.175813
SYN-04044,holdout,82,0.0188,60,1,1.0121,0,5055.62,1,83,0.192312
SYN-04045,holdout,62,-0.3159,25,0,1.25,7,1300.55,1,82,0.149631
SYN-04046,holdout,62,0.2406,1,1,1.25,0,1880.77,0,0,0.062826
SYN-04047,holdout,40,0.2904,17,0,0.9291,0,1236.39,0,0,0.054672
SYN-04048,holdout,39,-0.5587,10,0,0.8473,1,2869.31,0,0,0.170651
SYN-04049,holdout,57,0.1151,10,1,1.1067,0,329.42,0,0,0.099373
SYN-04050,holdout,32,0.042,47,0,1.0982,0,1789.06,0,0,0.100023
SYN-04051,holdout,17,-0.029,37,1,0.9126,0,3248.39,0,0,0.217976
SYN-04052,holdout,42,0.0479,43,0,0.6424,0,1155.83,0,0,0.13592
SYN-04053,holdout,74,-0.0705,1,0,0.9439,4,2261.38,0,0,0.080577
SYN-04054,holdout,36,0.0017,1,0,0.6718,0,1057.49,0,0,0.08418
SYN-04055,holdout,56,-0.3317,29,0,0.9298,10,6847.59,0,0,0.237457
SYN-04056,holdout,44,-0.305,1,0,0.8212,0,2796.29,1,88,0.104252
SYN-04057,holdout,18,-0.122,50,1,1.1144,1,3688.83,0,0,0.251789
SYN-04058,holdout,78,0.0635,71,0,0.8931,3,1665.49,0,0,0.160019
SYN-04059,holdout,41,-0.3843,42,0,1.0445,1,1842.19,0,0,0.173311
SYN-04060,holdout,54,-0.0012,41,0,0.8382,2,1599.16,0,0,0.129175
SYN-04061,holdout,15,-0.484,31,0,0.7256,0,1147.07,1,79,0.229706
SYN-04062,holdout,77,0.6273,40,0,0.994,6,1720.06,0,0,0.057934
SYN-04063,holdout,36,-0.0229,52,0,0.84,2,1878.63,0,0,0.162057
SYN-04064,holdout,43,0.2305,50,0,0.9232,5,472.09,0,0,0.129733
SYN-04065,holdout,79,0.047,20,0,0.9043,4,2081.58,0,0,0.090063
SYN-04066,holdout,27,-0.0955,1,0,0.984,1,1702.67,0,0,0.079742
SYN-04067,holdout,68,0.2714,7,1,0.9518,0,2571.23,0,0,0.082847
SYN-04068,holdout,24,-0.3792,48,0,1.0836,1,543.05,0,0,0.193725
SYN-04069,holdout,48,-0.2403,54,1,1.0619,3,2026.36,1,89,0.317184
SYN-04070,holdout,32,-0.2807,38,0,0.9814,0,3050.13,0,0,0.14661
SYN-04071,holdout,65,0.3814,10,1,0.6738,3,1111.39,0,0,0.121042
SYN-04072,holdout,40,-0.1991,23,0,0.9774,2,1070.2,1,118,0.125005
SYN-04073,holdout,11,-0.0512,29,0,0.855,1,1143.8,0,0,0.130131
SYN-04074,holdout,5,-0.8616,37,0,0.9184,1,5329.48,1,79,0.330569
SYN-04075,holdout,57,0.239,24,0,0.9759,2,3918.88,0,0,0.063884
SYN-04076,holdout,73,-0.2637,1,0,0.9495,1,1598.36,1,105,0.085134
SYN-04077,holdout,70,-0.2013,60,0,0.9966,3,2489.2,0,0,0.18094
SYN-04078,holdout,44,0.1168,20,0,0.8728,0,832.71,0,0,0.075034
SYN-04079,holdout,16,-0.0379,10,0,1.218,0,4913.23,0,0,0.062702
SYN-04080,holdout,58,-0.2528,6,0,0.8951,4,634.29,0,0,0.124153
SYN-04081,holdout,52,0.0425,1,1,1.0709,1,387.07,0,0,0.109597
SYN-04082,holdout,27,0.2268,17,0,0.8625,2,1172.75,0,0,0.077301
SYN-04083,holdout,61,0.0941,44,0,0.7531,2,4461.98,0,0,0.119904
SYN-04084,holdout,72,-0.2171,22,0,1.049,0,1887.53,0,0,0.08993
SYN-04085,holdout,40,-0.0228,34,1,0.7765,0,531.12,1,58,0.221055
SYN-04086,holdout,66,-0.1703,28,0,1.2203,1,2589.62,0,0,0.085356
SYN-04087,holdout,80,0.0363,39,1,0.7506,1,739.25,1,104,0.204936
SYN-04088,holdout,49,-0.4053,1,0,0.9888,9,3728.16,0,0,0.179536
SYN-04089,holdout,27,-0.4455,18,1,0.8337,1,2215.35,0,0,0.305305
SYN-04090,holdout,38,-0.0382,43,0,0.8884,0,810.58,0,0,0.125222
SYN-04091,holdout,59,0.0021,48,0,0.8229,4,1311.11,0,0,0.159367
SYN-04092,holdout,34,-0.1484,33,0,0.8656,0,1517.39,0,0,0.130368
SYN-04093,holdout,84,0.0878,19,0,1.1906,2,2093.62,0,0,0.054988
SYN-04094,holdout,13,0.215,10,0,0.9947,4,3425.92,0,0,0.075128
SYN-04095,holdout,29,-0.0898,24,0,1.1427,0,180.0,0,0,0.087627
SYN-04096,holdout,68,-0.3027,10,1,0.886,0,2392.95,0,0,0.188381
SYN-04097,holdout,4,0.3081,35,0,0.9415,0,1338.13,1,113,0.078158
SYN-04098,holdout,42,-0.2267,11,0,1.1391,2,685.71,0,0,0.096113
SYN-04099,holdout,5,-0.1875,8,1,0.7788,0,762.13,1,84,0.224173
SYN-04100,holdout,25,-0.3076,12,0,0.875,3,2013.27,0,0,0.152485
SYN-04101,holdout,11,-0.2665,61,0,1.034,3,1613.37,0,0,0.239044
SYN-04102,holdout,10,-0.2962,33,1,1.0521,3,2463.32,0,0,0.307389
SYN-04103,holdout,13,-0.0672,8,0,0.7629,1,3449.56,0,0,0.106148
SYN-04104,holdout,26,0.5741,16,0,1.1657,0,391.21,0,0,0.031264
SYN-04105,holdout,49,-0.0136,21,0,0.7672,0,1083.73,0,0,0.097051
SYN-04106,holdout,61,-0.1834,37,1,0.8108,3,1682.24,1,82,0.28904
SYN-04107,holdout,51,-0.1805,32,0,0.9317,0,582.66,0,0,0.11985
SYN-04108,holdout,21,0.0175,29,0,0.9065,0,1279.69,0,0,0.102119
SYN-04109,holdout,8,-0.2485,47,0,0.9347,1,744.88,0,0,0.195636
SYN-04110,holdout,21,-0.5773,27,0,1.0575,0,1351.56,0,0,0.184018
SYN-04111,holdout,14,0.1446,17,1,0.8819,3,846.89,0,0,0.181132
SYN-04112,holdout,22,0.188,44,0,0.7179,2,614.09,0,0,0.13449
SYN-04113,holdout,40,0.0381,34,0,0.8373,1,2872.07,0,0,0.109414
SYN-04114,holdout,53,0.1906,51,1,1.0193,2,1048.13,0,0,0.185752
SYN-04115,holdout,56,0.2606,51,0,1.0454,4,1747.8,0,0,0.099117
SYN-04116,holdout,71,0.1162,1,0,0.9038,0,2582.26,0,0,0.049144
SYN-04117,holdout,82,0.0934,45,0,1.1855,0,5357.48,0,0,0.065056
SYN-04118,holdout,74,-0.1661,2,0,0.7898,2,3156.78,0,0,0.091499
SYN-04119,holdout,39,0.3634,9,0,0.9997,5,1833.08,0,0,0.059351
SYN-04120,holdout,73,-0.2129,18,0,0.9952,2,1332.2,1,94,0.102605
SYN-04121,holdout,65,-0.1404,28,0,0.8151,1,2729.0,0,0,0.11782
SYN-04122,holdout,5,0.2537,42,0,0.7567,0,447.02,0,0,0.109348
SYN-04123,holdout,72,0.1388,1,0,0.9801,1,1137.07,0,0,0.048456
SYN-04124,holdout,43,-0.3835,32,0,0.8196,5,419.9,0,0,0.237154
SYN-04125,holdout,14,-0.3665,31,0,0.6867,2,518.73,1,91,0.235846
SYN-04126,holdout,68,-0.2065,20,1,0.9364,0,1313.72,0,0,0.183892
SYN-04127,holdout,48,0.2895,3,0,1.0917,2,812.76,0,0,0.043618
SYN-04128,holdout,30,-0.0077,32,0,0.7835,0,2309.31,0,0,0.116204
SYN-04129,holdout,4,0.1914,11,0,0.8583,0,5527.5,0,0,0.067665
SYN-04130,holdout,18,-0.3538,26,0,0.7334,0,2034.12,0,0,0.181681
SYN-04131,holdout,33,0.2217,31,0,1.022,0,1904.6,0,0,0.067941
SYN-04132,holdout,67,-0.8239,28,0,1.2061,0,723.36,0,0,0.188072
SYN-04133,holdout,33,-0.1289,32,0,1.0695,2,790.99,0,0,0.122028
SYN-04134,holdout,15,-0.1074,19,0,0.9866,0,699.53,1,102,0.101597
SYN-04135,holdout,21,0.156,20,0,0.8008,0,896.27,0,0,0.08359
SYN-04136,holdout,45,-0.1169,20,1,1.0223,0,8110.74,0,0,0.154362
SYN-04137,holdout,7,-0.0216,12,0,0.5962,3,685.04,0,0,0.147483
SYN-04138,holdout,76,-0.3499,1,0,0.8764,0,2369.99,0,0,0.092902
SYN-04139,holdout,34,-0.0397,41,0,1.1192,0,1176.9,0,0,0.101077
SYN-04140,holdout,14,0.0152,40,0,0.9042,0,1177.62,0,0,0.121651
SYN-04141,holdout,76,-0.2006,1,0,1.0704,2,5838.89,0,0,0.070118
SYN-04142,holdout,38,0.0323,1,0,0.7314,6,1274.14,0,0,0.11466
SYN-04143,holdout,80,0.1064,37,0,0.92,2,4524.24,0,0,0.086023
SYN-04144,holdout,35,-0.1021,35,0,0.8274,2,1352.33,0,0,0.148326
SYN-04145,holdout,3,0.2361,5,0,0.8706,2,372.24,0,0,0.07221
SYN-04146,holdout,6,-0.0318,3,0,0.6516,1,8645.23,0,0,0.100734
SYN-04147,holdout,33,0.0555,43,0,0.7832,1,743.85,0,0,0.132816
SYN-04148,holdout,16,-0.1352,22,0,0.5257,1,1499.6,0,0,0.170543
SYN-04149,holdout,34,-0.2576,47,0,0.9213,2,1657.64,0,0,0.191224
SYN-04150,holdout,28,0.6729,11,0,0.8256,1,266.32,0,0,0.037523
SYN-04151,holdout,4,0.0017,8,0,1.062,0,1837.65,0,0,0.07328
SYN-04152,holdout,28,-0.2172,33,0,0.9476,2,639.97,0,0,0.15632
SYN-04153,holdout,32,-0.2729,62,0,1.0228,0,860.24,0,0,0.192149
SYN-04154,holdout,77,-0.5643,33,0,1.1061,0,407.69,0,0,0.153231
SYN-04155,holdout,60,-0.1055,1,0,0.8386,2,746.71,0,0,0.087309
SYN-04156,holdout,58,0.2899,14,0,1.2216,1,582.8,0,0,0.040064
SYN-04157,holdout,34,0.0698,1,0,0.7698,0,308.07,0,0,0.071613
SYN-04158,holdout,65,0.062,24,0,1.0664,1,2021.89,0,0,0.069028
SYN-04159,holdout,44,-0.1151,20,0,0.9107,0,1019.24,0,0,0.098379
SYN-04160,holdout,81,-0.2161,12,0,1.0136,1,1952.2,0,0,0.083929
SYN-04161,holdout,67,0.1432,35,0,0.7878,3,915.19,0,0,0.106522
SYN-04162,holdout,82,-0.3163,1,0,0.9806,0,1130.59,0,0,0.08024
SYN-04163,holdout,56,0.0356,33,0,0.9437,0,688.15,0,0,0.088743
SYN-04164,holdout,84,0.0036,37,1,1.0527,5,1473.31,1,68,0.20453
SYN-04165,holdout,16,-0.02,27,0,0.7429,0,4556.4,0,0,0.117886
SYN-04166,holdout,12,-0.1918,12,0,0.9914,0,821.62,0,0,0.104256
SYN-04167,holdout,74,0.4871,1,1,0.8959,5,2224.33,0,0,0.084034
SYN-04168,holdout,3,-0.2016,8,0,0.9813,0,1858.37,0,0,0.103527
SYN-04169,holdout,49,0.2434,1,0,0.7322,2,1688.92,0,0,0.062239
SYN-04170,holdout,4,0.14,44,0,1.062,2,688.84,0,0,0.113963
SYN-04171,holdout,78,-0.3819,8,0,0.9906,10,294.28,0,0,0.188637
SYN-04172,holdout,23,-0.2851,23,0,0.7838,4,777.75,1,58,0.198399
SYN-04173,holdout,50,-0.0208,2,0,0.9726,4,523.51,0,0,0.084221
SYN-04174,holdout,84,-0.086,24,0,0.9268,4,1533.99,0,0,0.109188
SYN-04175,holdout,65,-0.2246,14,0,0.8867,2,2879.44,0,0,0.110201
SYN-04176,holdout,73,-0.0236,24,0,0.8227,0,1811.29,0,0,0.087316
SYN-04177,holdout,42,0.3735,55,0,0.9199,0,424.82,0,0,0.082235
SYN-04178,holdout,24,-0.1098,68,0,0.6823,0,1954.53,1,72,0.226019
SYN-04179,holdout,78,0.1955,32,0,0.7822,0,2245.62,0,0,0.07318
SYN-04180,holdout,13,-0.4258,19,0,0.9885,5,1571.07,0,0,0.207276
SYN-04181,holdout,40,-0.2516,6,0,0.8618,1,5875.6,0,0,0.104579
SYN-04182,holdout,70,0.1763,35,0,0.704,2,442.2,0,0,0.101997
SYN-04183,holdout,41,-0.0889,40,0,0.7807,5,496.05,0,0,0.192412
SYN-04184,holdout,80,0.075,39,0,1.0118,1,1388.31,0,0,0.082437
SYN-04185,holdout,45,0.0555,23,0,0.9814,0,1865.09,0,0,0.075417
SYN-04186,holdout,7,0.0608,1,0,1.1543,1,397.23,0,0,0.061177
SYN-04187,holdout,22,0.2236,1,0,0.6399,5,1119.21,0,0,0.096812
SYN-04188,holdout,49,0.0822,17,0,0.8375,0,1071.77,0,0,0.076135
SYN-04189,holdout,29,-0.1875,28,0,0.9961,1,632.58,0,0,0.126817
SYN-04190,holdout,10,-0.2439,1,0,0.8527,0,2898.37,0,0,0.107348
SYN-04191,holdout,59,-0.3027,19,0,0.8658,0,1584.41,0,0,0.120317
SYN-04192,holdout,23,0.2629,2,0,0.7279,3,978.41,0,0,0.074622
SYN-04193,holdout,35,-0.1614,36,1,1.0003,4,515.49,0,0,0.284564
SYN-04194,holdout,12,-0.3191,44,0,0.9919,0,1052.88,0,0,0.180953
SYN-04195,holdout,83,0.0795,1,0,0.9848,0,4856.06,0,0,0.044066
SYN-04196,holdout,16,0.1211,37,0,1.1361,0,831.15,0,0,0.082695
SYN-04197,holdout,80,-0.1389,40,1,0.7117,1,727.51,0,0,0.259498
SYN-04198,holdout,58,-0.1236,22,0,0.7612,3,5101.81,0,0,0.127724
SYN-04199,holdout,40,-0.1263,32,0,1.0658,3,9391.36,0,0,0.113516
SYN-04200,holdout,63,-0.136,49,0,0.7851,6,1395.22,0,0,0.217979
SYN-04201,holdout,53,0.312,5,0,1.0984,1,2968.79,0,0,0.038094
SYN-04202,holdout,7,0.1242,68,0,0.7141,0,2022.73,1,62,0.178587
SYN-04203,holdout,28,-0.2918,49,0,1.0564,1,2918.86,1,31,0.172984
SYN-04204,holdout,57,-0.2449,38,0,0.9475,0,1041.64,0,0,0.134299
SYN-04205,holdout,39,-0.2663,56,0,0.8267,4,3421.06,0,0,0.249225
SYN-04206,holdout,43,0.0153,21,0,1.2038,3,2958.82,0,0,0.077709
SYN-04207,holdout,12,-0.1673,47,0,0.8679,1,973.52,0,0,0.184333
SYN-04208,holdout,69,-0.0724,1,1,0.8867,0,1255.04,0,0,0.128684
SYN-04209,holdout,81,0.0136,45,0,0.8125,1,1601.76,0,0,0.114506
SYN-04210,holdout,53,0.75,45,0,0.8668,1,902.49,0,0,0.046059
SYN-04211,holdout,52,0.4539,15,1,0.9295,0,549.41,0,0,0.080915
SYN-04212,holdout,82,0.4105,51,0,0.9976,1,1427.8,0,0,0.061826
SYN-04213,holdout,19,0.151,26,0,0.9209,0,2108.46,0,0,0.081057
SYN-04214,holdout,38,-0.0574,3,0,1.0605,0,1861.31,0,0,0.064384
SYN-04215,holdout,74,-0.2113,28,0,0.8836,2,1682.72,0,0,0.127103
SYN-04216,holdout,66,0.046,36,0,0.9719,1,301.78,0,0,0.091788
SYN-04217,holdout,52,-0.0317,29,0,0.7022,0,1866.93,0,0,0.114043
SYN-04218,holdout,83,-0.4221,49,0,0.8029,1,4133.22,1,82,0.199009
SYN-04219,holdout,32,-0.0067,77,0,0.6527,1,2306.01,0,0,0.233807
SYN-04220,holdout,79,-0.0796,1,0,0.8563,2,1976.38,0,0,0.075426
SYN-04221,holdout,42,0.0279,12,0,0.9474,2,2151.58,0,0,0.080995
SYN-04222,holdout,52,-0.2181,5,0,0.7748,0,1992.52,0,0,0.099926
SYN-04223,holdout,50,0.1259,47,0,0.9985,3,740.08,0,0,0.113314
SYN-04224,holdout,38,-0.3132,5,1,1.0643,2,4038.93,0,0,0.193316
SYN-04225,holdout,5,-0.0541,52,0,0.8025,1,658.11,0,0,0.185609
SYN-04226,holdout,62,0.3583,1,0,0.7896,1,3974.72,0,0,0.042911
SYN-04227,holdout,78,0.0974,1,0,1.0922,1,2255.95,0,0,0.044297
SYN-04228,holdout,31,-0.5014,4,0,0.9194,1,531.93,0,0,0.147923
SYN-04229,holdout,4,-0.0712,25,1,0.8387,3,1056.21,0,0,0.269778
SYN-04230,holdout,78,0.3779,53,0,0.9299,3,430.21,0,0,0.08383
SYN-04231,holdout,72,0.3913,2,0,0.9827,2,801.84,0,0,0.037299
SYN-04232,holdout,39,-0.5251,39,0,0.9481,0,709.79,0,0,0.204763
SYN-04233,holdout,7,-0.0152,27,1,1.0323,6,1563.28,0,0,0.262902
SYN-04234,holdout,30,0.063,50,0,0.7234,1,278.95,0,0,0.153539
SYN-04235,holdout,47,0.1836,44,0,0.8315,0,2087.23,0,0,0.094919
SYN-04236,holdout,83,0.141,1,0,0.9187,2,3732.86,0,0,0.050604
SYN-04237,holdout,15,-0.5974,1,0,1.0822,0,757.15,0,0,0.139141
SYN-04238,holdout,38,0.042,46,0,1.1228,7,1921.19,0,0,0.150597
SYN-04239,holdout,10,0.2343,31,0,1.0965,0,1168.51,0,0,0.069423
SYN-04240,holdout,30,0.6198,19,0,0.8163,0,1290.42,0,0,0.041334
SYN-04241,holdout,47,-0.0888,1,0,0.9549,0,2097.28,0,0,0.069166
SYN-04242,holdout,30,0.1038,82,0,0.5608,0,1534.27,0,0,0.224282
SYN-04243,holdout,52,0.0144,45,0,0.8998,0,709.53,0,0,0.112575
SYN-04244,holdout,41,0.5525,8,0,1.2041,0,444.39,0,0,0.025987
SYN-04245,holdout,19,0.0034,21,0,0.8915,3,1672.27,0,0,0.116979
SYN-04246,holdout,79,0.0264,6,0,1.0794,1,725.78,1,120,0.053867
SYN-04247,holdout,48,0.2047,19,0,1.0686,3,1100.15,0,0,0.06664
SYN-04248,holdout,79,0.0635,28,0,0.8305,4,1980.08,0,0,0.104561
SYN-04249,holdout,15,0.2836,21,0,0.9445,1,573.96,0,0,0.069227
SYN-04250,holdout,79,-0.0611,42,0,0.9498,0,838.84,0,0,0.102322
SYN-04251,holdout,51,0.1267,20,0,0.8253,0,1665.32,0,0,0.074248
SYN-04252,holdout,36,-0.5516,1,0,0.9591,0,1118.51,0,0,0.133783
SYN-04253,holdout,32,-0.3462,23,1,1.0429,0,285.14,0,0,0.236645
SYN-04254,holdout,67,-0.36,1,1,0.9508,1,1926.39,0,0,0.184973
SYN-04255,holdout,66,0.034,40,0,1.0781,0,1916.37,0,0,0.081521
SYN-04256,holdout,15,-0.2173,33,0,0.8812,0,1763.91,0,0,0.150506
SYN-04257,holdout,62,0.4514,24,1,0.9772,0,1976.76,0,0,0.082393
SYN-04258,holdout,58,-0.2027,51,0,1.0439,2,1063.86,0,0,0.156419
SYN-04259,holdout,75,-0.329,25,0,0.9372,1,2637.07,0,0,0.1249
SYN-04260,holdout,16,0.0514,35,1,1.1442,0,864.63,0,0,0.166371
SYN-04261,holdout,19,0.2271,19,0,1.0528,0,1626.26,0,0,0.059408
SYN-04262,holdout,12,0.2982,21,0,0.6108,5,2302.01,0,0,0.119483
SYN-04263,holdout,26,-0.0926,39,0,0.6989,0,2223.63,0,0,0.154164
SYN-04264,holdout,60,0.2669,49,0,1.0167,1,1546.38,0,0,0.078636
SYN-04265,holdout,83,-0.1862,23,0,0.8905,0,1184.24,0,0,0.09726
SYN-04266,holdout,13,0.0569,1,1,0.9949,0,2550.95,1,116,0.12213
SYN-04267,holdout,37,-0.4804,7,1,0.9474,1,1167.06,0,0,0.255115
SYN-04268,holdout,83,0.3737,40,0,0.8907,0,2219.45,0,0,0.056697
SYN-04269,holdout,51,-0.6035,33,0,0.7471,3,1956.4,0,0,0.273949
SYN-04270,holdout,9,-0.1285,1,1,0.9852,1,568.95,0,0,0.172181
SYN-04271,holdout,40,-0.0923,8,1,1.0885,0,1262.66,1,59,0.135775
SYN-04272,holdout,54,-0.2463,11,0,0.9298,1,2269.21,0,0,0.103364
SYN-04273,holdout,5,-0.0628,27,1,1.0093,0,1287.7,0,0,0.200318
SYN-04274,holdout,52,0.461,10,0,1.0312,1,797.8,0,0,0.036601
SYN-04275,holdout,73,0.2261,49,0,1.0069,1,2457.19,0,0,0.078392
SYN-04276,holdout,14,-0.2152,39,0,1.0028,10,604.81,0,0,0.272483
SYN-04277,holdout,53,-0.0193,15,0,0.9643,5,680.87,0,0,0.105942
SYN-04278,holdout,79,0.0961,11,0,0.8216,0,1457.31,0,0,0.061321
SYN-04279,holdout,24,0.4155,49,0,1.0611,0,904.23,0,0,0.067588
SYN-04280,holdout,28,0.0004,39,0,0.7769,2,2265.31,0,0,0.145419
SYN-04281,holdout,63,0.0213,42,1,0.7079,0,2211.35,0,0,0.219303
SYN-04282,holdout,55,-0.7491,7,0,1.2482,1,4103.28,0,0,0.137805
SYN-04283,holdout,58,-0.3474,13,0,0.8989,0,1728.39,0,0,0.114965
SYN-04284,holdout,3,-0.4024,47,1,0.9396,2,975.66,1,23,0.408825
SYN-04285,holdout,3,0.0836,29,0,0.8537,0,779.84,0,0,0.106317
SYN-04286,holdout,63,0.0749,43,0,0.8809,3,1428.89,0,0,0.119847
SYN-04287,holdout,47,-0.0551,2,0,0.8809,1,744.02,1,76,0.078358
SYN-04288,holdout,76,0.0977,22,0,1.0438,1,552.16,0,0,0.063672
SYN-04289,holdout,67,0.4974,23,1,0.8147,0,4559.37,0,0,0.083789
SYN-04290,holdout,65,-0.2419,7,0,0.8632,4,2581.49,0,0,0.120897
SYN-04291,holdout,16,-0.3345,42,1,0.9789,1,564.66,1,53,0.330228
SYN-04292,holdout,12,-0.2786,15,1,0.9077,1,1643.63,1,80,0.248965
SYN-04293,holdout,48,0.1957,24,0,1.1361,1,850.47,0,0,0.058955
SYN-04294,holdout,60,-0.4155,9,0,0.678,0,2297.05,0,0,0.14192
SYN-04295,holdout,22,-0.3192,1,0,0.9914,3,2368.8,0,0,0.123148
SYN-04296,holdout,78,-0.3386,1,0,0.9197,2,439.58,0,0,0.102872
SYN-04297,holdout,62,0.3102,21,0,1.0718,0,804.23,0,0,0.044994
SYN-04298,holdout,83,-0.5576,1,0,1.0414,1,2292.66,0,0,0.109672
SYN-04299,holdout,51,0.6837,7,1,0.9756,4,888.31,0,0,0.067936
SYN-04300,holdout,6,0.1134,13,0,0.9174,0,1350.93,0,0,0.076775
SYN-04301,holdout,2,-0.1797,23,0,0.9618,0,1861.08,0,0,0.124437
SYN-04302,holdout,25,-0.1274,34,0,1.1299,2,296.16,0,0,0.123166
SYN-04303,holdout,22,0.2125,21,0,0.8468,0,1252.43,1,129,0.07466
SYN-04304,holdout,37,-0.0333,14,0,0.7942,5,912.65,0,0,0.131211
SYN-04305,holdout,14,0.0086,10,0,0.9233,0,1539.47,0,0,0.081451
SYN-04306,holdout,40,-0.2339,19,0,1.0744,1,1723.94,0,0,0.105796
SYN-04307,holdout,79,-0.0108,16,1,1.0203,0,3009.84,0,0,0.120341
SYN-04308,holdout,15,-0.2519,1,0,0.5807,1,1097.94,0,0,0.147016
SYN-04309,holdout,72,-0.2263,24,0,1.05,3,499.03,0,0,0.11674
SYN-04310,holdout,66,0.3991,58,0,1.0116,4,921.35,0,0,0.090518
SYN-04311,holdout,67,0.2866,32,0,0.8477,1,6331.91,0,0,0.06479
SYN-04312,holdout,78,0.2659,19,0,1.1893,0,2405.41,0,0,0.037997
SYN-04313,holdout,83,-0.1194,6,0,1.0616,7,2800.73,0,0,0.097336
SYN-04314,holdout,40,0.2536,31,0,1.25,0,528.58,0,0,0.052089
SYN-04315,holdout,80,0.2373,1,1,1.0312,2,876.03,0,0,0.083475
SYN-04316,holdout,52,0.0572,46,0,1.1879,5,1180.94,0,0,0.116968
SYN-04317,holdout,15,-0.1957,29,0,1.0098,0,2524.92,0,0,0.123735
SYN-04318,holdout,58,0.4011,28,0,0.7513,2,1948.94,0,0,0.068078
SYN-04319,holdout,56,0.4479,29,0,0.7763,1,4480.11,0,0,0.057362
SYN-04320,holdout,17,-0.1556,10,0,0.7615,0,2438.99,0,0,0.113863
SYN-04321,holdout,53,-0.1443,38,0,0.861,0,6639.13,0,0,0.120405
SYN-04322,holdout,11,0.0115,46,0,0.9185,0,547.82,0,0,0.132787
SYN-04323,holdout,59,0.4201,1,0,0.6825,0,1175.06,0,0,0.042679
SYN-04324,holdout,8,-0.0382,1,0,1.0493,0,1208.33,0,0,0.070669
SYN-04325,holdout,25,0.1144,22,0,0.7361,2,3042.38,0,0,0.105411
SYN-04326,holdout,80,-0.3685,1,0,0.7818,0,3213.13,0,0,0.100745
SYN-04327,holdout,20,0.2759,54,0,0.7876,0,2884.22,0,0,0.109938
SYN-04328,holdout,8,0.3388,22,0,0.8329,1,3166.85,0,0,0.071706
SYN-04329,holdout,19,-0.0171,70,0,1.0542,1,908.44,0,0,0.169545
SYN-04330,holdout,75,-0.2108,2,0,0.8922,8,1187.13,0,0,0.136009
SYN-04331,holdout,6,0.0216,49,1,0.8719,0,1765.22,0,0,0.256052
SYN-04332,holdout,4,-0.4585,7,0,1.0279,1,5861.52,0,0,0.137858
SYN-04333,holdout,43,-0.7801,6,0,0.7776,0,957.3,1,63,0.211663
SYN-04334,holdout,57,-0.0494,13,0,0.9602,1,2588.07,0,0,0.078297
SYN-04335,holdout,34,0.4781,49,0,0.7764,0,2583.0,0,0,0.075538
SYN-04336,holdout,62,-0.1216,29,0,1.1005,2,1675.01,0,0,0.099573
SYN-04337,holdout,63,-0.5878,10,0,1.1203,2,1423.55,0,0,0.139575
SYN-04338,holdout,65,-0.1807,28,0,0.9179,1,1201.09,0,0,0.115724
SYN-04339,holdout,64,-0.4411,19,0,1.0694,0,6284.63,0,0,0.110962
SYN-04340,holdout,60,-0.1497,37,0,0.9287,0,415.99,0,0,0.119003
SYN-04341,holdout,11,0.1306,8,0,0.6553,0,792.36,0,0,0.087868
SYN-04342,holdout,16,0.1754,30,0,0.9079,0,2951.89,0,0,0.083785
SYN-04343,holdout,36,-0.2191,67,0,0.9884,5,1882.72,0,0,0.257358
SYN-04344,holdout,29,0.1818,17,0,0.9908,0,581.95,0,0,0.063334
SYN-04345,holdout,62,0.2401,27,0,0.7721,2,1000.61,0,0,0.081507
SYN-04346,holdout,78,0.3296,21,0,0.8616,3,2107.79,0,0,0.060725
SYN-04347,holdout,49,-0.2826,11,0,0.6568,0,1718.86,0,0,0.131894
SYN-04348,holdout,40,0.0507,27,1,0.9879,0,853.1,0,0,0.1571
SYN-04349,holdout,72,-0.0943,28,1,1.0621,1,547.49,0,0,0.16905
SYN-04350,holdout,53,0.131,47,0,0.6423,4,643.01,0,0,0.161175
SYN-04351,holdout,38,-0.1017,21,1,0.8245,0,1177.21,0,0,0.20104
SYN-04352,holdout,28,-0.2326,2,0,0.7109,0,2706.07,0,0,0.113137
SYN-04353,holdout,35,-0.5532,48,0,0.7902,6,921.2,0,0,0.364061
SYN-04354,holdout,21,-0.3458,43,1,0.7414,0,447.89,0,0,0.36829
SYN-04355,holdout,50,-0.1253,38,0,1.1394,0,5976.2,0,0,0.093877
SYN-04356,holdout,40,-0.2063,48,0,1.2148,1,3072.86,1,54,0.128334
SYN-04357,holdout,69,0.0206,77,0,0.7207,0,1595.68,0,0,0.178419
SYN-04358,holdout,59,-0.111,31,0,1.0753,0,2936.81,0,0,0.089365
SYN-04359,holdout,20,0.1058,13,0,0.9916,0,5868.95,1,137,0.064225
SYN-04360,holdout,31,0.2541,2,1,0.6986,0,483.5,0,0,0.118856
SYN-04361,holdout,64,0.1838,20,0,0.8014,0,3210.18,1,122,0.065129
SYN-04362,holdout,23,0.0096,31,0,0.9149,0,972.3,0,0,0.104655
SYN-04363,holdout,77,-0.0198,42,0,0.861,0,3295.72,0,0,0.102358
SYN-04364,holdout,20,0.1063,15,0,0.9478,1,6363.19,0,0,0.073192
SYN-04365,holdout,54,0.2467,45,0,0.7502,2,1172.66,0,0,0.107409
SYN-04366,holdout,35,-0.1956,35,0,1.0103,0,332.66,0,0,0.12673
SYN-04367,holdout,73,-0.5328,25,0,1.0902,0,1402.47,1,70,0.135746
SYN-04368,holdout,14,-0.1136,50,0,0.8928,2,3390.47,1,88,0.180214
SYN-04369,holdout,21,0.2613,32,1,0.759,1,2695.7,0,0,0.174684
SYN-04370,holdout,43,-0.3671,27,0,0.865,0,397.52,0,0,0.155742
SYN-04371,holdout,36,0.1278,26,0,0.9338,3,1968.4,0,0,0.095089
SYN-04372,holdout,62,-0.3873,15,0,0.4574,0,1189.88,1,60,0.178078
SYN-04373,holdout,12,-0.1538,6,0,0.8121,1,942.31,0,0,0.114972
SYN-04374,holdout,10,-0.4703,22,0,0.6622,2,574.33,0,0,0.247335
SYN-04375,holdout,5,0.2673,29,0,1.0941,0,644.94,0,0,0.066638
SYN-04376,holdout,10,0.1101,1,0,0.9164,0,1012.87,0,0,0.064958
SYN-04377,holdout,19,0.5192,40,0,1.0655,0,787.85,0,0,0.05294
SYN-04378,holdout,27,-0.2514,44,0,0.7898,1,548.35,1,57,0.198934
SYN-04379,holdout,77,-0.382,56,0,0.8846,1,3881.92,0,0,0.197846
SYN-04380,holdout,34,-0.3774,13,0,0.919,0,6040.88,0,0,0.122168
SYN-04381,holdout,59,-0.4445,48,0,0.8426,3,1137.12,1,59,0.24822
SYN-04382,holdout,31,0.0826,48,0,0.6603,3,2771.41,0,0,0.169301
SYN-04383,holdout,47,-0.0739,3,0,0.8163,0,2789.9,0,0,0.078266
SYN-04384,holdout,52,0.0329,30,1,0.9035,0,2380.02,0,0,0.167334
SYN-04385,holdout,3,0.2433,22,0,0.987,0,1352.44,0,0,0.069063
SYN-04386,holdout,53,0.2645,25,1,0.9827,1,1431.26,0,0,0.118682
SYN-04387,holdout,56,-0.2642,28,1,0.9027,0,4933.23,0,0,0.221485
SYN-04388,holdout,67,-0.284,3,0,0.9054,1,3123.7,0,0,0.093803
SYN-04389,holdout,7,0.0035,27,0,1.0011,0,1153.3,0,0,0.098828
SYN-04390,holdout,50,-0.1139,27,0,1.0144,0,2068.03,0,0,0.094386
SYN-04391,holdout,53,-0.1854,44,0,0.9723,2,2454.28,0,0,0.149558
SYN-04392,holdout,43,0.0343,30,1,0.9673,1,702.66,0,0,0.178327
SYN-04393,holdout,38,0.0432,3,0,0.8333,1,1194.4,0,0,0.075002
SYN-04394,holdout,72,-0.0091,43,0,0.9872,6,1665.47,0,0,0.142838
SYN-04395,holdout,15,-0.0098,63,0,0.9067,3,1462.81,0,0,0.199077
SYN-04396,holdout,3,-0.1987,56,1,0.9227,2,1091.32,0,0,0.372828
SYN-04397,holdout,44,-0.1228,23,0,1.0242,1,2716.83,0,0,0.097835
SYN-04398,holdout,47,0.0243,30,0,0.8752,0,1633.9,0,0,0.094367
SYN-04399,holdout,27,-0.0599,19,0,0.865,0,1017.09,0,0,0.100861
SYN-04400,holdout,40,0.241,38,0,0.7756,0,3597.5,0,0,0.086283
SYN-04401,holdout,25,-0.3479,24,0,0.6338,1,514.89,0,0,0.201456
SYN-04402,holdout,7,-0.2884,51,0,0.8467,5,2044.79,0,0,0.28481
SYN-04403,holdout,22,-0.0674,17,1,0.7299,0,1078.7,0,0,0.210829
SYN-04404,holdout,75,-0.3948,44,0,0.9868,2,3902.98,0,0,0.172315
SYN-04405,holdout,38,-0.4465,29,0,0.8238,0,3877.85,1,64,0.177369
SYN-04406,holdout,46,0.0194,19,0,0.8052,3,893.87,1,102,0.109194
SYN-04407,holdout,42,0.0381,1,0,0.9604,1,454.87,0,0,0.065003
SYN-04408,holdout,62,-0.1124,1,0,0.7679,0,1158.92,1,86,0.08052
SYN-04409,holdout,58,-0.1153,13,1,1.0248,7,6557.41,0,0,0.212902
SYN-04410,holdout,74,-0.0441,41,0,0.9887,1,2255.21,0,0,0.102401
SYN-04411,holdout,34,0.0731,50,1,0.7963,0,421.92,0,0,0.23877
SYN-04412,holdout,16,-0.0627,55,1,0.936,0,1912.11,0,0,0.275175
SYN-04413,holdout,4,0.1853,4,0,0.7653,0,1953.96,0,0,0.071058
SYN-04414,holdout,16,-0.5594,30,1,0.7198,5,774.89,0,0,0.501106
SYN-04415,holdout,78,-0.0081,44,0,0.9688,0,931.41,0,0,0.096619
SYN-04416,holdout,44,-0.1021,1,0,0.8712,3,876.62,0,0,0.096457
SYN-04417,holdout,71,0.127,25,0,0.8084,0,2829.73,0,0,0.072912
SYN-04418,holdout,75,-0.2575,27,0,0.8964,1,5192.29,0,0,0.117195
SYN-04419,holdout,22,0.3411,1,0,1.1152,1,2016.44,0,0,0.039512
SYN-04420,holdout,66,0.1814,1,0,1.0139,2,3882.57,0,0,0.046996
SYN-04421,holdout,4,0.1436,18,1,0.9009,7,939.0,0,0,0.238288
SYN-04422,holdout,54,-0.0059,47,0,0.8497,4,1173.99,1,100,0.158754
SYN-04423,holdout,27,-0.1403,42,0,1.1254,3,1680.4,0,0,0.144595
SYN-04424,holdout,61,0.0841,52,0,0.7348,0,2020.09,1,122,0.123182
SYN-04425,holdout,11,0.396,11,0,0.9512,0,477.4,0,0,0.048848
SYN-04426,holdout,16,-0.5328,41,0,0.93,1,1145.71,0,0,0.245117
SYN-04427,holdout,5,-0.0691,57,0,0.7783,1,2393.07,0,0,0.199911
SYN-04428,holdout,38,0.1124,56,0,1.0062,2,1394.74,0,0,0.124809
SYN-04429,holdout,58,-0.4899,25,0,0.7093,0,649.14,0,0,0.188618
SYN-04430,holdout,59,0.0252,30,1,1.0251,1,1071.89,0,0,0.161199
SYN-04431,holdout,47,-0.2322,1,0,0.9074,0,564.14,0,0,0.089295
SYN-04432,holdout,62,-0.162,1,0,1.0343,0,2210.04,0,0,0.066524
SYN-04433,holdout,62,-0.1224,37,0,0.9974,2,380.4,0,0,0.122925
SYN-04434,holdout,59,-0.1317,37,0,1.0873,0,1683.6,0,0,0.099892
SYN-04435,holdout,43,-0.5636,7,0,1.0857,0,2167.54,0,0,0.126058
SYN-04436,holdout,69,-0.1449,1,0,1.1856,2,1845.1,0,0,0.063637
SYN-04437,holdout,52,-0.3485,35,1,0.7107,2,1459.81,0,0,0.349107
SYN-04438,holdout,73,-0.0598,14,0,0.8755,6,1459.12,0,0,0.116439
SYN-04439,holdout,2,0.1386,42,1,1.0722,1,937.87,0,0,0.193429
SYN-04440,holdout,56,-0.0142,41,0,0.844,0,2238.24,0,0,0.112419
SYN-04441,holdout,63,-0.2147,22,0,0.9793,0,2229.44,1,70,0.09855
SYN-04442,holdout,34,-0.0526,27,1,1.2442,0,879.28,0,0,0.147301
SYN-04443,holdout,3,-0.0502,1,0,1.0344,0,589.58,0,0,0.074983
SYN-04444,holdout,3,0.1779,8,0,1.0212,2,1110.62,0,0,0.070114
SYN-04445,holdout,78,-0.1391,44,0,0.9368,0,1198.32,0,0,0.117356
SYN-04446,holdout,48,0.1775,75,0,0.8412,1,2192.01,0,0,0.149365
SYN-04447,holdout,75,0.098,59,0,0.8372,0,2462.19,0,0,0.113756
SYN-04448,holdout,28,0.0821,1,0,0.6669,0,1883.28,0,0,0.077652
SYN-04449,holdout,22,0.1241,10,1,0.719,0,524.88,0,0,0.157144
SYN-04450,holdout,22,-0.2381,22,0,1.1549,0,2090.97,0,0,0.102948
SYN-04451,holdout,56,0.049,12,0,0.988,0,646.25,0,0,0.063357
SYN-04452,holdout,54,-0.1777,21,1,1.2068,0,968.01,1,68,0.15244
SYN-04453,holdout,66,-0.0521,42,0,0.6892,1,491.97,0,0,0.143379
SYN-04454,holdout,9,-0.1254,11,0,0.8306,0,1483.2,0,0,0.109177
SYN-04455,holdout,8,0.5605,1,0,0.6477,0,841.25,0,0,0.045473
SYN-04456,holdout,25,0.4523,36,0,0.6425,2,1060.7,0,0,0.090614
SYN-04457,holdout,28,-0.1569,13,0,0.9095,3,1792.88,1,86,0.123047
SYN-04458,holdout,66,-0.0585,12,0,0.9538,3,6949.81,0,0,0.082212
SYN-04459,holdout,20,-0.0288,33,0,0.7727,4,450.9,0,0,0.168668
SYN-04460,holdout,8,-0.3318,1,1,1.0449,2,600.74,0,0,0.222073
SYN-04461,holdout,22,-0.2687,38,0,1.1666,1,2182.21,1,93,0.138598
SYN-04462,holdout,40,0.1129,1,0,0.8348,5,3744.14,0,0,0.084352
SYN-04463,holdout,5,-0.4953,1,0,1.0865,2,2264.98,0,0,0.141967
SYN-04464,holdout,48,-0.2158,23,0,0.9359,6,936.47,0,0,0.166652
SYN-04465,holdout,12,0.087,21,0,1.0126,3,896.04,0,0,0.098068
SYN-04466,holdout,72,-0.1823,54,1,0.9892,0,2785.62,1,74,0.244473
SYN-04467,holdout,2,0.2436,15,0,1.1339,1,649.48,0,0,0.059763
SYN-04468,holdout,27,0.2734,49,0,0.8126,2,1529.14,0,0,0.114733
SYN-04469,holdout,53,0.214,1,0,1.048,2,1048.91,0,0,0.047884
SYN-04470,holdout,43,0.0749,5,0,0.6359,1,544.92,0,0,0.087223
SYN-04471,holdout,5,0.0902,19,0,0.8714,0,2127.01,0,0,0.088776
SYN-04472,holdout,8,0.0631,18,0,0.8991,0,5519.72,0,0,0.083596
SYN-04473,holdout,18,0.2793,34,0,0.8946,1,1373.31,0,0,0.084587
SYN-04474,holdout,42,-0.012,18,0,0.9742,0,2371.51,0,0,0.078194
SYN-04475,holdout,39,-0.1718,20,0,0.8554,1,4427.11,0,0,0.116121
SYN-04476,holdout,18,-0.0874,22,0,0.8521,1,1681.0,0,0,0.120837
SYN-04477,holdout,25,-0.6433,55,1,0.602,1,1032.7,1,45,0.562589
SYN-04478,holdout,62,0.2182,16,0,0.6842,0,1882.2,1,137,0.067391
SYN-04479,holdout,25,-0.4515,19,0,1.0451,5,1234.81,1,58,0.196368
SYN-04480,holdout,3,0.2789,21,0,1.0275,1,815.43,0,0,0.067684
SYN-04481,holdout,72,-0.2187,11,0,0.6799,3,532.72,0,0,0.135012
SYN-04482,holdout,16,-0.0097,56,0,0.9789,1,3598.99,0,0,0.147708
SYN-04483,holdout,70,-0.0771,57,0,0.8892,0,1981.5,0,0,0.135982
SYN-04484,holdout,29,0.1955,29,0,0.9587,0,1908.8,1,113,0.073845
SYN-04485,holdout,44,0.5447,1,0,0.792,3,1900.81,0,0,0.042576
SYN-04486,holdout,14,0.1626,14,0,0.8944,0,2791.47,0,0,0.070518
SYN-04487,holdout,80,-0.2091,41,0,0.6754,0,1809.75,0,0,0.151921
SYN-04488,holdout,44,-0.0274,28,0,0.8104,1,2555.91,0,0,0.11156
SYN-04489,holdout,74,-0.0168,25,0,0.8222,3,1868.15,0,0,0.107358
SYN-04490,holdout,49,0.1876,43,0,1.0895,1,2463.19,0,0,0.078157
SYN-04491,holdout,56,-0.2156,18,1,0.8177,2,1547.42,0,0,0.234153
SYN-04492,holdout,42,-0.3203,1,0,0.8789,3,4893.46,0,0,0.121513
SYN-04493,holdout,48,-0.4212,1,0,0.7993,0,593.35,0,0,0.124947
SYN-04494,holdout,13,-0.3254,26,0,0.6591,1,1295.3,1,83,0.203721
SYN-04495,holdout,33,-0.231,38,0,1.0231,0,795.71,0,0,0.136346
SYN-04496,holdout,17,-0.2311,6,0,0.9419,0,715.59,0,0,0.104114
SYN-04497,holdout,19,-0.2913,14,0,0.7972,3,607.45,0,0,0.170011
SYN-04498,holdout,61,0.1862,42,0,0.9282,0,8247.98,0,0,0.073319
SYN-04499,holdout,33,0.4333,20,0,1.0341,2,407.89,0,0,0.051113
SYN-04500,holdout,67,-0.54,7,0,1.1201,2,3982.87,0,0,0.12057
SYN-04501,holdout,51,-0.2835,38,0,0.9841,1,519.08,0,0,0.150269
SYN-04502,holdout,63,0.2295,23,0,0.6719,0,1125.08,0,0,0.074161
SYN-04503,holdout,48,-0.0847,33,0,0.569,1,2934.05,1,68,0.15373
SYN-04504,holdout,49,-0.3957,50,0,0.9244,0,2439.37,0,0,0.192507
SYN-04505,holdout,76,0.311,19,0,0.6497,3,2125.92,0,0,0.074271
SYN-04506,holdout,26,-0.0795,1,0,0.8791,0,3710.69,0,0,0.078194
SYN-04507,holdout,75,0.0981,52,0,0.7968,1,1113.65,0,0,0.117354
SYN-04508,holdout,3,0.319,53,0,0.7306,2,653.14,0,0,0.135934
SYN-04509,holdout,45,-0.6284,46,0,1.1044,2,585.97,0,0,0.243637
SYN-04510,holdout,72,-0.0757,46,0,1.0017,2,802.81,0,0,0.123553
SYN-04511,holdout,64,0.0361,81,1,0.9311,3,908.28,1,98,0.330302
SYN-04512,holdout,44,0.3908,30,0,1.1668,0,2698.73,0,0,0.04382
SYN-04513,holdout,6,-0.0385,34,0,1.169,4,1608.91,0,0,0.128875
SYN-04514,holdout,16,0.3382,1,0,0.8469,1,592.8,0,0,0.053453
SYN-04515,holdout,16,-0.1953,2,0,0.8172,3,248.39,0,0,0.130293
SYN-04516,holdout,57,0.3426,34,0,0.9958,0,1521.95,0,0,0.05581
SYN-04517,holdout,78,0.0284,52,1,0.8645,1,1213.49,0,0,0.219684
SYN-04518,holdout,51,-0.1393,15,0,0.9326,2,665.49,0,0,0.104573
SYN-04519,holdout,27,-0.2785,61,0,0.6065,0,1551.89,0,0,0.265079
SYN-04520,holdout,60,0.3578,29,0,1.2076,4,5609.75,0,0,0.052188
SYN-04521,holdout,83,-0.1172,5,0,0.9063,2,7204.22,0,0,0.073207
SYN-04522,holdout,11,0.0761,44,0,0.8157,0,2464.28,0,0,0.127213
SYN-04523,holdout,21,-0.5806,22,0,0.665,10,1352.86,0,0,0.399876
SYN-04524,holdout,35,0.0896,34,0,1.1898,1,2382.64,0,0,0.076629
SYN-04525,holdout,67,-0.1322,17,0,0.8978,0,848.29,1,114,0.089275
SYN-04526,holdout,29,-0.1375,1,0,0.9438,2,1343.05,0,0,0.093406
SYN-04527,holdout,6,-0.1805,76,0,0.9979,2,881.54,0,0,0.254591
SYN-04528,holdout,33,-0.3543,32,0,0.8653,4,4083.61,0,0,0.207398
SYN-04529,holdout,45,-0.4799,54,0,0.973,0,745.01,1,73,0.221147
SYN-04530,holdout,58,0.0068,26,0,0.9101,0,1107.62,0,0,0.085487
SYN-04531,holdout,54,0.2473,33,0,0.6834,1,777.99,0,0,0.091481
SYN-04532,holdout,28,0.3365,36,0,0.9034,0,427.51,1,109,0.072281
SYN-04533,holdout,64,-0.2347,29,0,1.0094,2,2395.01,0,0,0.122643
SYN-04534,holdout,2,-0.0374,20,0,0.6461,3,1744.86,0,0,0.159931
SYN-04535,holdout,43,0.1452,17,0,0.7643,0,708.73,0,0,0.077077
SYN-04536,holdout,24,0.108,44,0,1.0692,1,1044.23,0,0,0.10122
SYN-04537,holdout,13,0.1837,31,0,0.9073,1,1388.77,0,0,0.093122
SYN-04538,holdout,9,-0.2198,14,0,0.841,2,686.9,0,0,0.146185
SYN-04539,holdout,28,-0.5081,5,0,1.0269,1,1505.27,0,0,0.137821
SYN-04540,holdout,48,-0.2106,19,0,0.8931,1,428.11,0,0,0.118481
SYN-04541,holdout,14,0.078,19,0,1.0998,2,1189.65,0,0,0.082394
SYN-04542,holdout,14,0.2463,26,1,0.6573,5,1273.47,0,0,0.238866
SYN-04543,holdout,73,-0.0578,40,0,0.9629,0,966.28,1,40,0.100397
SYN-04544,holdout,80,0.2166,46,1,1.0218,4,1384.98,0,0,0.173024
SYN-04545,holdout,8,-0.2136,12,0,0.845,0,1034.6,0,0,0.123488
SYN-04546,holdout,12,-0.2966,1,0,0.8401,0,1473.25,0,0,0.117401
SYN-04547,holdout,83,-0.3196,22,0,0.8296,1,1887.83,0,0,0.127541
SYN-04548,holdout,73,0.294,25,1,0.9694,0,1184.36,0,0,0.099942
SYN-04549,holdout,2,0.0259,41,1,0.938,0,1789.69,0,0,0.225264
SYN-04550,holdout,63,0.3774,43,0,1.013,0,716.91,0,0,0.058316
SYN-04551,holdout,3,-0.4765,34,0,1.25,0,3592.77,0,0,0.1576
SYN-04552,holdout,67,0.2126,13,0,0.8057,1,1679.32,0,0,0.061485
SYN-04553,holdout,18,-0.0363,14,0,0.6776,0,2592.73,0,0,0.109915
SYN-04554,holdout,32,0.1526,33,0,0.9514,8,1853.57,0,0,0.141373
SYN-04555,holdout,48,-0.3884,16,0,0.9373,0,3023.25,0,0,0.124549
SYN-04556,holdout,14,0.1643,29,0,0.8722,0,601.95,0,0,0.090177
SYN-04557,holdout,52,0.1631,1,0,0.7687,1,1651.94,0,0,0.061719
SYN-04558,holdout,69,-0.5951,46,0,1.0661,2,4469.05,1,51,0.212602
SYN-04559,holdout,46,0.2824,3,0,0.9465,1,3113.52,0,0,0.045851
SYN-04560,holdout,84,0.0056,24,0,0.8713,0,914.74,0,0,0.07772
SYN-04561,holdout,17,-0.2404,1,0,0.9438,1,548.39,0,0,0.105852
SYN-04562,holdout,53,-0.1178,29,0,0.9837,2,633.24,0,0,0.115454
SYN-04563,holdout,16,-0.2946,12,0,1.0273,2,474.76,0,0,0.130416
SYN-04564,holdout,50,0.2467,30,0,0.949,0,2294.1,0,0,0.06415
SYN-04565,holdout,79,0.192,5,0,0.8282,0,1220.28,0,0,0.049416
SYN-04566,holdout,5,-0.2547,27,0,0.8852,3,349.86,0,0,0.186741
SYN-04567,holdout,54,-0.2032,47,0,0.9129,0,1090.05,0,0,0.148342
SYN-04568,holdout,55,-0.1553,4,0,0.9877,1,2374.22,1,106,0.078983
SYN-04569,holdout,10,0.434,13,0,0.9222,3,1651.25,0,0,0.060063
SYN-04570,holdout,43,0.232,36,0,0.9708,1,4527.49,0,0,0.074546
SYN-04571,holdout,74,0.2737,93,0,1.0527,4,3819.18,0,0,0.149123
SYN-04572,holdout,11,0.372,31,0,0.9388,0,2125.16,0,0,0.065462
SYN-04573,holdout,14,-0.0233,19,0,0.9982,0,903.37,0,0,0.090166
SYN-04574,holdout,23,-0.5432,1,0,0.9503,1,2255.78,0,0,0.14768
SYN-04575,holdout,33,-0.2566,37,0,0.6826,0,1544.05,0,0,0.182642
SYN-04576,holdout,34,0.1353,11,0,1.015,3,1621.12,0,0,0.072737
SYN-04577,holdout,39,-0.2008,32,0,0.942,0,377.27,1,65,0.128182
SYN-04578,holdout,16,0.4786,24,1,1.13,0,3545.14,0,0,0.082029
SYN-04579,holdout,55,0.1095,14,0,0.9861,1,1163.75,0,0,0.064318
SYN-04580,holdout,42,0.6066,11,0,0.9356,0,531.16,0,0,0.032284
SYN-04581,holdout,17,-0.2356,25,1,0.7712,0,2272.42,0,0,0.269635
SYN-04582,holdout,81,-0.2618,11,0,0.7378,0,1345.83,0,0,0.105861
SYN-04583,holdout,48,-0.1737,43,0,0.6734,1,277.2,0,0,0.182953
SYN-04584,holdout,37,0.051,29,1,0.7898,1,1974.8,1,78,0.200523
SYN-04585,holdout,35,0.0216,36,0,0.7932,0,5868.6,0,0,0.109247
SYN-04586,holdout,41,-0.02,27,0,0.9805,3,527.93,0,0,0.111905
SYN-04587,holdout,67,0.1392,29,1,0.7338,1,2222.55,0,0,0.16864
SYN-04588,holdout,61,0.3077,22,1,0.7429,0,1891.99,0,0,0.119868
SYN-04589,holdout,59,0.3505,23,0,0.7437,2,962.85,0,0,0.069289
SYN-04590,holdout,34,0.0911,12,1,0.786,0,742.06,0,0,0.151034
SYN-04591,holdout,50,0.3576,26,0,0.9637,4,10842.72,0,0,0.061025
SYN-04592,holdout,30,-0.2944,53,0,0.7532,3,3294.36,0,0,0.256084
SYN-04593,holdout,9,-0.214,35,0,0.9537,2,257.13,0,0,0.171352
SYN-04594,holdout,21,0.2676,26,0,0.8626,8,1502.22,0,0,0.126855
SYN-04595,holdout,2,0.0939,24,0,0.8223,0,1368.29,0,0,0.100744
SYN-04596,holdout,49,0.5456,26,0,0.8693,0,653.26,0,0,0.044604
SYN-04597,holdout,22,-0.4454,43,0,1.0595,1,3526.84,1,47,0.195767
SYN-04598,holdout,78,-0.0209,22,0,0.8506,7,546.94,0,0,0.132798
SYN-04599,holdout,66,0.085,45,0,0.7901,0,4169.41,0,0,0.102169
SYN-04600,holdout,49,0.1454,26,0,0.8053,0,2072.55,0,0,0.080073
SYN-04601,holdout,59,-0.1133,63,1,0.9009,0,958.04,1,73,0.283709
SYN-04602,holdout,57,-0.3488,59,0,0.7905,2,1364.06,1,77,0.248216
SYN-04603,holdout,43,-0.0543,55,0,0.7888,0,2150.05,0,0,0.155484
SYN-04604,holdout,29,0.0048,45,0,0.8839,0,2419.09,0,0,0.123887
SYN-04605,holdout,53,0.2692,30,0,0.8667,1,405.55,0,0,0.073016
SYN-04606,holdout,37,0.3551,23,0,0.768,9,771.22,0,0,0.120131
SYN-04607,holdout,33,-0.0211,54,0,0.9172,1,1043.66,0,0,0.148862
SYN-04608,holdout,70,0.1539,24,0,1.1062,8,1273.33,1,87,0.095241
SYN-04609,holdout,6,0.0279,41,1,0.8244,0,778.66,0,0,0.244265
SYN-04610,holdout,75,-0.3799,20,0,0.8888,0,2523.37,0,0,0.12218
SYN-04611,holdout,20,0.1237,1,0,0.9302,0,1028.97,0,0,0.060332
SYN-04612,holdout,25,-0.3731,28,0,1.0835,0,1015.81,0,0,0.140621
SYN-04613,holdout,35,0.2426,15,0,0.6286,2,484.82,0,0,0.088915
SYN-04614,holdout,6,0.054,39,0,0.6152,0,1994.29,0,0,0.149492
SYN-04615,holdout,70,0.0191,43,0,1.07,1,2827.31,0,0,0.090765
SYN-04616,holdout,59,0.2374,30,1,0.8543,2,2199.45,1,104,0.150687
SYN-04617,holdout,66,0.0144,1,0,0.8011,1,2978.39,0,0,0.067837
SYN-04618,holdout,76,-0.1028,44,0,0.8088,0,3182.66,0,0,0.122991
SYN-04619,holdout,7,-0.1864,25,0,0.9775,3,1058.8,0,0,0.153194
SYN-04620,holdout,55,0.1733,39,0,0.7537,1,1987.12,0,0,0.100329
SYN-04621,holdout,68,-0.6252,1,0,0.9132,0,816.48,0,0,0.135134
SYN-04622,holdout,8,-0.3087,9,0,0.6993,1,739.01,1,95,0.162383
SYN-04623,holdout,79,-0.1909,15,0,0.8538,2,753.88,0,0,0.106886
SYN-04624,holdout,14,0.125,11,0,0.9511,0,1932.18,0,0,0.068463
SYN-04625,holdout,82,-0.0507,13,0,1.0313,2,2456.68,0,0,0.071177
SYN-04626,holdout,72,-0.0744,14,0,1.0263,4,1816.93,0,0,0.090501
SYN-04627,holdout,66,-0.1194,40,0,0.7319,4,1016.57,0,0,0.176647
SYN-04628,holdout,27,-0.1418,51,0,1.1176,1,1594.72,0,0,0.14309
SYN-04629,holdout,2,-0.0612,24,1,0.7979,0,988.3,0,0,0.230886
SYN-04630,holdout,49,0.1457,24,0,0.8506,1,3644.08,0,0,0.078565
SYN-04631,holdout,58,-0.3494,18,1,0.922,0,1347.04,0,0,0.222249
SYN-04632,holdout,68,0.2516,18,1,0.8733,1,3412.13,0,0,0.111443
SYN-04633,holdout,47,-0.1952,1,1,0.9094,7,538.3,1,94,0.24749
SYN-04634,holdout,7,0.3562,55,1,0.7236,8,2204.28,1,128,0.327433
SYN-04635,holdout,14,-0.4897,26,0,1.0167,0,4785.04,0,0,0.166651
SYN-04636,holdout,59,-0.3971,24,0,0.8701,1,415.02,1,118,0.155622
SYN-04637,holdout,75,-0.0746,1,0,0.8095,2,638.79,1,105,0.08095
SYN-04638,holdout,24,0.1406,36,0,1.25,0,1051.67,0,0,0.069099
SYN-04639,holdout,50,-0.2604,32,1,0.8009,1,1222.17,0,0,0.279554
SYN-04640,holdout,17,-0.2969,19,0,1.045,0,2053.66,0,0,0.120136
SYN-04641,holdout,23,0.0467,10,0,1.0046,2,1800.99,0,0,0.079432
SYN-04642,holdout,37,-0.0335,3,0,0.7149,2,1072.14,0,0,0.099616
SYN-04643,holdout,45,-0.0928,13,0,1.1801,6,295.7,0,0,0.104374
SYN-04644,holdout,64,-0.2133,29,0,0.6559,1,3544.82,1,92,0.148861
SYN-04645,holdout,5,0.1838,21,1,0.6607,1,1223.89,0,0,0.196625
SYN-04646,holdout,49,-0.2706,19,0,0.8028,0,8113.35,1,155,0.116636
SYN-04647,holdout,33,-0.0101,39,1,0.9369,5,899.65,0,0,0.277659
SYN-04648,holdout,40,-0.0296,9,0,0.7687,0,3847.69,0,0,0.084631
SYN-04649,holdout,27,-0.3368,38,0,0.8236,0,4276.91,1,100,0.179486
SYN-04650,holdout,15,0.0567,23,0,0.8847,0,930.61,0,0,0.094206
SYN-04651,holdout,24,0.1711,19,0,0.9539,1,2136.7,0,0,0.073298
SYN-04652,holdout,53,0.0323,36,0,0.9527,7,758.53,0,0,0.148951
SYN-04653,holdout,61,0.3053,11,1,0.9823,0,1261.71,0,0,0.085086
SYN-04654,holdout,71,-0.1271,1,0,0.8839,5,2181.27,0,0,0.099554
SYN-04655,holdout,82,0.161,6,0,0.5975,6,1029.83,0,0,0.097739
SYN-04656,holdout,47,-0.0635,23,0,0.8222,0,4033.9,1,82,0.09817
SYN-04657,holdout,29,0.1511,44,0,0.9943,2,1885.06,0,0,0.106115
SYN-04658,holdout,22,-0.6542,87,0,1.1959,1,1237.01,1,22,0.359412
SYN-04659,holdout,23,0.0567,7,0,0.7174,4,509.02,0,0,0.113753
SYN-04660,holdout,19,-0.1822,1,0,0.7656,0,1864.06,0,0,0.104575
SYN-04661,holdout,35,0.2714,29,0,0.6455,2,2459.04,0,0,0.098578
SYN-04662,holdout,7,-0.0627,1,0,1.0527,0,1961.16,0,0,0.072367
SYN-04663,holdout,37,-0.0878,18,0,0.9499,5,2806.55,1,143,0.126185
SYN-04664,holdout,4,-0.1383,39,0,1.1941,2,717.18,0,0,0.135934
SYN-04665,holdout,51,-0.2236,34,0,0.7143,7,1293.82,1,92,0.237921
SYN-04666,holdout,77,-0.0216,20,1,1.113,2,435.33,1,87,0.140917
SYN-04667,holdout,60,-0.1013,47,1,0.9716,3,383.69,0,0,0.266919
SYN-04668,holdout,66,-0.2127,40,0,1.0716,0,744.05,0,0,0.115043
SYN-04669,holdout,24,0.3076,24,0,1.0843,1,566.01,0,0,0.059036
SYN-04670,holdout,36,-0.5418,30,0,1.0484,2,1418.33,0,0,0.197027
SYN-04671,holdout,27,0.5778,22,0,0.7351,0,2636.85,0,0,0.048991
SYN-04672,holdout,12,0.1944,47,0,0.7777,2,3212.72,0,0,0.132418
SYN-04673,holdout,54,0.255,50,0,0.8288,0,1127.08,0,0,0.092188
SYN-04674,holdout,72,-0.1352,10,0,0.5646,0,3237.61,0,0,0.104504
SYN-04675,holdout,45,-0.3496,29,1,1.0974,0,814.93,0,0,0.231435
SYN-04676,holdout,13,0.3091,41,0,0.794,1,992.24,1,120,0.100032
SYN-04677,holdout,78,-0.2825,10,0,1.0406,0,1430.23,0,0,0.082859
SYN-04678,holdout,8,0.0325,28,0,0.7851,2,816.02,0,0,0.133316
SYN-04679,holdout,74,-0.5075,21,0,0.9472,0,616.63,0,0,0.142171
SYN-04680,holdout,79,0.6953,28,0,0.9446,0,1490.21,0,0,0.030027
SYN-04681,holdout,68,-0.1404,1,0,0.8681,1,1635.28,0,0,0.079351
SYN-04682,holdout,57,-0.1265,4,0,1.069,0,2507.72,0,0,0.065034
SYN-04683,holdout,9,0.0733,43,0,1.0026,6,1003.77,0,0,0.163606
SYN-04684,holdout,14,-0.2548,26,0,0.9537,0,3131.48,0,0,0.134253
SYN-04685,holdout,51,0.1839,6,0,0.9275,0,1870.12,0,0,0.051602
SYN-04686,holdout,47,0.1142,33,0,1.1392,4,2730.35,0,0,0.089513
SYN-04687,holdout,8,-0.152,1,0,0.695,7,429.38,0,0,0.180029
SYN-04688,holdout,55,0.0301,40,1,0.7025,0,531.54,0,0,0.223561
SYN-04689,holdout,21,-0.0604,7,1,0.9154,1,3375.79,0,0,0.16665
SYN-04690,holdout,54,-0.1086,5,0,0.7996,0,1726.56,0,0,0.084202
SYN-04691,holdout,36,-0.3026,24,1,0.8775,0,2775.2,0,0,0.247529
SYN-04692,holdout,66,-0.0255,16,0,0.9099,0,1052.91,0,0,0.075711
SYN-04693,holdout,11,-0.1704,14,0,0.834,0,561.75,0,0,0.120298
SYN-04694,holdout,43,0.3328,25,0,1.0021,0,1417.85,0,0,0.05291
SYN-04695,holdout,6,-0.4344,44,0,1.2111,0,1190.79,0,0,0.177496
SYN-04696,holdout,21,0.1804,7,0,0.6744,0,724.95,0,0,0.076579
SYN-04697,holdout,69,-0.2248,32,0,0.8343,1,713.85,0,0,0.136976
SYN-04698,holdout,65,-0.1253,33,0,0.7233,3,771.2,0,0,0.155625
SYN-04699,holdout,56,-0.2278,52,0,1.0925,1,1146.11,0,0,0.147965
SYN-04700,holdout,9,0.0486,29,1,1.2405,1,2164.42,1,121,0.154502
SYN-04701,holdout,38,0.0308,21,0,0.7839,0,641.21,0,0,0.094918
SYN-04702,holdout,76,0.1424,31,0,1.0451,2,457.91,0,0,0.072624
SYN-04703,holdout,62,0.3539,1,0,0.8328,0,668.02,0,0,0.04036
SYN-04704,holdout,79,-0.025,47,0,0.8098,0,493.8,0,0,0.118247
SYN-04705,holdout,11,-0.0451,19,0,0.8703,2,2689.03,0,0,0.117754
SYN-04706,holdout,36,0.1211,83,0,0.8541,1,917.8,0,0,0.185074
SYN-04707,holdout,73,-0.2659,30,1,0.9524,0,4816.22,1,28,0.205855
SYN-04708,holdout,8,0.3582,39,0,0.6527,1,703.84,0,0,0.106152
SYN-04709,holdout,17,-0.2562,40,0,0.9693,2,869.25,0,0,0.181893
SYN-04710,holdout,11,-0.1132,41,0,0.8702,0,3144.99,0,0,0.147036
SYN-04711,holdout,2,0.2869,1,0,0.7493,3,1347.32,0,0,0.075967
SYN-04712,holdout,48,-0.6585,31,1,0.9597,0,2255.91,0,0,0.349276
SYN-04713,holdout,12,-0.1451,1,1,1.0997,0,698.19,1,113,0.147936
SYN-04714,holdout,84,-0.4275,1,0,0.9118,3,990.13,0,0,0.120493
SYN-04715,holdout,37,-0.2361,8,0,0.8837,0,6204.83,0,0,0.097069
SYN-04716,holdout,26,0.328,30,0,1.0027,0,1739.71,0,0,0.060976
SYN-04717,holdout,4,0.0943,25,0,0.6442,1,1130.95,0,0,0.126883
SYN-04718,holdout,78,-0.0211,20,0,0.9365,0,1762.1,0,0,0.072966
SYN-04719,holdout,76,-0.7277,10,0,1.0724,1,1140.63,0,0,0.1545
SYN-04720,holdout,11,0.3285,12,0,0.9164,0,1695.14,0,0,0.05519
SYN-04721,holdout,79,-0.244,1,0,0.9632,2,969.43,0,0,0.086423
SYN-04722,holdout,36,-0.4325,61,0,0.7479,0,423.29,1,101,0.276919
SYN-04723,holdout,49,-0.2106,1,0,0.989,0,1935.12,0,0,0.078486
SYN-04724,holdout,44,-0.3246,25,0,0.9773,3,1599.83,0,0,0.156497
SYN-04725,holdout,17,-0.204,1,0,0.921,1,424.5,0,0,0.103185
SYN-04726,holdout,70,0.0043,27,1,0.8481,1,1508.21,0,0,0.17597
SYN-04727,holdout,70,-0.3095,5,0,0.9873,1,1954.69,0,0,0.092844
SYN-04728,holdout,6,-0.3644,16,1,0.5296,0,1827.49,0,0,0.344252
SYN-04729,holdout,11,-0.4796,33,0,1.0135,0,1790.11,0,0,0.188075
SYN-04730,holdout,67,-0.2847,5,0,0.8609,0,818.26,0,0,0.096488
SYN-04731,holdout,6,0.0705,54,0,1.019,6,3254.43,1,120,0.181665
SYN-04732,holdout,71,-0.0199,36,0,0.9736,0,1075.1,0,0,0.09043
SYN-04733,holdout,32,-0.2753,15,1,0.8846,0,1401.15,1,68,0.222779
SYN-04734,holdout,42,0.1076,4,0,1.0934,1,401.42,0,0,0.054467
SYN-04735,holdout,45,-0.0609,42,1,0.8756,0,451.13,0,0,0.229995
SYN-04736,holdout,32,-0.0099,13,1,0.9042,3,1755.95,0,0,0.188662
SYN-04737,holdout,12,-0.083,1,1,1.0175,0,3028.36,0,0,0.142554
SYN-04738,holdout,43,-0.2154,1,0,0.8627,1,2645.1,1,103,0.09634
SYN-04739,holdout,18,-0.1178,13,0,0.7549,1,315.78,0,0,0.124117
SYN-04740,holdout,12,0.023,12,1,1.0804,0,624.68,0,0,0.13985
SYN-04741,holdout,78,-0.4794,25,1,0.8962,3,1257.84,0,0,0.310481
SYN-04742,holdout,23,0.176,35,0,0.8859,1,2205.54,0,0,0.095905
SYN-04743,holdout,21,-0.1762,16,0,0.9592,2,1842.49,0,0,0.120556
SYN-04744,holdout,70,-0.0954,45,0,0.8091,0,1310.23,0,0,0.129398
SYN-04745,holdout,7,0.1203,56,0,0.9413,0,769.59,0,0,0.130305
SYN-04746,holdout,12,-0.1205,1,1,1.2107,0,1439.07,0,0,0.129336
SYN-04747,holdout,64,-0.0981,25,0,1.0399,0,710.88,0,0,0.084596
SYN-04748,holdout,82,-0.1525,1,0,0.7654,1,1116.91,0,0,0.084089
SYN-04749,holdout,24,0.215,32,1,0.8004,2,1112.55,0,0,0.191483
SYN-04750,holdout,71,-0.0382,39,0,0.6066,4,1910.79,0,0,0.170256
SYN-04751,holdout,67,-0.4491,50,0,0.9512,0,683.98,0,0,0.191791
SYN-04752,holdout,64,-0.1975,45,0,0.9967,3,1389.06,0,0,0.15604
SYN-04753,holdout,27,-0.2447,1,1,1.1533,0,1673.41,0,0,0.149141
SYN-04754,holdout,4,0.0539,1,0,1.0996,1,2715.64,0,0,0.063725
SYN-04755,holdout,55,0.0257,4,1,0.9115,1,1491.6,0,0,0.130101
SYN-04756,holdout,84,-0.2728,22,0,0.8835,2,1593.98,0,0,0.122642
SYN-04757,holdout,8,-0.095,31,0,0.8701,0,1443.83,0,0,0.1313
SYN-04758,holdout,63,-0.4701,1,0,0.7914,3,2193.59,0,0,0.150597
SYN-04759,holdout,3,-0.1681,9,0,0.9858,2,1368.03,1,97,0.115332
SYN-04760,holdout,62,0.2144,13,0,0.7925,1,1991.85,0,0,0.063151
SYN-04761,holdout,15,0.0745,32,1,0.8621,3,920.67,0,0,0.235532
SYN-04762,holdout,67,-0.126,1,0,0.8185,0,738.6,0,0,0.077144
SYN-04763,holdout,14,0.4582,1,1,1.0347,1,330.97,0,0,0.076587
SYN-04764,holdout,55,0.0397,1,0,0.8443,2,1351.1,0,0,0.07245
SYN-04765,holdout,81,-0.0778,1,0,1.0903,1,765.36,0,0,0.056943
SYN-04766,holdout,64,-0.318,31,0,1.0236,1,756.84,0,0,0.131888
SYN-04767,holdout,73,-0.0659,1,0,0.8288,2,1740.48,0,0,0.078114
SYN-04768,holdout,53,-0.8455,51,0,0.9321,1,683.14,0,0,0.333999
SYN-04769,holdout,79,-0.3427,1,1,0.8278,1,1382.71,1,80,0.192615
SYN-04770,holdout,81,0.0276,7,0,0.9196,1,853.05,0,0,0.062577
SYN-04771,holdout,4,-0.0232,1,0,1.0118,1,550.38,1,94,0.078915
SYN-04772,holdout,83,-0.1418,43,0,1.0561,0,2651.0,0,0,0.10067
SYN-04773,holdout,23,-0.2135,35,0,0.9963,8,970.95,0,0,0.225423
SYN-04774,holdout,40,0.3687,21,1,0.6584,1,4276.39,0,0,0.132732
SYN-04775,holdout,66,-0.2681,23,0,0.6868,0,1061.36,0,0,0.138278
SYN-04776,holdout,55,0.2422,33,1,0.8723,2,727.33,1,98,0.158281
SYN-04777,holdout,60,0.1178,10,0,1.2206,4,1154.96,0,0,0.058886
SYN-04778,holdout,27,-0.1998,1,0,0.8053,1,3263.86,0,0,0.105139
SYN-04779,holdout,46,-0.1777,9,0,0.937,0,1802.79,0,0,0.088741
SYN-04780,holdout,57,0.0772,38,0,0.8998,3,1756.1,0,0,0.112507
SYN-04781,holdout,23,-0.036,81,0,1.0791,3,1628.78,0,0,0.213537
SYN-04782,holdout,38,-0.0244,1,0,0.8468,1,775.66,1,91,0.079434
SYN-04783,holdout,32,-0.4234,26,0,0.8237,1,2523.46,0,0,0.184333
SYN-04784,holdout,70,-0.2403,3,0,1.0458,0,1514.94,0,0,0.073356
SYN-04785,holdout,35,-0.0361,1,1,0.6515,0,458.86,0,0,0.172527
SYN-04786,holdout,64,0.0315,27,0,0.8475,1,1535.33,0,0,0.092209
SYN-04787,holdout,2,-0.4654,23,1,1.1033,0,914.69,1,42,0.282708
SYN-04788,holdout,49,0.4386,15,1,0.825,1,4004.46,0,0,0.094018
SYN-04789,holdout,76,-0.0939,34,1,0.9099,0,1517.97,0,0,0.187651
SYN-04790,holdout,63,0.0274,12,0,0.9141,1,2104.78,0,0,0.071348
SYN-04791,holdout,49,-0.5672,60,0,0.9158,1,407.75,1,46,0.283671
SYN-04792,holdout,13,-0.0989,11,0,1.0438,4,830.02,0,0,0.113967
SYN-04793,holdout,56,0.0732,43,0,0.709,0,3949.83,0,0,0.113399
SYN-04794,holdout,74,0.1811,47,0,0.9656,3,955.9,0,0,0.098249
SYN-04795,holdout,22,0.4605,1,0,0.8732,1,906.37,0,0,0.042731
SYN-04796,holdout,49,0.1457,1,0,1.1364,0,1724.92,0,0,0.042192
SYN-04797,holdout,26,0.2398,62,0,0.9486,0,1255.76,0,0,0.110483
SYN-04798,holdout,30,0.1949,30,0,1.0435,1,940.27,0,0,0.075067
SYN-04799,holdout,64,-0.2145,9,0,1.0609,0,406.24,0,0,0.078798
SYN-04800,holdout,17,0.4852,21,0,1.25,6,1141.01,1,151,0.055835
SYN-04801,holdout,84,-0.5042,12,0,1.0727,2,2022.65,0,0,0.12256
SYN-04802,holdout,2,-0.0801,20,0,1.0514,1,2020.88,0,0,0.104049
SYN-04803,holdout,9,0.0296,52,0,1.0623,0,1762.86,0,0,0.122704
SYN-04804,holdout,47,-0.1235,43,1,0.8745,1,1395.87,0,0,0.259493
SYN-04805,holdout,6,0.3144,44,0,0.7562,1,1312.81,0,0,0.109374
SYN-04806,holdout,57,-0.5995,44,0,0.8214,1,4381.34,1,40,0.247635
SYN-04807,holdout,31,0.1405,43,0,0.7996,0,2751.54,0,0,0.107874
SYN-04808,holdout,6,-0.7393,36,0,0.7083,0,2323.0,0,0,0.325851
SYN-04809,holdout,76,0.0311,4,0,1.101,0,2819.68,0,0,0.046688
SYN-04810,holdout,3,-0.766,34,0,0.707,2,2955.03,1,69,0.363824
SYN-04811,holdout,84,0.0654,28,0,1.25,6,1023.44,0,0,0.081695
SYN-04812,holdout,16,-0.3572,30,0,1.0677,0,442.56,0,0,0.149358
SYN-04813,holdout,33,-0.0017,35,1,0.6235,2,2509.89,0,0,0.274923
SYN-04814,holdout,51,0.2194,27,0,1.1266,0,1418.66,0,0,0.054658
SYN-04815,holdout,24,0.1988,5,0,0.726,0,958.12,0,0,0.068307
SYN-04816,holdout,29,0.0082,34,0,0.9449,3,749.46,1,97,0.127244
SYN-04817,holdout,72,0.5012,23,0,0.7966,5,1915.16,0,0,0.062259
SYN-04818,holdout,9,-0.4124,1,0,0.9718,0,2050.11,0,0,0.121958
SYN-04819,holdout,16,-0.0128,4,0,0.9578,1,4267.64,0,0,0.076927
SYN-04820,holdout,81,0.0223,55,0,0.7998,0,2037.92,0,0,0.120826
SYN-04821,holdout,41,-0.051,22,0,0.7486,0,385.43,0,0,0.109403
SYN-04822,holdout,77,0.5244,23,1,0.9825,2,1026.28,0,0,0.080406
SYN-04823,holdout,54,-0.0187,14,0,0.9977,6,3498.9,0,0,0.104268
SYN-04824,holdout,67,-0.073,25,1,0.9545,2,1431.2,1,45,0.186282
SYN-04825,holdout,78,0.1174,64,0,0.9285,0,1193.56,0,0,0.109665
SYN-04826,holdout,70,0.076,32,0,0.9025,1,1026.36,0,0,0.086798
SYN-04827,holdout,63,-0.2472,34,0,0.8324,0,10059.33,1,50,0.12301
SYN-04828,holdout,57,0.0542,33,1,0.8805,1,1476.48,0,0,0.182025
SYN-04829,holdout,77,-0.1087,14,0,0.924,1,1758.07,0,0,0.082577
SYN-04830,holdout,9,0.2273,33,0,0.8275,3,2289.0,0,0,0.11161
SYN-04831,holdout,79,0.0905,1,1,1.0066,1,2357.8,0,0,0.095147
SYN-04832,holdout,41,-0.4237,40,1,0.8988,1,1015.11,0,0,0.343583
SYN-04833,holdout,58,0.0505,1,1,1.0854,1,10445.17,0,0,0.091467
SYN-04834,holdout,56,-0.5285,20,0,0.8866,0,3549.44,0,0,0.156674
SYN-04835,holdout,24,-0.3258,6,1,0.893,0,1970.35,1,90,0.216529
SYN-04836,holdout,24,0.2083,16,0,0.8856,4,356.43,0,0,0.090169
SYN-04837,holdout,75,0.2994,13,0,0.7659,4,2624.31,0,0,0.067033
SYN-04838,holdout,37,-0.3038,25,1,0.9508,0,1350.05,0,0,0.240228
SYN-04839,holdout,72,0.1581,1,0,0.9292,1,1970.32,0,0,0.048913
SYN-04840,holdout,18,0.2516,27,0,0.9863,2,1755.22,0,0,0.07859
SYN-04841,holdout,65,0.004,56,0,1.1943,1,623.72,0,0,0.103128
SYN-04842,holdout,19,-0.1398,23,0,1.0811,2,686.03,0,0,0.11573
SYN-04843,holdout,48,-0.7464,14,0,0.9107,2,1425.26,0,0,0.221525
SYN-04844,holdout,11,0.0681,22,0,1.25,1,1858.44,0,0,0.070867
SYN-04845,holdout,72,0.4628,15,0,0.6681,4,2193.03,0,0,0.061499
SYN-04846,holdout,28,0.4802,22,0,0.8635,0,2007.57,0,0,0.049921
SYN-04847,holdout,80,-0.2939,30,0,0.8293,0,799.26,0,0,0.131068
SYN-04848,holdout,17,0.096,6,0,0.838,2,4905.49,0,0,0.080656
SYN-04849,holdout,30,-0.2976,34,1,0.9179,0,2049.5,0,0,0.273428
SYN-04850,holdout,13,-0.8433,10,0,0.837,0,401.6,0,0,0.253445
SYN-04851,holdout,24,0.1312,35,0,0.9851,2,544.62,0,0,0.101547
SYN-04852,holdout,3,-0.1795,15,0,0.7769,3,1618.73,0,0,0.160304
SYN-04853,holdout,38,0.3072,36,0,1.0014,0,886.79,0,0,0.065473
SYN-04854,holdout,54,0.2667,39,1,0.9836,0,2909.44,0,0,0.128943
SYN-04855,holdout,41,-0.0993,41,0,0.8323,3,746.94,1,83,0.166273
SYN-04856,holdout,12,-0.2131,53,0,0.8756,0,2523.63,1,55,0.19135
SYN-04857,holdout,16,-0.2836,45,0,1.25,1,752.98,0,0,0.149475
SYN-04858,holdout,21,-0.2568,13,0,0.6126,4,1685.45,0,0,0.195192
SYN-04859,holdout,10,-0.1485,39,1,0.7363,0,1924.0,0,0,0.299375
SYN-04860,holdout,82,0.3215,56,0,0.7868,1,1618.57,0,0,0.089991
SYN-04861,holdout,34,-0.089,33,0,1.1609,2,1059.0,1,93,0.107605
SYN-04862,holdout,67,0.0925,27,0,0.7273,1,954.88,0,0,0.094316
SYN-04863,holdout,64,-0.0675,13,0,1.0902,1,301.34,0,0,0.071394
SYN-04864,holdout,10,-0.0465,37,0,1.1519,0,1627.34,0,0,0.103112
SYN-04865,holdout,38,-0.6304,26,0,0.7728,1,2596.48,0,0,0.237782
SYN-04866,holdout,73,-0.051,1,0,0.8571,1,1752.06,1,80,0.069501
SYN-04867,holdout,15,-0.2488,11,0,1.0361,1,1386.96,0,0,0.111846
SYN-04868,holdout,73,-0.0044,33,0,0.8572,1,1558.29,0,0,0.099819
SYN-04869,holdout,61,-0.0124,42,1,0.9856,0,662.16,0,0,0.18804
SYN-04870,holdout,46,0.1591,56,1,1.0214,1,793.48,1,57,0.197296
SYN-04871,holdout,56,-0.242,10,0,0.7997,1,2145.91,0,0,0.113048
SYN-04872,holdout,21,0.2627,11,0,0.7171,0,1703.82,0,0,0.068617
SYN-04873,holdout,20,-0.2641,30,1,0.8778,2,1021.57,1,34,0.303484
SYN-04874,holdout,79,-0.3936,35,0,0.89,1,1014.77,0,0,0.160155
SYN-04875,holdout,59,-0.1122,14,0,0.9426,0,913.07,1,106,0.082898
SYN-04876,holdout,77,0.3904,1,0,0.8173,0,850.59,0,0,0.036368
SYN-04877,holdout,42,-0.3111,44,1,0.7123,0,8022.27,1,89,0.320094
SYN-04878,holdout,78,0.6366,48,0,0.8626,1,2973.62,0,0,0.049148
SYN-04879,holdout,28,0.1203,1,1,0.5739,3,1769.55,0,0,0.185901
SYN-04880,holdout,56,-0.3948,52,0,0.7975,0,1481.91,0,0,0.214354
SYN-04881,holdout,66,-0.5943,28,0,0.889,0,1610.0,0,0,0.18366
SYN-04882,holdout,35,-0.1057,1,0,0.8652,1,2830.12,0,0,0.085739
SYN-04883,holdout,46,0.1449,44,0,0.8901,3,658.56,0,0,0.119007
SYN-04884,holdout,9,-0.1587,1,0,0.9691,0,729.11,0,0,0.089473
SYN-04885,holdout,23,0.2976,48,0,0.8724,1,540.8,0,0,0.100172
SYN-04886,holdout,70,-0.0507,8,0,0.91,0,1998.15,0,0,0.068319
SYN-04887,holdout,63,-0.0217,15,1,0.7698,2,2085.9,0,0,0.182118
SYN-04888,holdout,56,0.438,56,0,0.9156,2,2474.25,1,113,0.081045
SYN-04889,holdout,48,0.0254,38,0,0.8331,0,4931.04,0,0,0.103434
SYN-04890,holdout,39,0.107,1,0,0.9834,1,3870.15,0,0,0.05597
SYN-04891,holdout,47,-0.1661,26,0,0.8959,0,752.51,0,0,0.114048
SYN-04892,holdout,9,0.0893,12,0,1.0338,1,1430.84,0,0,0.074497
SYN-04893,holdout,67,0.1274,13,0,0.792,0,933.11,0,0,0.065757
SYN-04894,holdout,46,-0.4735,33,0,0.8117,3,944.52,1,91,0.233333
SYN-04895,holdout,38,-0.25,1,0,0.8289,0,1177.54,0,0,0.100907
SYN-04896,holdout,32,0.2658,25,1,0.9726,0,773.86,0,0,0.122565
SYN-04897,holdout,46,-0.0118,20,0,1.005,1,1032.29,0,0,0.083859
SYN-04898,holdout,55,-0.6672,29,1,0.7928,1,842.07,1,69,0.399265
SYN-04899,holdout,32,0.6276,33,0,0.8608,1,1211.19,0,0,0.050733
SYN-04900,holdout,3,0.1605,32,0,1.0179,1,1649.73,0,0,0.091482
SYN-04901,holdout,56,-0.4507,9,0,0.8287,0,1423.49,0,0,0.13401
SYN-04902,holdout,17,0.0523,50,0,1.0765,0,1874.83,0,0,0.110991
SYN-04903,holdout,50,0.136,52,1,0.6805,1,1853.0,0,0,0.245103
SYN-04904,holdout,16,0.0206,23,0,0.913,6,2608.92,1,129,0.140668
SYN-04905,holdout,59,-0.0572,26,0,0.926,4,956.68,0,0,0.120293
SYN-04906,holdout,71,0.2811,29,0,0.8619,0,962.46,0,0,0.060988
SYN-04907,holdout,46,-0.356,14,1,1.1666,0,775.16,0,0,0.185587
SYN-04908,holdout,58,-0.3389,1,0,1.053,1,583.51,0,0,0.092402
SYN-04909,holdout,64,-0.3746,3,0,0.625,1,1216.91,0,0,0.139599
SYN-04910,holdout,22,0.0633,4,0,1.1028,2,2023.42,1,129,0.065618
SYN-04911,holdout,29,-0.4035,40,0,0.8528,0,874.32,0,0,0.200663
SYN-04912,holdout,71,-0.0797,1,1,0.9784,1,1071.99,0,0,0.127594
SYN-04913,holdout,61,0.1917,23,0,1.021,0,542.69,0,0,0.057534
SYN-04914,holdout,5,0.0492,51,0,0.8593,0,490.14,0,0,0.145175
SYN-04915,holdout,51,-0.2023,42,0,0.8747,1,1015.5,0,0,0.155489
SYN-04916,holdout,32,0.2551,23,0,0.9205,0,898.18,0,0,0.065192
SYN-04917,holdout,63,0.0066,15,0,0.8345,0,3369.41,0,0,0.075204
SYN-04918,holdout,30,-0.2452,44,0,0.9563,0,979.03,0,0,0.159434
SYN-04919,holdout,72,-0.2328,37,0,0.9969,0,1933.83,0,0,0.116577
SYN-04920,holdout,26,0.164,12,1,0.8299,6,939.01,0,0,0.20037
SYN-04921,holdout,14,0.2205,44,1,1.1595,1,1044.22,0,0,0.159788
SYN-04922,holdout,35,0.2081,55,0,0.9183,5,718.57,0,0,0.14659
SYN-04923,holdout,69,0.0644,28,0,1.0706,2,1910.6,0,0,0.076428
SYN-04924,holdout,80,-0.4193,30,0,0.9056,4,2229.2,0,0,0.18236
SYN-04925,holdout,68,0.0206,1,0,0.8436,0,4320.38,0,0,0.058609
SYN-04926,holdout,42,0.1458,1,0,0.8458,0,1045.47,0,0,0.057623
SYN-04927,holdout,42,0.2424,32,1,1.1006,1,3955.88,0,0,0.121776
SYN-04928,holdout,6,0.042,39,0,0.7047,1,598.46,0,0,0.15284
SYN-04929,holdout,63,0.5052,53,0,1.2153,1,941.0,0,0,0.049752
SYN-04930,holdout,40,0.3965,28,0,1.0039,0,1137.49,0,0,0.05126
SYN-04931,holdout,20,-0.0488,10,0,0.751,2,698.26,0,0,0.115908
SYN-04932,holdout,42,-0.1897,52,0,1.0906,0,5388.03,0,0,0.132457
SYN-04933,holdout,10,-0.5422,39,0,0.9215,0,2513.12,0,0,0.231291
SYN-04934,holdout,63,-0.1151,39,0,0.7171,1,939.4,0,0,0.146822
SYN-04935,holdout,26,0.1506,52,0,1.0967,3,1255.27,0,0,0.117427
SYN-04936,holdout,35,0.1799,38,1,0.8528,0,2538.16,0,0,0.171033
SYN-04937,holdout,17,-0.4879,40,0,0.963,0,3058.4,0,0,0.206518
SYN-04938,holdout,62,-0.0626,36,0,0.8545,0,3517.17,0,0,0.106765
SYN-04939,holdout,31,-0.0191,29,0,0.7377,1,957.18,0,0,0.128029
SYN-04940,holdout,23,-0.0646,29,0,0.7479,0,782.89,0,0,0.130094
SYN-04941,holdout,66,0.0637,22,1,0.853,0,4091.65,0,0,0.141467
SYN-04942,holdout,19,0.0812,5,0,0.9256,1,968.09,1,117,0.073083
SYN-04943,holdout,5,-0.0319,13,0,0.9338,0,750.91,0,0,0.092886
SYN-04944,holdout,4,-0.0261,35,0,0.9214,0,520.14,0,0,0.12446
SYN-04945,holdout,52,-0.1884,19,0,0.8309,1,4596.57,0,0,0.113329
SYN-04946,holdout,21,-0.3056,1,0,1.095,0,3775.04,0,0,0.088667
SYN-04947,holdout,2,-0.4136,38,0,0.8615,0,859.35,0,0,0.217154
SYN-04948,holdout,17,-0.1598,26,0,0.9699,0,1997.87,1,81,0.117674
SYN-04949,holdout,46,-0.2907,7,0,0.81,4,803.48,1,86,0.148226
SYN-04950,holdout,20,-0.0143,47,0,0.9367,0,593.99,0,0,0.131922
SYN-04951,holdout,25,-0.2041,23,1,0.7037,0,1435.25,1,89,0.263408
SYN-04952,holdout,45,-0.0893,32,0,0.5762,1,2062.38,1,112,0.155248
SYN-04953,holdout,25,-0.0177,13,0,0.6406,7,458.35,0,0,0.173322
SYN-04954,holdout,67,-0.1408,26,0,1.008,0,731.63,0,0,0.092155
SYN-04955,holdout,31,-0.1622,36,0,1.2377,1,869.17,0,0,0.108934
SYN-04956,holdout,46,-0.013,1,0,1.0791,0,535.65,0,0,0.057079
SYN-04957,holdout,38,0.1533,53,0,0.7982,1,980.52,0,0,0.128383
SYN-04958,holdout,21,-0.1814,40,0,0.9128,2,551.38,0,0,0.172242
SYN-04959,holdout,10,0.1341,11,1,0.7808,1,540.9,0,0,0.166568
SYN-04960,holdout,76,-0.1336,2,0,1.071,1,1305.42,0,0,0.064285
SYN-04961,holdout,11,0.0849,31,1,1.0147,4,2403.39,0,0,0.216784
SYN-04962,holdout,23,-0.3824,52,0,1.0378,0,2597.08,0,0,0.194561
SYN-04963,holdout,77,-0.0275,27,0,0.943,1,201.06,1,106,0.0883
SYN-04964,holdout,32,0.0685,1,0,0.8334,3,1946.08,0,0,0.082499
SYN-04965,holdout,74,-0.3022,21,0,0.6248,4,761.41,0,0,0.186318
SYN-04966,holdout,15,-0.4591,15,0,0.7218,0,1260.72,0,0,0.186327
SYN-04967,holdout,53,0.202,37,1,0.8454,2,621.6,0,0,0.179759
SYN-04968,holdout,46,0.2037,6,0,0.9675,1,267.25,0,0,0.05433
SYN-04969,holdout,47,0.3685,32,0,0.843,2,582.32,0,0,0.073623
SYN-04970,holdout,6,-0.0839,1,0,1.1379,0,2540.99,0,0,0.068624
SYN-04971,holdout,46,-0.1439,43,1,1.0367,0,1032.82,0,0,0.223482
SYN-04972,holdout,2,-0.0379,41,1,0.7782,0,1115.22,0,0,0.273848
SYN-04973,holdout,62,-0.006,11,0,0.9884,6,2212.35,0,0,0.097929
SYN-04974,holdout,37,0.141,84,0,0.9128,0,1057.8,0,0,0.162785
SYN-04975,holdout,76,0.3285,33,1,0.8161,1,1294.79,0,0,0.127787
SYN-04976,holdout,54,0.0285,24,1,0.9189,3,1656.94,0,0,0.187113
SYN-04977,holdout,49,-0.0842,32,0,0.6135,3,7026.85,1,65,0.157553
SYN-04978,holdout,54,0.1273,32,0,0.8454,4,1395.05,0,0,0.111503
SYN-04979,holdout,27,-0.0172,51,1,1.1803,4,782.86,1,70,0.257211
SYN-04980,holdout,59,-0.1571,49,0,0.8202,5,1449.21,0,0,0.207416
SYN-04981,holdout,71,0.2337,9,1,0.9548,7,1013.16,0,0,0.144323
SYN-04982,holdout,15,0.2366,1,0,0.8789,0,869.46,0,0,0.055515
SYN-04983,holdout,10,-0.379,1,1,0.9836,1,1099.52,0,0,0.228378
SYN-04984,holdout,23,-0.1118,1,0,0.8662,3,480.89,0,0,0.107429
SYN-04985,holdout,7,-0.5277,22,1,1.2422,0,2058.24,0,0,0.262785
SYN-04986,holdout,72,-0.114,45,0,0.7232,0,1894.01,0,0,0.140367
SYN-04987,holdout,70,-0.2959,22,0,0.7687,3,706.79,0,0,0.158675
SYN-04988,holdout,67,-0.3823,24,0,0.8544,0,1171.82,0,0,0.139328
SYN-04989,holdout,37,-0.0188,1,0,0.7725,0,1490.22,0,0,0.078185
SYN-04990,holdout,6,0.1627,67,1,0.9436,1,546.56,0,0,0.271128
SYN-04991,holdout,60,-0.3434,6,0,0.934,1,3027.06,1,68,0.105848
SYN-04992,holdout,7,0.4386,6,0,0.9,0,4659.98,0,0,0.043286
SYN-04993,holdout,21,-0.5878,25,0,0.9693,2,2549.71,0,0,0.2174
SYN-04994,holdout,7,-0.3943,58,0,1.2475,1,352.97,0,0,0.207188
SYN-04995,holdout,71,-0.1835,21,0,0.8768,3,985.04,0,0,0.123368
SYN-04996,holdout,67,0.1804,14,0,0.808,5,1374.67,0,0,0.086538
SYN-04997,holdout,67,-0.2289,12,0,0.9506,2,3785.73,0,0,0.100047
SYN-04998,holdout,64,-0.365,9,1,0.9778,2,1193.37,0,0,0.216452
SYN-04999,holdout,30,0.0505,15,0,0.9624,0,576.24,0,0,0.075258
SYN-05000,holdout,28,0.5071,47,0,0.7251,7,3633.24,0,0,0.121471
