date,ad_id,ad_name,platform,cohort,spend_cents,impressions,clicks,conversions,attributed_revenue_cents,observed_roas,baseline_forecast_roas,model_forecast_roas
2026-01-04,SYN-META-01,Generated prospecting concept A,Meta Ads,development,49123,48545,534,7,56212,1.144311,,
2026-01-05,SYN-META-01,Generated prospecting concept A,Meta Ads,development,55967,55273,608,8,61329,1.095806,,
2026-01-06,SYN-META-01,Generated prospecting concept A,Meta Ads,development,53848,53182,585,9,64751,1.202477,,
2026-01-07,SYN-META-01,Generated prospecting concept A,Meta Ads,development,54288,53636,590,8,63552,1.170645,,
2026-01-08,SYN-META-01,Generated prospecting concept A,Meta Ads,development,45392,44818,493,6,48233,1.062588,,
2026-01-09,SYN-META-01,Generated prospecting concept A,Meta Ads,development,38310,37818,416,5,37902,0.98935,,
2026-01-10,SYN-META-01,Generated prospecting concept A,Meta Ads,development,39804,39364,433,6,43333,1.088659,,
2026-01-11,SYN-META-01,Generated prospecting concept A,Meta Ads,development,44581,44091,485,6,46803,1.049842,,
2026-01-12,SYN-META-01,Generated prospecting concept A,Meta Ads,development,55437,54818,603,7,55805,1.006638,,
2026-01-13,SYN-META-01,Generated prospecting concept A,Meta Ads,development,52737,52091,573,8,60342,1.144206,,
2026-01-14,SYN-META-01,Generated prospecting concept A,Meta Ads,development,46176,45636,502,6,46784,1.013167,,
2026-01-15,SYN-META-01,Generated prospecting concept A,Meta Ads,development,40214,39727,437,5,39604,0.984831,,
2026-01-16,SYN-META-01,Generated prospecting concept A,Meta Ads,development,38892,38455,423,5,35724,0.918544,,
2026-01-17,SYN-META-01,Generated prospecting concept A,Meta Ads,development,39013,38545,424,5,38962,0.998693,,
2026-01-18,SYN-META-01,Generated prospecting concept A,Meta Ads,development,44980,44455,489,6,45972,1.022054,,
2026-01-19,SYN-META-01,Generated prospecting concept A,Meta Ads,development,43858,43364,477,6,48421,1.10404,,
2026-01-20,SYN-META-01,Generated prospecting concept A,Meta Ads,development,47111,46545,512,7,49947,1.060198,,
2026-01-21,SYN-META-01,Generated prospecting concept A,Meta Ads,development,43062,42545,468,6,46075,1.069969,,
2026-01-22,SYN-META-01,Generated prospecting concept A,Meta Ads,development,39795,39364,433,6,42364,1.064556,,
2026-01-23,SYN-META-01,Generated prospecting concept A,Meta Ads,development,38110,37636,414,5,35955,0.943453,,
2026-01-24,SYN-META-01,Generated prospecting concept A,Meta Ads,development,38218,37727,415,5,37154,0.97216,,
2026-01-25,SYN-META-01,Generated prospecting concept A,Meta Ads,development,43661,43182,475,6,46977,1.075949,,
2026-01-26,SYN-META-01,Generated prospecting concept A,Meta Ads,development,51370,50727,558,8,57199,1.113471,,
2026-01-27,SYN-META-01,Generated prospecting concept A,Meta Ads,development,49828,49273,542,8,57189,1.147728,,
2026-01-28,SYN-META-01,Generated prospecting concept A,Meta Ads,development,48801,48182,530,7,52480,1.075388,,
2026-01-29,SYN-META-01,Generated prospecting concept A,Meta Ads,development,43152,42636,469,6,46075,1.067737,,
2026-01-30,SYN-META-01,Generated prospecting concept A,Meta Ads,development,42357,41818,460,6,42257,0.997639,,
2026-01-31,SYN-META-01,Generated prospecting concept A,Meta Ads,development,47278,46727,514,7,50305,1.064026,,
2026-02-01,SYN-META-01,Generated prospecting concept A,Meta Ads,development,49533,48909,538,7,50179,1.013042,,
2026-02-02,SYN-META-01,Generated prospecting concept A,Meta Ads,development,55109,54455,599,9,65420,1.187102,,
2026-02-03,SYN-META-01,Generated prospecting concept A,Meta Ads,development,54650,54000,594,9,64815,1.186002,,
2026-02-04,SYN-META-01,Generated prospecting concept A,Meta Ads,development,53079,52455,577,8,57823,1.089376,,
2026-02-05,SYN-META-01,Generated prospecting concept A,Meta Ads,development,44487,44000,484,6,46392,1.042821,,
2026-02-06,SYN-META-01,Generated prospecting concept A,Meta Ads,development,42985,42455,467,6,43589,1.014051,,
2026-02-07,SYN-META-01,Generated prospecting concept A,Meta Ads,development,44991,44455,489,6,43791,0.973328,,
2026-02-08,SYN-META-01,Generated prospecting concept A,Meta Ads,development,46432,45909,505,6,47280,1.018263,,
2026-02-09,SYN-META-01,Generated prospecting concept A,Meta Ads,development,53328,52727,580,8,60401,1.132632,,
2026-02-10,SYN-META-01,Generated prospecting concept A,Meta Ads,development,54863,54182,596,8,58753,1.070904,,
2026-02-11,SYN-META-01,Generated prospecting concept A,Meta Ads,development,46779,46182,508,7,51677,1.104705,,
2026-02-12,SYN-META-01,Generated prospecting concept A,Meta Ads,development,42683,42182,464,6,42570,0.997353,,
2026-02-13,SYN-META-01,Generated prospecting concept A,Meta Ads,development,39139,38636,425,4,32352,0.826592,,
2026-02-14,SYN-META-01,Generated prospecting concept A,Meta Ads,development,42639,42091,463,5,37311,0.875044,,
2026-02-15,SYN-META-01,Generated prospecting concept A,Meta Ads,development,45319,44818,493,6,45523,1.004501,,
2026-02-16,SYN-META-01,Generated prospecting concept A,Meta Ads,development,47953,47364,521,7,53853,1.123037,,
2026-02-17,SYN-META-01,Generated prospecting concept A,Meta Ads,development,45441,44909,494,6,48215,1.061046,,
2026-02-18,SYN-META-01,Generated prospecting concept A,Meta Ads,development,45302,44727,492,6,45663,1.007969,,
2026-02-19,SYN-META-01,Generated prospecting concept A,Meta Ads,development,38773,38273,421,5,37915,0.977871,,
2026-02-20,SYN-META-01,Generated prospecting concept A,Meta Ads,development,35390,35000,385,4,32357,0.914298,,
2026-02-21,SYN-META-01,Generated prospecting concept A,Meta Ads,development,35797,35364,389,4,30182,0.843143,,
2026-02-22,SYN-META-01,Generated prospecting concept A,Meta Ads,development,45665,45091,496,6,45797,1.002891,,
2026-02-23,SYN-META-01,Generated prospecting concept A,Meta Ads,development,47141,46545,512,7,49491,1.04985,,
2026-02-24,SYN-META-01,Generated prospecting concept A,Meta Ads,development,48172,47636,524,7,51051,1.059765,,
2026-02-25,SYN-META-01,Generated prospecting concept A,Meta Ads,development,47711,47182,519,6,47883,1.003605,,
2026-02-26,SYN-META-01,Generated prospecting concept A,Meta Ads,development,43572,43091,474,6,41992,0.963738,,
2026-02-27,SYN-META-01,Generated prospecting concept A,Meta Ads,development,39602,39091,430,5,40126,1.013232,,
2026-02-28,SYN-META-01,Generated prospecting concept A,Meta Ads,development,40885,40364,444,5,39238,0.959716,,
2026-03-01,SYN-META-01,Generated prospecting concept A,Meta Ads,development,51558,50909,560,7,53646,1.040498,,
2026-03-02,SYN-META-01,Generated prospecting concept A,Meta Ads,development,56770,56091,617,8,64332,1.133204,,
2026-03-03,SYN-META-01,Generated prospecting concept A,Meta Ads,development,56645,56000,616,9,69811,1.23243,,
2026-03-04,SYN-META-01,Generated prospecting concept A,Meta Ads,development,54275,53636,590,8,59733,1.100562,,
2026-03-05,SYN-META-01,Generated prospecting concept A,Meta Ads,development,46843,46273,509,7,50927,1.087185,,
2026-03-06,SYN-META-01,Generated prospecting concept A,Meta Ads,development,48717,48182,530,6,49220,1.010325,,
2026-03-07,SYN-META-01,Generated prospecting concept A,Meta Ads,development,41410,40909,450,5,41009,0.990316,,
2026-03-08,SYN-META-01,Generated prospecting concept A,Meta Ads,development,53727,53091,584,7,55140,1.0263,,
2026-03-09,SYN-META-01,Generated prospecting concept A,Meta Ads,development,50715,50091,551,8,58618,1.155832,,
2026-03-10,SYN-META-01,Generated prospecting concept A,Meta Ads,development,53033,52364,576,7,53768,1.013859,,
2026-03-11,SYN-META-01,Generated prospecting concept A,Meta Ads,development,51981,51364,565,7,55689,1.071334,,
2026-03-12,SYN-META-01,Generated prospecting concept A,Meta Ads,development,44928,44364,488,6,44521,0.990941,,
2026-03-13,SYN-META-01,Generated prospecting concept A,Meta Ads,development,37769,37364,411,5,35365,0.93635,,
2026-03-14,SYN-META-01,Generated prospecting concept A,Meta Ads,development,37907,37455,412,5,38610,1.018545,,
2026-03-15,SYN-META-01,Generated prospecting concept A,Meta Ads,development,43754,43273,476,6,48175,1.101042,,
2026-03-16,SYN-META-01,Generated prospecting concept A,Meta Ads,development,49119,48545,534,7,51127,1.04088,,
2026-03-17,SYN-META-01,Generated prospecting concept A,Meta Ads,development,45717,45182,497,7,53259,1.164971,,
2026-03-18,SYN-META-01,Generated prospecting concept A,Meta Ads,development,43908,43364,477,6,46458,1.058076,,
2026-03-19,SYN-META-01,Generated prospecting concept A,Meta Ads,development,42956,42455,467,5,41675,0.970179,,
2026-03-20,SYN-META-01,Generated prospecting concept A,Meta Ads,development,36004,35545,391,4,31959,0.887651,,
2026-03-21,SYN-META-01,Generated prospecting concept A,Meta Ads,development,35835,35455,390,4,33977,0.948151,,
2026-03-22,SYN-META-01,Generated prospecting concept A,Meta Ads,development,44105,43545,479,6,45228,1.025462,,
2026-03-23,SYN-META-01,Generated prospecting concept A,Meta Ads,development,44151,43636,480,6,45486,1.030237,,
2026-03-24,SYN-META-01,Generated prospecting concept A,Meta Ads,development,54982,54364,598,7,55563,1.010567,,
2026-03-25,SYN-META-01,Generated prospecting concept A,Meta Ads,development,49102,48545,534,7,51043,1.03953,,
2026-03-26,SYN-META-01,Generated prospecting concept A,Meta Ads,development,41569,41091,452,5,40303,0.969545,,
2026-03-27,SYN-META-01,Generated prospecting concept A,Meta Ads,development,40949,40455,445,5,36374,0.888276,,
2026-03-28,SYN-META-01,Generated prospecting concept A,Meta Ads,development,37865,37455,412,5,34548,0.912399,,
2026-03-29,SYN-META-01,Generated prospecting concept A,Meta Ads,development,44075,43545,479,6,48379,1.097652,,
2026-03-30,SYN-META-01,Generated prospecting concept A,Meta Ads,development,49658,49091,540,7,52314,1.053486,,
2026-03-31,SYN-META-01,Generated prospecting concept A,Meta Ads,development,52953,52364,576,8,60634,1.145053,,
2026-04-01,SYN-META-01,Generated prospecting concept A,Meta Ads,development,49086,48545,534,7,50670,1.03227,,
2026-04-02,SYN-META-01,Generated prospecting concept A,Meta Ads,development,47097,46545,512,6,47925,1.017581,,
2026-04-03,SYN-META-01,Generated prospecting concept A,Meta Ads,development,39365,38909,428,6,43420,1.10301,,
2026-04-04,SYN-META-01,Generated prospecting concept A,Meta Ads,development,42141,41636,458,6,47732,1.132674,,
2026-04-05,SYN-META-01,Generated prospecting concept A,Meta Ads,development,50983,50364,554,7,56306,1.104407,,
2026-04-06,SYN-META-01,Generated prospecting concept A,Meta Ads,development,56166,55455,610,9,64836,1.154364,,
2026-04-07,SYN-META-01,Generated prospecting concept A,Meta Ads,development,55579,54909,604,8,61657,1.109358,,
2026-04-08,SYN-META-01,Generated prospecting concept A,Meta Ads,development,48907,48364,532,6,49369,1.009447,,
2026-04-09,SYN-META-01,Generated prospecting concept A,Meta Ads,development,45649,45091,496,7,51025,1.117768,,
2026-04-10,SYN-META-01,Generated prospecting concept A,Meta Ads,development,43223,42727,470,5,39757,0.919811,,
2026-04-11,SYN-META-01,Generated prospecting concept A,Meta Ads,development,40640,40182,442,5,40024,0.984843,,
2026-04-12,SYN-META-01,Generated prospecting concept A,Meta Ads,development,46685,46091,507,6,46072,0.986869,,
2026-04-13,SYN-META-01,Generated prospecting concept A,Meta Ads,development,51766,51182,563,7,54350,1.049917,,
2026-04-14,SYN-META-01,Generated prospecting concept A,Meta Ads,development,46368,45818,504,7,50966,1.099163,,
2026-04-15,SYN-META-01,Generated prospecting concept A,Meta Ads,development,42956,42455,467,6,45823,1.066743,,
2026-04-16,SYN-META-01,Generated prospecting concept A,Meta Ads,development,39590,39091,430,5,39106,0.987775,,
2026-04-17,SYN-META-01,Generated prospecting concept A,Meta Ads,development,38070,37636,414,5,36241,0.951957,,
2026-04-18,SYN-META-01,Generated prospecting concept A,Meta Ads,development,36410,36000,396,4,33484,0.919637,,
2026-04-19,SYN-META-01,Generated prospecting concept A,Meta Ads,development,42056,41545,457,5,40201,0.955892,,
2026-04-20,SYN-META-01,Generated prospecting concept A,Meta Ads,development,47118,46545,512,7,52882,1.122331,,
2026-04-21,SYN-META-01,Generated prospecting concept A,Meta Ads,development,46536,46000,506,6,49210,1.057461,,
2026-04-22,SYN-META-01,Generated prospecting concept A,Meta Ads,development,44958,44455,489,6,44980,1.000489,,
2026-04-23,SYN-META-01,Generated prospecting concept A,Meta Ads,development,43149,42636,469,5,41038,0.951077,,
2026-04-24,SYN-META-01,Generated prospecting concept A,Meta Ads,development,39808,39364,433,5,40711,1.022684,,
2026-04-25,SYN-META-01,Generated prospecting concept A,Meta Ads,development,38890,38455,423,5,36662,0.94271,,
2026-04-26,SYN-META-01,Generated prospecting concept A,Meta Ads,development,48020,47455,522,7,53066,1.105081,,
2026-04-27,SYN-META-01,Generated prospecting concept A,Meta Ads,development,53546,52909,582,8,60570,1.131177,,
2026-04-28,SYN-META-01,Generated prospecting concept A,Meta Ads,development,54215,53545,589,8,63107,1.164014,,
2026-04-29,SYN-META-01,Generated prospecting concept A,Meta Ads,development,54589,53909,593,8,60622,1.110517,,
2026-04-30,SYN-META-01,Generated prospecting concept A,Meta Ads,development,44476,43909,483,6,48193,1.083573,,
2026-05-01,SYN-META-01,Generated prospecting concept A,Meta Ads,development,43932,43455,478,6,43740,0.99563,,
2026-05-02,SYN-META-01,Generated prospecting concept A,Meta Ads,development,45720,45182,497,6,46819,1.024038,,
2026-05-03,SYN-META-01,Generated prospecting concept A,Meta Ads,development,47828,47273,520,7,52357,1.094693,,
2026-05-04,SYN-META-01,Generated prospecting concept A,Meta Ads,development,53100,52455,577,8,58635,1.104237,,
2026-05-05,SYN-META-01,Generated prospecting concept A,Meta Ads,development,57038,56364,620,8,64334,1.127915,,
2026-05-06,SYN-META-01,Generated prospecting concept A,Meta Ads,development,50878,50273,553,7,55571,1.09224,,
2026-05-07,SYN-META-01,Generated prospecting concept A,Meta Ads,development,45869,45364,499,6,44945,0.979856,,
2026-05-08,SYN-META-01,Generated prospecting concept A,Meta Ads,development,42710,42182,464,6,43353,1.015055,,
2026-05-09,SYN-META-01,Generated prospecting concept A,Meta Ads,development,43303,42818,471,6,43456,1.003533,,
2026-05-10,SYN-META-01,Generated prospecting concept A,Meta Ads,development,48877,48273,531,6,48018,0.982425,,
2026-05-11,SYN-META-01,Generated prospecting concept A,Meta Ads,development,51197,50545,556,7,53120,1.037561,,
2026-05-12,SYN-META-01,Generated prospecting concept A,Meta Ads,development,50425,49818,548,7,54886,1.088468,,
2026-05-13,SYN-META-01,Generated prospecting concept A,Meta Ads,development,47914,47364,521,7,52355,1.092687,,
2026-05-14,SYN-META-01,Generated prospecting concept A,Meta Ads,development,44629,44091,485,6,45831,1.026933,,
2026-05-15,SYN-META-01,Generated prospecting concept A,Meta Ads,development,34739,34364,378,4,30519,0.878523,,
2026-05-16,SYN-META-01,Generated prospecting concept A,Meta Ads,development,39433,39000,429,5,38435,0.974691,,
2026-05-17,SYN-META-01,Generated prospecting concept A,Meta Ads,development,42991,42455,467,5,41339,0.961573,,
2026-05-18,SYN-META-01,Generated prospecting concept A,Meta Ads,development,48083,47545,523,6,49095,1.021047,,
2026-05-19,SYN-META-01,Generated prospecting concept A,Meta Ads,development,45244,44727,492,6,46500,1.027761,,
2026-05-20,SYN-META-01,Generated prospecting concept A,Meta Ads,development,42588,42091,463,5,41112,0.965342,,
2026-05-21,SYN-META-01,Generated prospecting concept A,Meta Ads,development,40171,39727,437,5,40166,0.999876,,
2026-05-22,SYN-META-01,Generated prospecting concept A,Meta Ads,development,41659,41182,453,5,37999,0.912144,,
2026-05-23,SYN-META-01,Generated prospecting concept A,Meta Ads,development,39879,39364,433,5,39519,0.990973,,
2026-05-24,SYN-META-01,Generated prospecting concept A,Meta Ads,development,47156,46636,513,7,50538,1.071719,,
2026-05-25,SYN-META-01,Generated prospecting concept A,Meta Ads,development,49363,48818,537,7,55280,1.119867,,
2026-05-26,SYN-META-01,Generated prospecting concept A,Meta Ads,development,49733,49182,541,7,54015,1.0861,,
2026-05-27,SYN-META-01,Generated prospecting concept A,Meta Ads,development,51366,50727,558,7,53495,1.041448,,
2026-05-28,SYN-META-01,Generated prospecting concept A,Meta Ads,development,46389,45818,504,7,49658,1.070469,,
2026-05-29,SYN-META-01,Generated prospecting concept A,Meta Ads,development,38201,37727,415,5,39628,1.037355,,
2026-05-30,SYN-META-01,Generated prospecting concept A,Meta Ads,development,44488,44000,484,6,45808,1.029671,,
2026-05-31,SYN-META-01,Generated prospecting concept A,Meta Ads,development,51708,51091,562,7,53758,1.039646,,
2026-06-01,SYN-META-01,Generated prospecting concept A,Meta Ads,development,56802,56091,617,8,58833,1.035756,,
2026-06-02,SYN-META-01,Generated prospecting concept A,Meta Ads,development,55147,54455,599,8,58026,1.052206,,
2026-06-03,SYN-META-01,Generated prospecting concept A,Meta Ads,development,52545,51909,571,7,55942,1.064649,,
2026-06-04,SYN-META-01,Generated prospecting concept A,Meta Ads,development,44567,44000,484,6,48025,1.077591,,
2026-06-05,SYN-META-01,Generated prospecting concept A,Meta Ads,development,44761,44273,487,6,46328,1.035008,,
2026-06-06,SYN-META-01,Generated prospecting concept A,Meta Ads,development,45577,45000,495,6,45014,0.987647,,
2026-06-07,SYN-META-01,Generated prospecting concept A,Meta Ads,development,47728,47182,519,7,50568,1.059504,,
2026-06-08,SYN-META-01,Generated prospecting concept A,Meta Ads,development,52717,52091,573,8,60117,1.140372,,
2026-06-09,SYN-META-01,Generated prospecting concept A,Meta Ads,development,51255,50636,557,7,56292,1.098273,,
2026-06-10,SYN-META-01,Generated prospecting concept A,Meta Ads,development,47884,47273,520,7,51635,1.078335,,
2026-06-11,SYN-META-01,Generated prospecting concept A,Meta Ads,development,42682,42182,464,6,43274,1.01387,,
2026-06-12,SYN-META-01,Generated prospecting concept A,Meta Ads,development,39290,38818,427,5,37621,0.957521,,
2026-06-13,SYN-META-01,Generated prospecting concept A,Meta Ads,development,40248,39727,437,6,41934,1.04189,,
2026-06-14,SYN-META-01,Generated prospecting concept A,Meta Ads,development,46827,46273,509,6,44628,0.95304,,
2026-06-15,SYN-META-01,Generated prospecting concept A,Meta Ads,development,45995,45455,500,6,49198,1.069638,,
2026-06-16,SYN-META-01,Generated prospecting concept A,Meta Ads,development,49352,48727,536,7,49886,1.01082,,
2026-06-17,SYN-META-01,Generated prospecting concept A,Meta Ads,development,44607,44091,485,6,43340,0.971596,,
2026-06-18,SYN-META-01,Generated prospecting concept A,Meta Ads,development,38298,37818,416,5,34412,0.898533,,
2026-06-19,SYN-META-01,Generated prospecting concept A,Meta Ads,development,37711,37273,410,5,35538,0.942378,,
2026-06-20,SYN-META-01,Generated prospecting concept A,Meta Ads,development,39799,39364,433,5,37351,0.938491,,
2026-06-21,SYN-META-01,Generated prospecting concept A,Meta Ads,development,40973,40455,445,5,40573,0.990237,,
2026-06-22,SYN-META-01,Generated prospecting concept A,Meta Ads,development,47991,47455,522,7,50459,1.051426,,
2026-06-23,SYN-META-01,Generated prospecting concept A,Meta Ads,development,51150,50545,556,7,50709,0.991378,,
2026-06-24,SYN-META-01,Generated prospecting concept A,Meta Ads,development,45989,45455,500,7,51556,1.121051,,
2026-06-25,SYN-META-01,Generated prospecting concept A,Meta Ads,development,42962,42455,467,5,39819,0.926842,,
2026-06-26,SYN-META-01,Generated prospecting concept A,Meta Ads,development,43577,43091,474,6,42540,0.976203,,
2026-06-27,SYN-META-01,Generated prospecting concept A,Meta Ads,development,42737,42273,465,5,41395,0.968599,,
2026-06-28,SYN-META-01,Generated prospecting concept A,Meta Ads,development,46489,45909,505,6,46717,1.004904,,
2026-06-29,SYN-META-01,Generated prospecting concept A,Meta Ads,development,54919,54273,597,8,58842,1.071432,,
2026-06-30,SYN-META-01,Generated prospecting concept A,Meta Ads,development,54347,53727,591,8,61063,1.123576,,
2026-07-01,SYN-META-01,Generated prospecting concept A,Meta Ads,development,52697,52091,573,8,58340,1.107084,,
2026-07-02,SYN-META-01,Generated prospecting concept A,Meta Ads,development,48160,47545,523,6,45594,0.946719,,
2026-07-03,SYN-META-01,Generated prospecting concept A,Meta Ads,development,43145,42636,469,5,41015,0.950632,,
2026-07-04,SYN-META-01,Generated prospecting concept A,Meta Ads,development,45718,45182,497,6,48815,1.067741,,
2026-07-05,SYN-META-01,Generated prospecting concept A,Meta Ads,development,49575,49000,539,7,51385,1.03651,,
2026-07-06,SYN-META-01,Generated prospecting concept A,Meta Ads,development,53733,53091,584,8,57411,1.06845,,
2026-07-07,SYN-META-01,Generated prospecting concept A,Meta Ads,development,56726,56091,617,9,65211,1.149579,,
2026-07-08,SYN-META-01,Generated prospecting concept A,Meta Ads,development,49117,48545,534,8,58111,1.183114,,
2026-07-09,SYN-META-01,Generated prospecting concept A,Meta Ads,development,45322,44818,493,6,45264,0.99872,,
2026-07-10,SYN-META-01,Generated prospecting concept A,Meta Ads,development,40263,39818,438,5,39385,0.978193,,
2026-07-11,SYN-META-01,Generated prospecting concept A,Meta Ads,development,42755,42273,465,5,37880,0.885978,,
2026-07-12,SYN-META-01,Generated prospecting concept A,Meta Ads,development,43802,43273,476,6,42856,0.978403,,
2026-07-13,SYN-META-01,Generated prospecting concept A,Meta Ads,development,48353,47818,526,6,47855,0.989701,,
2026-07-14,SYN-META-01,Generated prospecting concept A,Meta Ads,development,49691,49091,540,7,51562,1.037653,,
2026-07-15,SYN-META-01,Generated prospecting concept A,Meta Ads,development,45318,44818,493,6,45615,1.006554,,
2026-07-16,SYN-META-01,Generated prospecting concept A,Meta Ads,development,40813,40364,444,5,37486,0.918482,,
2026-07-17,SYN-META-01,Generated prospecting concept A,Meta Ads,development,38278,37818,416,4,33843,0.884137,,
2026-07-18,SYN-META-01,Generated prospecting concept A,Meta Ads,development,37197,36727,404,4,33420,0.89846,,
2026-07-19,SYN-META-01,Generated prospecting concept A,Meta Ads,development,43602,43091,474,5,39231,0.899752,,
2026-07-20,SYN-META-01,Generated prospecting concept A,Meta Ads,development,50144,49545,545,7,49831,0.993758,,
2026-07-21,SYN-META-01,Generated prospecting concept A,Meta Ads,development,50994,50364,554,7,51238,1.004785,,
2026-07-22,SYN-META-01,Generated prospecting concept A,Meta Ads,development,46576,46000,506,6,43416,0.932154,,
2026-07-23,SYN-META-01,Generated prospecting concept A,Meta Ads,development,42491,42000,462,5,38105,0.896778,,
2026-07-24,SYN-META-01,Generated prospecting concept A,Meta Ads,development,38054,37636,414,5,35324,0.92826,,
2026-07-25,SYN-META-01,Generated prospecting concept A,Meta Ads,development,43544,43000,473,6,42592,0.978137,,
2026-07-26,SYN-META-01,Generated prospecting concept A,Meta Ads,development,45424,44909,494,6,46434,1.022235,,
2026-07-27,SYN-META-01,Generated prospecting concept A,Meta Ads,development,51984,51364,565,8,58116,1.117959,,
2026-07-28,SYN-META-01,Generated prospecting concept A,Meta Ads,development,51963,51364,565,8,60155,1.157651,,
2026-07-29,SYN-META-01,Generated prospecting concept A,Meta Ads,development,51170,50545,556,8,60764,1.187493,,
2026-07-30,SYN-META-01,Generated prospecting concept A,Meta Ads,development,45225,44727,492,6,46526,1.028767,,
2026-07-31,SYN-META-01,Generated prospecting concept A,Meta Ads,development,42682,42182,464,5,40916,0.958624,,
2026-08-01,SYN-META-01,Generated prospecting concept A,Meta Ads,development,44005,43455,478,6,46339,1.053039,,
2026-08-02,SYN-META-01,Generated prospecting concept A,Meta Ads,holdout,48445,47909,527,7,53188,1.097905,1.00639,1.087724
2026-08-03,SYN-META-01,Generated prospecting concept A,Meta Ads,holdout,57807,57091,628,9,65557,1.134067,1.00639,1.161534
2026-08-04,SYN-META-01,Generated prospecting concept A,Meta Ads,holdout,57042,56364,620,9,65355,1.145735,1.00639,1.145106
2026-08-05,SYN-META-01,Generated prospecting concept A,Meta Ads,holdout,48686,48091,529,7,52763,1.083741,1.00639,1.065867
2026-08-06,SYN-META-01,Generated prospecting concept A,Meta Ads,holdout,47639,47091,518,6,47458,0.996201,1.00639,1.057437
2026-08-07,SYN-META-01,Generated prospecting concept A,Meta Ads,holdout,38858,38364,422,5,39739,1.022672,1.00639,0.977081
2026-08-08,SYN-META-01,Generated prospecting concept A,Meta Ads,holdout,44048,43545,479,6,44353,1.006924,1.00639,1.033677
2026-08-09,SYN-META-01,Generated prospecting concept A,Meta Ads,holdout,44056,43545,479,6,46414,1.053523,1.00639,1.032454
2026-08-10,SYN-META-01,Generated prospecting concept A,Meta Ads,holdout,47591,47000,517,6,47995,1.008489,1.00639,1.058914
2026-08-11,SYN-META-01,Generated prospecting concept A,Meta Ads,holdout,51405,50818,559,8,60400,1.174983,1.00639,1.085413
2026-08-12,SYN-META-01,Generated prospecting concept A,Meta Ads,holdout,44976,44455,489,6,47205,1.04956,1.00639,1.022389
2026-08-13,SYN-META-01,Generated prospecting concept A,Meta Ads,holdout,40631,40182,442,5,38061,0.936748,1.00639,0.983487
2026-08-14,SYN-META-01,Generated prospecting concept A,Meta Ads,holdout,35125,34727,382,4,32775,0.933096,1.00639,0.934541
2026-08-15,SYN-META-01,Generated prospecting concept A,Meta Ads,holdout,35999,35545,391,4,32546,0.904081,1.00639,0.951701
2026-08-16,SYN-META-01,Generated prospecting concept A,Meta Ads,holdout,40139,39636,436,5,37882,0.94377,1.00639,0.996864
2026-08-17,SYN-META-01,Generated prospecting concept A,Meta Ads,holdout,48579,48000,528,6,46299,0.953066,1.00639,1.074494
2026-08-18,SYN-META-01,Generated prospecting concept A,Meta Ads,holdout,52769,52182,574,7,51602,0.977885,1.00639,1.10676
2026-08-19,SYN-META-01,Generated prospecting concept A,Meta Ads,holdout,46713,46182,508,6,47596,1.018903,1.00639,1.050631
2026-08-20,SYN-META-01,Generated prospecting concept A,Meta Ads,holdout,36878,36455,401,5,35180,0.953956,1.00639,0.958317
2026-08-21,SYN-META-01,Generated prospecting concept A,Meta Ads,holdout,38177,37727,415,5,35937,0.941326,1.00639,0.982208
2026-08-22,SYN-META-01,Generated prospecting concept A,Meta Ads,holdout,35856,35455,390,5,34761,0.969461,1.00639,0.966153
2026-08-23,SYN-META-01,Generated prospecting concept A,Meta Ads,holdout,43576,43091,474,6,44996,1.032587,1.00639,1.047287
2026-08-24,SYN-META-01,Generated prospecting concept A,Meta Ads,holdout,46873,46273,509,7,54127,1.154759,1.00639,1.074275
2026-08-25,SYN-META-01,Generated prospecting concept A,Meta Ads,holdout,51833,51182,563,8,58306,1.124882,1.00639,1.112993
2026-08-26,SYN-META-01,Generated prospecting concept A,Meta Ads,holdout,49102,48545,534,7,55120,1.122561,1.00639,1.085585
2026-08-27,SYN-META-01,Generated prospecting concept A,Meta Ads,holdout,45209,44636,491,6,46306,1.024265,1.00639,1.052805
2026-08-28,SYN-META-01,Generated prospecting concept A,Meta Ads,holdout,39726,39273,432,5,37390,0.941197,1.00639,1.006073
2026-08-29,SYN-META-01,Generated prospecting concept A,Meta Ads,holdout,43260,42727,470,6,46339,1.071174,1.00639,1.04704
2026-08-30,SYN-META-01,Generated prospecting concept A,Meta Ads,holdout,49685,49091,540,7,49951,1.005354,1.00639,1.106601
2026-08-31,SYN-META-01,Generated prospecting concept A,Meta Ads,holdout,55436,54818,603,9,64749,1.167996,1.00639,1.149559
2026-01-04,SYN-META-02,Generated prospecting concept B,Meta Ads,development,43424,37667,452,7,58675,1.351211,,
2026-01-05,SYN-META-02,Generated prospecting concept B,Meta Ads,development,47779,41500,498,8,64546,1.350928,,
2026-01-06,SYN-META-02,Generated prospecting concept B,Meta Ads,development,46854,40667,488,8,59756,1.275366,,
2026-01-07,SYN-META-02,Generated prospecting concept B,Meta Ads,development,42373,36750,441,7,54171,1.278432,,
2026-01-08,SYN-META-02,Generated prospecting concept B,Meta Ads,development,32107,27833,334,5,37446,1.166288,,
2026-01-09,SYN-META-02,Generated prospecting concept B,Meta Ads,development,33884,29417,353,5,39430,1.163676,,
2026-01-10,SYN-META-02,Generated prospecting concept B,Meta Ads,development,34464,29917,359,5,40979,1.189038,,
2026-01-11,SYN-META-02,Generated prospecting concept B,Meta Ads,development,36122,31333,376,6,46815,1.296025,,
2026-01-12,SYN-META-02,Generated prospecting concept B,Meta Ads,development,43974,38167,458,7,57014,1.296539,,
2026-01-13,SYN-META-02,Generated prospecting concept B,Meta Ads,development,41796,36250,435,7,55500,1.327878,,
2026-01-14,SYN-META-02,Generated prospecting concept B,Meta Ads,development,35389,30750,369,6,46758,1.321258,,
2026-01-15,SYN-META-02,Generated prospecting concept B,Meta Ads,development,31452,27333,328,5,37311,1.186284,,
2026-01-16,SYN-META-02,Generated prospecting concept B,Meta Ads,development,31719,27500,330,5,37179,1.172137,,
2026-01-17,SYN-META-02,Generated prospecting concept B,Meta Ads,development,33264,28833,346,5,38724,1.164141,,
2026-01-18,SYN-META-02,Generated prospecting concept B,Meta Ads,development,36920,32083,385,6,46471,1.258694,,
2026-01-19,SYN-META-02,Generated prospecting concept B,Meta Ads,development,40975,35583,427,6,50740,1.238316,,
2026-01-20,SYN-META-02,Generated prospecting concept B,Meta Ads,development,40213,34917,419,6,49161,1.222515,,
2026-01-21,SYN-META-02,Generated prospecting concept B,Meta Ads,development,39190,34000,408,6,49559,1.264583,,
2026-01-22,SYN-META-02,Generated prospecting concept B,Meta Ads,development,32053,27833,334,5,39577,1.234736,,
2026-01-23,SYN-META-02,Generated prospecting concept B,Meta Ads,development,31569,27417,329,4,34370,1.088726,,
2026-01-24,SYN-META-02,Generated prospecting concept B,Meta Ads,development,35370,30667,368,5,42435,1.199746,,
2026-01-25,SYN-META-02,Generated prospecting concept B,Meta Ads,development,38788,33667,404,6,50303,1.29687,,
2026-01-26,SYN-META-02,Generated prospecting concept B,Meta Ads,development,47702,41417,497,8,65472,1.372521,,
2026-01-27,SYN-META-02,Generated prospecting concept B,Meta Ads,development,43261,37583,451,8,62414,1.442731,,
2026-01-28,SYN-META-02,Generated prospecting concept B,Meta Ads,development,39840,34583,415,7,57282,1.437801,,
2026-01-29,SYN-META-02,Generated prospecting concept B,Meta Ads,development,34341,29833,358,6,43184,1.257506,,
2026-01-30,SYN-META-02,Generated prospecting concept B,Meta Ads,development,38140,33083,397,6,45310,1.187992,,
2026-01-31,SYN-META-02,Generated prospecting concept B,Meta Ads,development,37837,32833,394,6,46917,1.239977,,
2026-02-01,SYN-META-02,Generated prospecting concept B,Meta Ads,development,43313,37583,451,7,54938,1.268395,,
2026-02-02,SYN-META-02,Generated prospecting concept B,Meta Ads,development,45416,39417,473,8,64418,1.418399,,
2026-02-03,SYN-META-02,Generated prospecting concept B,Meta Ads,development,49081,42583,511,9,67658,1.378497,,
2026-02-04,SYN-META-02,Generated prospecting concept B,Meta Ads,development,41224,35750,429,7,54065,1.311493,,
2026-02-05,SYN-META-02,Generated prospecting concept B,Meta Ads,development,37321,32417,389,6,47635,1.276359,,
2026-02-06,SYN-META-02,Generated prospecting concept B,Meta Ads,development,35714,31000,372,6,45685,1.27919,,
2026-02-07,SYN-META-02,Generated prospecting concept B,Meta Ads,development,35720,31000,372,6,47373,1.326232,,
2026-02-08,SYN-META-02,Generated prospecting concept B,Meta Ads,development,41579,36083,433,7,54853,1.319248,,
2026-02-09,SYN-META-02,Generated prospecting concept B,Meta Ads,development,44961,39000,468,8,60924,1.355041,,
2026-02-10,SYN-META-02,Generated prospecting concept B,Meta Ads,development,45963,39917,479,8,65693,1.429258,,
2026-02-11,SYN-META-02,Generated prospecting concept B,Meta Ads,development,41687,36167,434,7,55392,1.32876,,
2026-02-12,SYN-META-02,Generated prospecting concept B,Meta Ads,development,32006,27750,333,5,39699,1.240361,,
2026-02-13,SYN-META-02,Generated prospecting concept B,Meta Ads,development,31094,27000,324,5,36806,1.183701,,
2026-02-14,SYN-META-02,Generated prospecting concept B,Meta Ads,development,33487,29083,349,5,40376,1.205722,,
2026-02-15,SYN-META-02,Generated prospecting concept B,Meta Ads,development,38551,33500,402,6,49322,1.279396,,
2026-02-16,SYN-META-02,Generated prospecting concept B,Meta Ads,development,41251,35833,430,7,53274,1.29146,,
2026-02-17,SYN-META-02,Generated prospecting concept B,Meta Ads,development,40747,35333,424,7,53894,1.32265,,
2026-02-18,SYN-META-02,Generated prospecting concept B,Meta Ads,development,38973,33833,406,7,51683,1.326123,,
2026-02-19,SYN-META-02,Generated prospecting concept B,Meta Ads,development,33257,28833,346,5,39619,1.191298,,
2026-02-20,SYN-META-02,Generated prospecting concept B,Meta Ads,development,31249,27167,326,4,34207,1.094659,,
2026-02-21,SYN-META-02,Generated prospecting concept B,Meta Ads,development,34882,30250,363,5,39601,1.135285,,
2026-02-22,SYN-META-02,Generated prospecting concept B,Meta Ads,development,38943,33833,406,6,51002,1.309658,,
2026-02-23,SYN-META-02,Generated prospecting concept B,Meta Ads,development,43754,38000,456,7,58613,1.339603,,
2026-02-24,SYN-META-02,Generated prospecting concept B,Meta Ads,development,42885,37250,447,7,56607,1.319972,,
2026-02-25,SYN-META-02,Generated prospecting concept B,Meta Ads,development,38911,33750,405,7,51840,1.332271,,
2026-02-26,SYN-META-02,Generated prospecting concept B,Meta Ads,development,36335,31500,378,6,46704,1.285372,,
2026-02-27,SYN-META-02,Generated prospecting concept B,Meta Ads,development,35893,31167,374,6,44225,1.232134,,
2026-02-28,SYN-META-02,Generated prospecting concept B,Meta Ads,development,39625,34417,413,6,49658,1.253199,,
2026-03-01,SYN-META-02,Generated prospecting concept B,Meta Ads,development,43411,37667,452,7,58438,1.346157,,
2026-03-02,SYN-META-02,Generated prospecting concept B,Meta Ads,development,47528,41250,495,9,69232,1.456657,,
2026-03-03,SYN-META-02,Generated prospecting concept B,Meta Ads,development,48404,42000,504,9,67931,1.403417,,
2026-03-04,SYN-META-02,Generated prospecting concept B,Meta Ads,development,46951,40750,489,8,63986,1.362825,,
2026-03-05,SYN-META-02,Generated prospecting concept B,Meta Ads,development,38504,33417,401,6,49661,1.289762,,
2026-03-06,SYN-META-02,Generated prospecting concept B,Meta Ads,development,36654,31833,382,6,45708,1.247013,,
2026-03-07,SYN-META-02,Generated prospecting concept B,Meta Ads,development,39563,34333,412,7,51267,1.295832,,
2026-03-08,SYN-META-02,Generated prospecting concept B,Meta Ads,development,45832,39750,477,8,61742,1.347137,,
2026-03-09,SYN-META-02,Generated prospecting concept B,Meta Ads,development,46288,40167,482,8,64475,1.39291,,
2026-03-10,SYN-META-02,Generated prospecting concept B,Meta Ads,development,45697,39667,476,8,61515,1.34615,,
2026-03-11,SYN-META-02,Generated prospecting concept B,Meta Ads,development,41580,36083,433,7,53537,1.287566,,
2026-03-12,SYN-META-02,Generated prospecting concept B,Meta Ads,development,35144,30500,366,6,43600,1.24061,,
2026-03-13,SYN-META-02,Generated prospecting concept B,Meta Ads,development,32047,27833,334,5,37211,1.161138,,
2026-03-14,SYN-META-02,Generated prospecting concept B,Meta Ads,development,37429,32500,390,6,45965,1.228058,,
2026-03-15,SYN-META-02,Generated prospecting concept B,Meta Ads,development,38339,33250,399,7,52202,1.36159,,
2026-03-16,SYN-META-02,Generated prospecting concept B,Meta Ads,development,42558,36917,443,7,56063,1.317332,,
2026-03-17,SYN-META-02,Generated prospecting concept B,Meta Ads,development,38898,33750,405,6,49387,1.269654,,
2026-03-18,SYN-META-02,Generated prospecting concept B,Meta Ads,development,37170,32250,387,6,46313,1.245978,,
2026-03-19,SYN-META-02,Generated prospecting concept B,Meta Ads,development,30921,26833,322,5,36456,1.179005,,
2026-03-20,SYN-META-02,Generated prospecting concept B,Meta Ads,development,31839,27667,332,5,37777,1.186501,,
2026-03-21,SYN-META-02,Generated prospecting concept B,Meta Ads,development,32714,28417,341,5,38510,1.177172,,
2026-03-22,SYN-META-02,Generated prospecting concept B,Meta Ads,development,38190,33167,398,6,49375,1.292878,,
2026-03-23,SYN-META-02,Generated prospecting concept B,Meta Ads,development,43384,37667,452,8,58901,1.357666,,
2026-03-24,SYN-META-02,Generated prospecting concept B,Meta Ads,development,42655,37000,444,7,54927,1.287704,,
2026-03-25,SYN-META-02,Generated prospecting concept B,Meta Ads,development,39213,34000,408,6,49456,1.261214,,
2026-03-26,SYN-META-02,Generated prospecting concept B,Meta Ads,development,36584,31750,381,6,43338,1.184616,,
2026-03-27,SYN-META-02,Generated prospecting concept B,Meta Ads,development,34473,29917,359,5,40320,1.169611,,
2026-03-28,SYN-META-02,Generated prospecting concept B,Meta Ads,development,36738,31917,383,6,43864,1.193968,,
2026-03-29,SYN-META-02,Generated prospecting concept B,Meta Ads,development,41945,36417,437,7,56788,1.353868,,
2026-03-30,SYN-META-02,Generated prospecting concept B,Meta Ads,development,47796,41500,498,8,64794,1.355636,,
2026-03-31,SYN-META-02,Generated prospecting concept B,Meta Ads,development,47901,41583,499,8,63221,1.319826,,
2026-04-01,SYN-META-02,Generated prospecting concept B,Meta Ads,development,40741,35333,424,7,51535,1.264942,,
2026-04-02,SYN-META-02,Generated prospecting concept B,Meta Ads,development,34173,29667,356,5,42213,1.235273,,
2026-04-03,SYN-META-02,Generated prospecting concept B,Meta Ads,development,35136,30500,366,5,39610,1.127334,,
2026-04-04,SYN-META-02,Generated prospecting concept B,Meta Ads,development,38931,33833,406,6,48216,1.238499,,
2026-04-05,SYN-META-02,Generated prospecting concept B,Meta Ads,development,44003,38167,458,7,56981,1.294934,,
2026-04-06,SYN-META-02,Generated prospecting concept B,Meta Ads,development,43582,37833,454,8,59585,1.367193,,
2026-04-07,SYN-META-02,Generated prospecting concept B,Meta Ads,development,45441,39417,473,7,58841,1.294888,,
2026-04-08,SYN-META-02,Generated prospecting concept B,Meta Ads,development,39627,34417,413,6,50462,1.273425,,
2026-04-09,SYN-META-02,Generated prospecting concept B,Meta Ads,development,38304,33250,399,6,48272,1.260234,,
2026-04-10,SYN-META-02,Generated prospecting concept B,Meta Ads,development,33731,29250,351,5,41082,1.21793,,
2026-04-11,SYN-META-02,Generated prospecting concept B,Meta Ads,development,35183,30500,366,6,44716,1.270955,,
2026-04-12,SYN-META-02,Generated prospecting concept B,Meta Ads,development,41080,35667,428,6,50950,1.240263,,
2026-04-13,SYN-META-02,Generated prospecting concept B,Meta Ads,development,45569,39583,475,8,61623,1.352301,,
2026-04-14,SYN-META-02,Generated prospecting concept B,Meta Ads,development,37191,32250,387,6,50494,1.357694,,
2026-04-15,SYN-META-02,Generated prospecting concept B,Meta Ads,development,36236,31417,377,5,41403,1.142593,,
2026-04-16,SYN-META-02,Generated prospecting concept B,Meta Ads,development,36722,31917,383,6,45140,1.229236,,
2026-04-17,SYN-META-02,Generated prospecting concept B,Meta Ads,development,28795,25000,300,4,34052,1.182566,,
2026-04-18,SYN-META-02,Generated prospecting concept B,Meta Ads,development,32327,28083,337,5,37572,1.162248,,
2026-04-19,SYN-META-02,Generated prospecting concept B,Meta Ads,development,38003,33000,396,6,48059,1.264611,,
2026-04-20,SYN-META-02,Generated prospecting concept B,Meta Ads,development,39136,34000,408,7,53837,1.375639,,
2026-04-21,SYN-META-02,Generated prospecting concept B,Meta Ads,development,44550,38667,464,8,59728,1.340696,,
2026-04-22,SYN-META-02,Generated prospecting concept B,Meta Ads,development,36685,31833,382,6,45682,1.24525,,
2026-04-23,SYN-META-02,Generated prospecting concept B,Meta Ads,development,30267,26250,315,5,36505,1.206099,,
2026-04-24,SYN-META-02,Generated prospecting concept B,Meta Ads,development,31615,27417,329,5,37062,1.172292,,
2026-04-25,SYN-META-02,Generated prospecting concept B,Meta Ads,development,35467,30750,369,6,44510,1.254969,,
2026-04-26,SYN-META-02,Generated prospecting concept B,Meta Ads,development,40710,35333,424,7,53124,1.304937,,
2026-04-27,SYN-META-02,Generated prospecting concept B,Meta Ads,development,44960,39000,468,8,62287,1.385387,,
2026-04-28,SYN-META-02,Generated prospecting concept B,Meta Ads,development,47255,41000,492,8,63209,1.337615,,
2026-04-29,SYN-META-02,Generated prospecting concept B,Meta Ads,development,42713,37083,445,7,57291,1.341301,,
2026-04-30,SYN-META-02,Generated prospecting concept B,Meta Ads,development,37642,32667,392,6,46570,1.237182,,
2026-05-01,SYN-META-02,Generated prospecting concept B,Meta Ads,development,36892,32000,384,6,44229,1.198878,,
2026-05-02,SYN-META-02,Generated prospecting concept B,Meta Ads,development,38542,33417,401,6,49733,1.290359,,
2026-05-03,SYN-META-02,Generated prospecting concept B,Meta Ads,development,41205,35750,429,7,57497,1.395389,,
2026-05-04,SYN-META-02,Generated prospecting concept B,Meta Ads,development,48354,42000,504,9,67182,1.389378,,
2026-05-05,SYN-META-02,Generated prospecting concept B,Meta Ads,development,47161,40917,491,9,67445,1.430101,,
2026-05-06,SYN-META-02,Generated prospecting concept B,Meta Ads,development,43364,37667,452,7,55157,1.271954,,
2026-05-07,SYN-META-02,Generated prospecting concept B,Meta Ads,development,37799,32833,394,6,46258,1.223789,,
2026-05-08,SYN-META-02,Generated prospecting concept B,Meta Ads,development,36231,31417,377,6,43418,1.198366,,
2026-05-09,SYN-META-02,Generated prospecting concept B,Meta Ads,development,38527,33417,401,6,46989,1.219638,,
2026-05-10,SYN-META-02,Generated prospecting concept B,Meta Ads,development,44148,38333,460,8,58982,1.336006,,
2026-05-11,SYN-META-02,Generated prospecting concept B,Meta Ads,development,43066,37417,449,8,59666,1.385455,,
2026-05-12,SYN-META-02,Generated prospecting concept B,Meta Ads,development,41344,35917,431,6,50826,1.229344,,
2026-05-13,SYN-META-02,Generated prospecting concept B,Meta Ads,development,38948,33833,406,6,47172,1.211153,,
2026-05-14,SYN-META-02,Generated prospecting concept B,Meta Ads,development,31577,27417,329,5,38147,1.208063,,
2026-05-15,SYN-META-02,Generated prospecting concept B,Meta Ads,development,30517,26500,318,5,36516,1.196579,,
2026-05-16,SYN-META-02,Generated prospecting concept B,Meta Ads,development,34388,29833,358,6,43568,1.266954,,
2026-05-17,SYN-META-02,Generated prospecting concept B,Meta Ads,development,41373,35917,431,6,50278,1.215237,,
2026-05-18,SYN-META-02,Generated prospecting concept B,Meta Ads,development,42143,36583,439,7,53826,1.277223,,
2026-05-19,SYN-META-02,Generated prospecting concept B,Meta Ads,development,39761,34500,414,7,53053,1.334297,,
2026-05-20,SYN-META-02,Generated prospecting concept B,Meta Ads,development,37906,32917,395,6,48524,1.280114,,
2026-05-21,SYN-META-02,Generated prospecting concept B,Meta Ads,development,29381,25500,306,4,33915,1.154317,,
2026-05-22,SYN-META-02,Generated prospecting concept B,Meta Ads,development,31991,27750,333,4,33831,1.057516,,
2026-05-23,SYN-META-02,Generated prospecting concept B,Meta Ads,development,33831,29333,352,5,41678,1.231947,,
2026-05-24,SYN-META-02,Generated prospecting concept B,Meta Ads,development,37993,33000,396,6,49730,1.308925,,
2026-05-25,SYN-META-02,Generated prospecting concept B,Meta Ads,development,46677,40500,486,8,60340,1.292714,,
2026-05-26,SYN-META-02,Generated prospecting concept B,Meta Ads,development,45451,39417,473,8,64675,1.422961,,
2026-05-27,SYN-META-02,Generated prospecting concept B,Meta Ads,development,37359,32417,389,6,48618,1.301373,,
2026-05-28,SYN-META-02,Generated prospecting concept B,Meta Ads,development,35804,31083,373,6,46474,1.298011,,
2026-05-29,SYN-META-02,Generated prospecting concept B,Meta Ads,development,32450,28167,338,5,39474,1.216456,,
2026-05-30,SYN-META-02,Generated prospecting concept B,Meta Ads,development,37823,32833,394,6,50151,1.325939,,
2026-05-31,SYN-META-02,Generated prospecting concept B,Meta Ads,development,41200,35750,429,7,53222,1.291796,,
2026-06-01,SYN-META-02,Generated prospecting concept B,Meta Ads,development,43024,37333,448,8,59607,1.385436,,
2026-06-02,SYN-META-02,Generated prospecting concept B,Meta Ads,development,47914,41583,499,9,68236,1.424135,,
2026-06-03,SYN-META-02,Generated prospecting concept B,Meta Ads,development,43604,37833,454,7,57072,1.308871,,
2026-06-04,SYN-META-02,Generated prospecting concept B,Meta Ads,development,37895,32917,395,6,50801,1.340573,,
2026-06-05,SYN-META-02,Generated prospecting concept B,Meta Ads,development,36947,32083,385,6,47395,1.282783,,
2026-06-06,SYN-META-02,Generated prospecting concept B,Meta Ads,development,38225,33167,398,6,48191,1.260719,,
2026-06-07,SYN-META-02,Generated prospecting concept B,Meta Ads,development,42885,37250,447,7,55422,1.29234,,
2026-06-08,SYN-META-02,Generated prospecting concept B,Meta Ads,development,46034,40000,480,8,59538,1.293348,,
2026-06-09,SYN-META-02,Generated prospecting concept B,Meta Ads,development,43156,37500,450,7,57467,1.331611,,
2026-06-10,SYN-META-02,Generated prospecting concept B,Meta Ads,development,40023,34750,417,7,52528,1.312445,,
2026-06-11,SYN-META-02,Generated prospecting concept B,Meta Ads,development,33488,29083,349,5,43127,1.287834,,
2026-06-12,SYN-META-02,Generated prospecting concept B,Meta Ads,development,28593,24833,298,4,34759,1.215647,,
2026-06-13,SYN-META-02,Generated prospecting concept B,Meta Ads,development,31950,27750,333,5,40634,1.2718,,
2026-06-14,SYN-META-02,Generated prospecting concept B,Meta Ads,development,36464,31667,380,6,46241,1.268127,,
2026-06-15,SYN-META-02,Generated prospecting concept B,Meta Ads,development,43465,37750,453,7,58022,1.334913,,
2026-06-16,SYN-META-02,Generated prospecting concept B,Meta Ads,development,38662,33583,403,6,50579,1.308235,,
2026-06-17,SYN-META-02,Generated prospecting concept B,Meta Ads,development,37402,32500,390,6,48894,1.307256,,
2026-06-18,SYN-META-02,Generated prospecting concept B,Meta Ads,development,35548,30833,370,5,40419,1.137026,,
2026-06-19,SYN-META-02,Generated prospecting concept B,Meta Ads,development,29554,25667,308,5,36048,1.219733,,
2026-06-20,SYN-META-02,Generated prospecting concept B,Meta Ads,development,32164,27917,335,5,38633,1.201125,,
2026-06-21,SYN-META-02,Generated prospecting concept B,Meta Ads,development,38580,33500,402,7,51385,1.331908,,
2026-06-22,SYN-META-02,Generated prospecting concept B,Meta Ads,development,41588,36083,433,7,54315,1.306026,,
2026-06-23,SYN-META-02,Generated prospecting concept B,Meta Ads,development,41899,36333,436,8,59063,1.409652,,
2026-06-24,SYN-META-02,Generated prospecting concept B,Meta Ads,development,39985,34750,417,7,52169,1.304714,,
2026-06-25,SYN-META-02,Generated prospecting concept B,Meta Ads,development,35829,31083,373,6,46842,1.307377,,
2026-06-26,SYN-META-02,Generated prospecting concept B,Meta Ads,development,31255,27167,326,5,36010,1.152136,,
2026-06-27,SYN-META-02,Generated prospecting concept B,Meta Ads,development,36734,31917,383,6,44096,1.200414,,
2026-06-28,SYN-META-02,Generated prospecting concept B,Meta Ads,development,46234,40167,482,7,58043,1.255418,,
2026-06-29,SYN-META-02,Generated prospecting concept B,Meta Ads,development,45096,39167,470,8,61365,1.360764,,
2026-06-30,SYN-META-02,Generated prospecting concept B,Meta Ads,development,45142,39167,470,8,60275,1.335231,,
2026-07-01,SYN-META-02,Generated prospecting concept B,Meta Ads,development,44713,38833,466,8,60713,1.357838,,
2026-07-02,SYN-META-02,Generated prospecting concept B,Meta Ads,development,34717,30167,362,6,43672,1.257943,,
2026-07-03,SYN-META-02,Generated prospecting concept B,Meta Ads,development,36786,31917,383,6,45641,1.240717,,
2026-07-04,SYN-META-02,Generated prospecting concept B,Meta Ads,development,40009,34750,417,6,49467,1.236397,,
2026-07-05,SYN-META-02,Generated prospecting concept B,Meta Ads,development,46080,40000,480,8,60563,1.314301,,
2026-07-06,SYN-META-02,Generated prospecting concept B,Meta Ads,development,44562,38667,464,8,65805,1.476707,,
2026-07-07,SYN-META-02,Generated prospecting concept B,Meta Ads,development,47204,41000,492,8,66220,1.402847,,
2026-07-08,SYN-META-02,Generated prospecting concept B,Meta Ads,development,41726,36250,435,7,54196,1.298854,,
2026-07-09,SYN-META-02,Generated prospecting concept B,Meta Ads,development,36091,31333,376,6,44810,1.241584,,
2026-07-10,SYN-META-02,Generated prospecting concept B,Meta Ads,development,31389,27250,327,5,38087,1.213387,,
2026-07-11,SYN-META-02,Generated prospecting concept B,Meta Ads,development,32411,28167,338,5,37300,1.150844,,
2026-07-12,SYN-META-02,Generated prospecting concept B,Meta Ads,development,40648,35250,423,7,51932,1.277603,,
2026-07-13,SYN-META-02,Generated prospecting concept B,Meta Ads,development,38818,33667,404,6,46953,1.209568,,
2026-07-14,SYN-META-02,Generated prospecting concept B,Meta Ads,development,42557,36917,443,7,55623,1.307024,,
2026-07-15,SYN-META-02,Generated prospecting concept B,Meta Ads,development,36983,32083,385,6,46092,1.246302,,
2026-07-16,SYN-META-02,Generated prospecting concept B,Meta Ads,development,33833,29333,352,5,41334,1.221707,,
2026-07-17,SYN-META-02,Generated prospecting concept B,Meta Ads,development,31997,27750,333,4,35262,1.102041,,
2026-07-18,SYN-META-02,Generated prospecting concept B,Meta Ads,development,32580,28250,339,5,38025,1.167127,,
2026-07-19,SYN-META-02,Generated prospecting concept B,Meta Ads,development,35580,30917,371,6,45919,1.290585,,
2026-07-20,SYN-META-02,Generated prospecting concept B,Meta Ads,development,40452,35083,421,7,53249,1.31635,,
2026-07-21,SYN-META-02,Generated prospecting concept B,Meta Ads,development,40918,35500,426,7,54658,1.335794,,
2026-07-22,SYN-META-02,Generated prospecting concept B,Meta Ads,development,38596,33500,402,6,45882,1.188776,,
2026-07-23,SYN-META-02,Generated prospecting concept B,Meta Ads,development,32834,28500,342,5,41363,1.259761,,
2026-07-24,SYN-META-02,Generated prospecting concept B,Meta Ads,development,31258,27167,326,5,38651,1.236515,,
2026-07-25,SYN-META-02,Generated prospecting concept B,Meta Ads,development,35528,30833,370,6,43988,1.238122,,
2026-07-26,SYN-META-02,Generated prospecting concept B,Meta Ads,development,41169,35750,429,7,57342,1.392844,,
2026-07-27,SYN-META-02,Generated prospecting concept B,Meta Ads,development,45836,39750,477,8,62686,1.367615,,
2026-07-28,SYN-META-02,Generated prospecting concept B,Meta Ads,development,45164,39167,470,8,63662,1.409574,,
2026-07-29,SYN-META-02,Generated prospecting concept B,Meta Ads,development,41999,36417,437,7,56952,1.356032,,
2026-07-30,SYN-META-02,Generated prospecting concept B,Meta Ads,development,38898,33750,405,7,51458,1.322896,,
2026-07-31,SYN-META-02,Generated prospecting concept B,Meta Ads,development,35363,30667,368,6,45160,1.277041,,
2026-08-01,SYN-META-02,Generated prospecting concept B,Meta Ads,development,38855,33750,405,6,50945,1.311157,,
2026-08-02,SYN-META-02,Generated prospecting concept B,Meta Ads,holdout,41235,35833,430,7,57227,1.387826,1.280336,1.330699
2026-08-03,SYN-META-02,Generated prospecting concept B,Meta Ads,holdout,46791,40583,487,8,64591,1.380415,1.280336,1.376388
2026-08-04,SYN-META-02,Generated prospecting concept B,Meta Ads,holdout,45754,39750,477,8,63771,1.39378,1.280336,1.356558
2026-08-05,SYN-META-02,Generated prospecting concept B,Meta Ads,holdout,41245,35833,430,7,55504,1.345715,1.280336,1.306722
2026-08-06,SYN-META-02,Generated prospecting concept B,Meta Ads,holdout,39743,34500,414,6,47916,1.205646,1.280336,1.292755
2026-08-07,SYN-META-02,Generated prospecting concept B,Meta Ads,holdout,34585,30000,360,5,41241,1.192453,1.280336,1.243989
2026-08-08,SYN-META-02,Generated prospecting concept B,Meta Ads,holdout,34626,30083,361,5,41764,1.206146,1.280336,1.249016
2026-08-09,SYN-META-02,Generated prospecting concept B,Meta Ads,holdout,38206,33167,398,6,49152,1.2865,1.280336,1.285955
2026-08-10,SYN-META-02,Generated prospecting concept B,Meta Ads,holdout,42936,37250,447,7,58101,1.3532,1.280336,1.32672
2026-08-11,SYN-META-02,Generated prospecting concept B,Meta Ads,holdout,42479,36833,442,7,58125,1.368323,1.280336,1.313925
2026-08-12,SYN-META-02,Generated prospecting concept B,Meta Ads,holdout,36846,32000,384,6,48468,1.315421,1.280336,1.25269
2026-08-13,SYN-META-02,Generated prospecting concept B,Meta Ads,holdout,31682,27500,330,5,39031,1.231961,1.280336,1.19985
2026-08-14,SYN-META-02,Generated prospecting concept B,Meta Ads,holdout,27985,24333,292,4,34095,1.218331,1.280336,1.165412
2026-08-15,SYN-META-02,Generated prospecting concept B,Meta Ads,holdout,34760,30167,362,5,39347,1.131962,1.280336,1.250659
2026-08-16,SYN-META-02,Generated prospecting concept B,Meta Ads,holdout,36491,31667,380,6,46991,1.287742,1.280336,1.271214
2026-08-17,SYN-META-02,Generated prospecting concept B,Meta Ads,holdout,37791,32833,394,6,47110,1.246593,1.280336,1.28088
2026-08-18,SYN-META-02,Generated prospecting concept B,Meta Ads,holdout,42768,37167,446,7,57722,1.349654,1.280336,1.326039
2026-08-19,SYN-META-02,Generated prospecting concept B,Meta Ads,holdout,36803,31917,383,6,46988,1.276744,1.280336,1.263961
2026-08-20,SYN-META-02,Generated prospecting concept B,Meta Ads,holdout,31715,27500,330,5,38771,1.222481,1.280336,1.213954
2026-08-21,SYN-META-02,Generated prospecting concept B,Meta Ads,holdout,33591,29167,350,5,38039,1.132416,1.280336,1.245245
2026-08-22,SYN-META-02,Generated prospecting concept B,Meta Ads,holdout,35033,30417,365,5,42036,1.199897,1.280336,1.269622
2026-08-23,SYN-META-02,Generated prospecting concept B,Meta Ads,holdout,40118,34833,418,7,51450,1.282467,1.280336,1.325174
2026-08-24,SYN-META-02,Generated prospecting concept B,Meta Ads,holdout,45078,39167,470,8,61327,1.360464,1.280336,1.369608
2026-08-25,SYN-META-02,Generated prospecting concept B,Meta Ads,holdout,44561,38667,464,8,60251,1.352102,1.280336,1.358038
2026-08-26,SYN-META-02,Generated prospecting concept B,Meta Ads,holdout,39143,34000,408,7,54089,1.381831,1.280336,1.301228
2026-08-27,SYN-META-02,Generated prospecting concept B,Meta Ads,holdout,39765,34500,414,7,51570,1.296869,1.280336,1.311296
2026-08-28,SYN-META-02,Generated prospecting concept B,Meta Ads,holdout,35605,30917,371,6,46733,1.31254,1.280336,1.275132
2026-08-29,SYN-META-02,Generated prospecting concept B,Meta Ads,holdout,37583,32583,391,6,50247,1.336961,1.280336,1.301779
2026-08-30,SYN-META-02,Generated prospecting concept B,Meta Ads,holdout,43362,37667,452,7,58184,1.34182,1.280336,1.359307
2026-08-31,SYN-META-02,Generated prospecting concept B,Meta Ads,holdout,47896,41583,499,8,62263,1.299962,1.280336,1.394765
2026-01-04,SYN-META-03,Generated retargeting concept A,Meta Ads,development,39649,30462,396,7,59841,1.509269,,
2026-01-05,SYN-META-03,Generated retargeting concept A,Meta Ads,development,40040,30769,400,7,57434,1.434416,,
2026-01-06,SYN-META-03,Generated retargeting concept A,Meta Ads,development,38756,29846,388,7,58396,1.50676,,
2026-01-07,SYN-META-03,Generated retargeting concept A,Meta Ads,development,37435,28769,374,7,56089,1.498304,,
2026-01-08,SYN-META-03,Generated retargeting concept A,Meta Ads,development,31744,24385,317,6,44757,1.409936,,
2026-01-09,SYN-META-03,Generated retargeting concept A,Meta Ads,development,29194,22462,292,5,39903,1.366822,,
2026-01-10,SYN-META-03,Generated retargeting concept A,Meta Ads,development,31929,24538,319,6,46002,1.440759,,
2026-01-11,SYN-META-03,Generated retargeting concept A,Meta Ads,development,38213,29385,382,7,52730,1.379897,,
2026-01-12,SYN-META-03,Generated retargeting concept A,Meta Ads,development,38325,29462,383,7,56023,1.461787,,
2026-01-13,SYN-META-03,Generated retargeting concept A,Meta Ads,development,37252,28692,373,6,51049,1.370369,,
2026-01-14,SYN-META-03,Generated retargeting concept A,Meta Ads,development,30597,23538,306,5,43766,1.430402,,
2026-01-15,SYN-META-03,Generated retargeting concept A,Meta Ads,development,26314,20231,263,4,34370,1.306149,,
2026-01-16,SYN-META-03,Generated retargeting concept A,Meta Ads,development,25715,19769,257,4,32624,1.268676,,
2026-01-17,SYN-META-03,Generated retargeting concept A,Meta Ads,development,28422,21846,284,5,38790,1.364788,,
2026-01-18,SYN-META-03,Generated retargeting concept A,Meta Ads,development,33233,25538,332,6,46107,1.387386,,
2026-01-19,SYN-META-03,Generated retargeting concept A,Meta Ads,development,37714,29000,377,6,50771,1.346211,,
2026-01-20,SYN-META-03,Generated retargeting concept A,Meta Ads,development,34266,26385,343,6,49349,1.440174,,
2026-01-21,SYN-META-03,Generated retargeting concept A,Meta Ads,development,30341,23308,303,5,42299,1.39412,,
2026-01-22,SYN-META-03,Generated retargeting concept A,Meta Ads,development,26811,20615,268,4,34417,1.28369,,
2026-01-23,SYN-META-03,Generated retargeting concept A,Meta Ads,development,30409,23385,304,5,40454,1.33033,,
2026-01-24,SYN-META-03,Generated retargeting concept A,Meta Ads,development,33236,25538,332,6,45610,1.372307,,
2026-01-25,SYN-META-03,Generated retargeting concept A,Meta Ads,development,36234,27846,362,6,51868,1.431473,,
2026-01-26,SYN-META-03,Generated retargeting concept A,Meta Ads,development,39619,30462,396,7,57504,1.451425,,
2026-01-27,SYN-META-03,Generated retargeting concept A,Meta Ads,development,37493,28846,375,7,53680,1.431734,,
2026-01-28,SYN-META-03,Generated retargeting concept A,Meta Ads,development,35684,27462,357,6,50731,1.421674,,
2026-01-29,SYN-META-03,Generated retargeting concept A,Meta Ads,development,33283,25615,333,6,46992,1.411892,,
2026-01-30,SYN-META-03,Generated retargeting concept A,Meta Ads,development,31348,24077,313,5,43236,1.379227,,
2026-01-31,SYN-META-03,Generated retargeting concept A,Meta Ads,development,36312,27923,363,6,51302,1.412811,,
2026-02-01,SYN-META-03,Generated retargeting concept A,Meta Ads,development,38200,29385,382,7,57386,1.502251,,
2026-02-02,SYN-META-03,Generated retargeting concept A,Meta Ads,development,40856,31462,409,8,65971,1.61472,,
2026-02-03,SYN-META-03,Generated retargeting concept A,Meta Ads,development,38144,29308,381,7,56049,1.469405,,
2026-02-04,SYN-META-03,Generated retargeting concept A,Meta Ads,development,35557,27385,356,6,52363,1.47265,,
2026-02-05,SYN-META-03,Generated retargeting concept A,Meta Ads,development,33087,25462,331,6,45385,1.371687,,
2026-02-06,SYN-META-03,Generated retargeting concept A,Meta Ads,development,31836,24462,318,5,42730,1.342191,,
2026-02-07,SYN-META-03,Generated retargeting concept A,Meta Ads,development,30418,23385,304,5,43311,1.423861,,
2026-02-08,SYN-META-03,Generated retargeting concept A,Meta Ads,development,37886,29154,379,7,53962,1.424326,,
2026-02-09,SYN-META-03,Generated retargeting concept A,Meta Ads,development,40708,31308,407,8,60990,1.498231,,
2026-02-10,SYN-META-03,Generated retargeting concept A,Meta Ads,development,37623,28923,376,7,55245,1.468384,,
2026-02-11,SYN-META-03,Generated retargeting concept A,Meta Ads,development,31504,24231,315,5,43968,1.395632,,
2026-02-12,SYN-META-03,Generated retargeting concept A,Meta Ads,development,29651,22846,297,5,40153,1.354187,,
2026-02-13,SYN-META-03,Generated retargeting concept A,Meta Ads,development,25714,19769,257,4,33415,1.299487,,
2026-02-14,SYN-META-03,Generated retargeting concept A,Meta Ads,development,28023,21538,280,5,36608,1.306355,,
2026-02-15,SYN-META-03,Generated retargeting concept A,Meta Ads,development,33485,25769,335,6,46982,1.403076,,
2026-02-16,SYN-META-03,Generated retargeting concept A,Meta Ads,development,38884,29923,389,7,54055,1.39016,,
2026-02-17,SYN-META-03,Generated retargeting concept A,Meta Ads,development,33930,26077,339,6,47376,1.396286,,
2026-02-18,SYN-META-03,Generated retargeting concept A,Meta Ads,development,32924,25308,329,6,46431,1.410248,,
2026-02-19,SYN-META-03,Generated retargeting concept A,Meta Ads,development,28703,22077,287,5,37770,1.31589,,
2026-02-20,SYN-META-03,Generated retargeting concept A,Meta Ads,development,25807,19846,258,4,33721,1.306661,,
2026-02-21,SYN-META-03,Generated retargeting concept A,Meta Ads,development,32881,25308,329,6,45914,1.396369,,
2026-02-22,SYN-META-03,Generated retargeting concept A,Meta Ads,development,35163,27077,352,6,50916,1.447999,,
2026-02-23,SYN-META-03,Generated retargeting concept A,Meta Ads,development,36974,28462,370,7,53719,1.452886,,
2026-02-24,SYN-META-03,Generated retargeting concept A,Meta Ads,development,34094,26231,341,6,48631,1.42638,,
2026-02-25,SYN-META-03,Generated retargeting concept A,Meta Ads,development,33232,25538,332,5,44227,1.330856,,
2026-02-26,SYN-META-03,Generated retargeting concept A,Meta Ads,development,32054,24692,321,5,43539,1.358302,,
2026-02-27,SYN-META-03,Generated retargeting concept A,Meta Ads,development,32150,24769,322,5,40523,1.260435,,
2026-02-28,SYN-META-03,Generated retargeting concept A,Meta Ads,development,34238,26308,342,6,49339,1.44106,,
2026-03-01,SYN-META-03,Generated retargeting concept A,Meta Ads,development,39957,30769,400,7,57471,1.438321,,
2026-03-02,SYN-META-03,Generated retargeting concept A,Meta Ads,development,41160,31692,412,8,64349,1.563387,,
2026-03-03,SYN-META-03,Generated retargeting concept A,Meta Ads,development,41783,32154,418,8,65778,1.574277,,
2026-03-04,SYN-META-03,Generated retargeting concept A,Meta Ads,development,36877,28385,369,6,49948,1.354449,,
2026-03-05,SYN-META-03,Generated retargeting concept A,Meta Ads,development,32008,24615,320,6,46268,1.445514,,
2026-03-06,SYN-META-03,Generated retargeting concept A,Meta Ads,development,30901,23769,309,5,41538,1.344228,,
2026-03-07,SYN-META-03,Generated retargeting concept A,Meta Ads,development,31305,24077,313,5,44422,1.419007,,
2026-03-08,SYN-META-03,Generated retargeting concept A,Meta Ads,development,39286,30231,393,7,57669,1.467928,,
2026-03-09,SYN-META-03,Generated retargeting concept A,Meta Ads,development,37210,28615,372,7,56488,1.518087,,
2026-03-10,SYN-META-03,Generated retargeting concept A,Meta Ads,development,38214,29385,382,7,56748,1.485005,,
2026-03-11,SYN-META-03,Generated retargeting concept A,Meta Ads,development,31421,24154,314,6,44863,1.427803,,
2026-03-12,SYN-META-03,Generated retargeting concept A,Meta Ads,development,29363,22615,294,5,40970,1.395293,,
2026-03-13,SYN-META-03,Generated retargeting concept A,Meta Ads,development,27754,21385,278,5,37214,1.340852,,
2026-03-14,SYN-META-03,Generated retargeting concept A,Meta Ads,development,31139,23923,311,5,43835,1.40772,,
2026-03-15,SYN-META-03,Generated retargeting concept A,Meta Ads,development,34797,26769,348,6,48948,1.406673,,
2026-03-16,SYN-META-03,Generated retargeting concept A,Meta Ads,development,36048,27692,360,7,52795,1.464575,,
2026-03-17,SYN-META-03,Generated retargeting concept A,Meta Ads,development,31862,24538,319,5,43959,1.379669,,
2026-03-18,SYN-META-03,Generated retargeting concept A,Meta Ads,development,29168,22462,292,5,36869,1.264022,,
2026-03-19,SYN-META-03,Generated retargeting concept A,Meta Ads,development,27176,20923,272,4,35544,1.307919,,
2026-03-20,SYN-META-03,Generated retargeting concept A,Meta Ads,development,26534,20385,265,4,33920,1.27836,,
2026-03-21,SYN-META-03,Generated retargeting concept A,Meta Ads,development,29370,22615,294,5,37450,1.275111,,
2026-03-22,SYN-META-03,Generated retargeting concept A,Meta Ads,development,34694,26692,347,6,49793,1.435205,,
2026-03-23,SYN-META-03,Generated retargeting concept A,Meta Ads,development,38967,30000,390,7,58587,1.503503,,
2026-03-24,SYN-META-03,Generated retargeting concept A,Meta Ads,development,34957,26923,350,6,50083,1.432703,,
2026-03-25,SYN-META-03,Generated retargeting concept A,Meta Ads,development,32991,25385,330,6,47503,1.439878,,
2026-03-26,SYN-META-03,Generated retargeting concept A,Meta Ads,development,30539,23462,305,5,41974,1.374439,,
2026-03-27,SYN-META-03,Generated retargeting concept A,Meta Ads,development,28662,22077,287,5,41479,1.447177,,
2026-03-28,SYN-META-03,Generated retargeting concept A,Meta Ads,development,35094,27000,351,6,48743,1.388927,,
2026-03-29,SYN-META-03,Generated retargeting concept A,Meta Ads,development,40186,30923,402,8,63269,1.574404,,
2026-03-30,SYN-META-03,Generated retargeting concept A,Meta Ads,development,39998,30769,400,8,61289,1.532302,,
2026-03-31,SYN-META-03,Generated retargeting concept A,Meta Ads,development,41095,31615,411,8,61341,1.492663,,
2026-04-01,SYN-META-03,Generated retargeting concept A,Meta Ads,development,37343,28692,373,7,53991,1.445813,,
2026-04-02,SYN-META-03,Generated retargeting concept A,Meta Ads,development,33287,25615,333,6,44869,1.347944,,
2026-04-03,SYN-META-03,Generated retargeting concept A,Meta Ads,development,33742,25923,337,6,48299,1.431421,,
2026-04-04,SYN-META-03,Generated retargeting concept A,Meta Ads,development,34857,26846,349,6,50790,1.457096,,
2026-04-05,SYN-META-03,Generated retargeting concept A,Meta Ads,development,38386,29538,384,7,57016,1.485333,,
2026-04-06,SYN-META-03,Generated retargeting concept A,Meta Ads,development,41000,31538,410,8,65811,1.605146,,
2026-04-07,SYN-META-03,Generated retargeting concept A,Meta Ads,development,42418,32615,424,8,66938,1.578056,,
2026-04-08,SYN-META-03,Generated retargeting concept A,Meta Ads,development,39867,30692,399,7,55909,1.402388,,
2026-04-09,SYN-META-03,Generated retargeting concept A,Meta Ads,development,28923,22231,289,5,40176,1.389068,,
2026-04-10,SYN-META-03,Generated retargeting concept A,Meta Ads,development,30949,23769,309,5,41261,1.333193,,
2026-04-11,SYN-META-03,Generated retargeting concept A,Meta Ads,development,31557,24308,316,6,44736,1.417625,,
2026-04-12,SYN-META-03,Generated retargeting concept A,Meta Ads,development,32539,25000,325,6,47992,1.474907,,
2026-04-13,SYN-META-03,Generated retargeting concept A,Meta Ads,development,36970,28462,370,7,53780,1.454693,,
2026-04-14,SYN-META-03,Generated retargeting concept A,Meta Ads,development,33894,26077,339,6,49798,1.469228,,
2026-04-15,SYN-META-03,Generated retargeting concept A,Meta Ads,development,32071,24692,321,5,43636,1.360606,,
2026-04-16,SYN-META-03,Generated retargeting concept A,Meta Ads,development,25046,19231,250,4,34214,1.366046,,
2026-04-17,SYN-META-03,Generated retargeting concept A,Meta Ads,development,28796,22154,288,5,38939,1.352236,,
2026-04-18,SYN-META-03,Generated retargeting concept A,Meta Ads,development,29372,22615,294,5,40881,1.391836,,
2026-04-19,SYN-META-03,Generated retargeting concept A,Meta Ads,development,34186,26308,342,6,48937,1.431492,,
2026-04-20,SYN-META-03,Generated retargeting concept A,Meta Ads,development,34784,26769,348,6,51649,1.484849,,
2026-04-21,SYN-META-03,Generated retargeting concept A,Meta Ads,development,34837,26769,348,6,50141,1.439303,,
2026-04-22,SYN-META-03,Generated retargeting concept A,Meta Ads,development,34429,26462,344,6,51489,1.495513,,
2026-04-23,SYN-META-03,Generated retargeting concept A,Meta Ads,development,27584,21231,276,5,36507,1.323485,,
2026-04-24,SYN-META-03,Generated retargeting concept A,Meta Ads,development,30288,23308,303,5,39841,1.315405,,
2026-04-25,SYN-META-03,Generated retargeting concept A,Meta Ads,development,34010,26154,340,6,48861,1.436666,,
2026-04-26,SYN-META-03,Generated retargeting concept A,Meta Ads,development,35700,27462,357,6,51688,1.447843,,
2026-04-27,SYN-META-03,Generated retargeting concept A,Meta Ads,development,40324,31000,403,8,65356,1.620772,,
2026-04-28,SYN-META-03,Generated retargeting concept A,Meta Ads,development,38468,29615,385,7,55347,1.43878,,
2026-04-29,SYN-META-03,Generated retargeting concept A,Meta Ads,development,36030,27692,360,6,51940,1.441576,,
2026-04-30,SYN-META-03,Generated retargeting concept A,Meta Ads,development,33938,26077,339,6,50990,1.502446,,
2026-05-01,SYN-META-03,Generated retargeting concept A,Meta Ads,development,33042,25385,330,6,46886,1.418982,,
2026-05-02,SYN-META-03,Generated retargeting concept A,Meta Ads,development,36723,28231,367,7,54847,1.493533,,
2026-05-03,SYN-META-03,Generated retargeting concept A,Meta Ads,development,40848,31385,408,8,64188,1.571387,,
2026-05-04,SYN-META-03,Generated retargeting concept A,Meta Ads,development,41292,31769,413,8,60792,1.472246,,
2026-05-05,SYN-META-03,Generated retargeting concept A,Meta Ads,development,42316,32538,423,8,64792,1.531147,,
2026-05-06,SYN-META-03,Generated retargeting concept A,Meta Ads,development,36360,28000,364,7,55720,1.532453,,
2026-05-07,SYN-META-03,Generated retargeting concept A,Meta Ads,development,31556,24308,316,5,43354,1.373875,,
2026-05-08,SYN-META-03,Generated retargeting concept A,Meta Ads,development,30812,23692,308,5,41336,1.341555,,
2026-05-09,SYN-META-03,Generated retargeting concept A,Meta Ads,development,35381,27231,354,6,48994,1.384755,,
2026-05-10,SYN-META-03,Generated retargeting concept A,Meta Ads,development,34713,26692,347,6,51417,1.481203,,
2026-05-11,SYN-META-03,Generated retargeting concept A,Meta Ads,development,39539,30385,395,8,62062,1.56964,,
2026-05-12,SYN-META-03,Generated retargeting concept A,Meta Ads,development,34477,26538,345,6,51352,1.489457,,
2026-05-13,SYN-META-03,Generated retargeting concept A,Meta Ads,development,29484,22692,295,5,43354,1.470425,,
2026-05-14,SYN-META-03,Generated retargeting concept A,Meta Ads,development,29152,22462,292,5,36932,1.266877,,
2026-05-15,SYN-META-03,Generated retargeting concept A,Meta Ads,development,29799,22923,298,4,36355,1.220007,,
2026-05-16,SYN-META-03,Generated retargeting concept A,Meta Ads,development,26479,20385,265,4,35732,1.349447,,
2026-05-17,SYN-META-03,Generated retargeting concept A,Meta Ads,development,33395,25692,334,6,48152,1.441892,,
2026-05-18,SYN-META-03,Generated retargeting concept A,Meta Ads,development,36861,28385,369,7,56985,1.545943,,
2026-05-19,SYN-META-03,Generated retargeting concept A,Meta Ads,development,35797,27538,358,6,52061,1.45434,,
2026-05-20,SYN-META-03,Generated retargeting concept A,Meta Ads,development,28214,21692,282,5,39256,1.391366,,
2026-05-21,SYN-META-03,Generated retargeting concept A,Meta Ads,development,26714,20538,267,5,36730,1.374934,,
2026-05-22,SYN-META-03,Generated retargeting concept A,Meta Ads,development,27740,21308,277,5,37964,1.368565,,
2026-05-23,SYN-META-03,Generated retargeting concept A,Meta Ads,development,31615,24308,316,5,44244,1.399462,,
2026-05-24,SYN-META-03,Generated retargeting concept A,Meta Ads,development,37403,28769,374,7,56659,1.514825,,
2026-05-25,SYN-META-03,Generated retargeting concept A,Meta Ads,development,39008,30000,390,7,58890,1.50969,,
2026-05-26,SYN-META-03,Generated retargeting concept A,Meta Ads,development,38570,29692,386,7,56978,1.477262,,
2026-05-27,SYN-META-03,Generated retargeting concept A,Meta Ads,development,35568,27385,356,6,51542,1.449112,,
2026-05-28,SYN-META-03,Generated retargeting concept A,Meta Ads,development,29412,22615,294,5,41717,1.418367,,
2026-05-29,SYN-META-03,Generated retargeting concept A,Meta Ads,development,32632,25077,326,6,46719,1.431693,,
2026-05-30,SYN-META-03,Generated retargeting concept A,Meta Ads,development,34275,26385,343,6,48365,1.411087,,
2026-05-31,SYN-META-03,Generated retargeting concept A,Meta Ads,development,40764,31385,408,8,65327,1.602566,,
2026-06-01,SYN-META-03,Generated retargeting concept A,Meta Ads,development,42376,32615,424,8,68047,1.605791,,
2026-06-02,SYN-META-03,Generated retargeting concept A,Meta Ads,development,40041,30769,400,8,61163,1.527509,,
2026-06-03,SYN-META-03,Generated retargeting concept A,Meta Ads,development,35031,26923,350,7,54046,1.542805,,
2026-06-04,SYN-META-03,Generated retargeting concept A,Meta Ads,development,31961,24615,320,6,48209,1.50837,,
2026-06-05,SYN-META-03,Generated retargeting concept A,Meta Ads,development,31634,24308,316,6,45922,1.451666,,
2026-06-06,SYN-META-03,Generated retargeting concept A,Meta Ads,development,34715,26692,347,6,47477,1.367622,,
2026-06-07,SYN-META-03,Generated retargeting concept A,Meta Ads,development,38761,29846,388,8,61116,1.57674,,
2026-06-08,SYN-META-03,Generated retargeting concept A,Meta Ads,development,38811,29846,388,8,60893,1.568962,,
2026-06-09,SYN-META-03,Generated retargeting concept A,Meta Ads,development,35986,27692,360,7,55203,1.534013,,
2026-06-10,SYN-META-03,Generated retargeting concept A,Meta Ads,development,34103,26231,341,6,47799,1.401607,,
2026-06-11,SYN-META-03,Generated retargeting concept A,Meta Ads,development,26675,20538,267,5,37630,1.410684,,
2026-06-12,SYN-META-03,Generated retargeting concept A,Meta Ads,development,30037,23077,300,5,39307,1.308619,,
2026-06-13,SYN-META-03,Generated retargeting concept A,Meta Ads,development,30952,23846,310,5,42500,1.373094,,
2026-06-14,SYN-META-03,Generated retargeting concept A,Meta Ads,development,34676,26692,347,6,52354,1.509805,,
2026-06-15,SYN-META-03,Generated retargeting concept A,Meta Ads,development,35431,27231,354,6,52155,1.472016,,
2026-06-16,SYN-META-03,Generated retargeting concept A,Meta Ads,development,33025,25385,330,6,47265,1.431188,,
2026-06-17,SYN-META-03,Generated retargeting concept A,Meta Ads,development,29571,22769,296,5,40781,1.379088,,
2026-06-18,SYN-META-03,Generated retargeting concept A,Meta Ads,development,25486,19615,255,4,36314,1.424861,,
2026-06-19,SYN-META-03,Generated retargeting concept A,Meta Ads,development,30061,23154,301,5,40052,1.332358,,
2026-06-20,SYN-META-03,Generated retargeting concept A,Meta Ads,development,32632,25077,326,6,46081,1.412141,,
2026-06-21,SYN-META-03,Generated retargeting concept A,Meta Ads,development,33977,26154,340,6,47787,1.406451,,
2026-06-22,SYN-META-03,Generated retargeting concept A,Meta Ads,development,36538,28077,365,7,54308,1.486343,,
2026-06-23,SYN-META-03,Generated retargeting concept A,Meta Ads,development,35455,27308,355,6,52352,1.476576,,
2026-06-24,SYN-META-03,Generated retargeting concept A,Meta Ads,development,32371,24923,324,6,47374,1.46347,,
2026-06-25,SYN-META-03,Generated retargeting concept A,Meta Ads,development,31254,24077,313,5,42243,1.351603,,
2026-06-26,SYN-META-03,Generated retargeting concept A,Meta Ads,development,28343,21769,283,5,40585,1.431923,,
2026-06-27,SYN-META-03,Generated retargeting concept A,Meta Ads,development,35569,27385,356,7,53192,1.49546,,
2026-06-28,SYN-META-03,Generated retargeting concept A,Meta Ads,development,41844,32154,418,8,67771,1.619611,,
2026-06-29,SYN-META-03,Generated retargeting concept A,Meta Ads,development,41799,32154,418,8,64809,1.550492,,
2026-06-30,SYN-META-03,Generated retargeting concept A,Meta Ads,development,36689,28231,367,7,54960,1.497997,,
2026-07-01,SYN-META-03,Generated retargeting concept A,Meta Ads,development,37249,28615,372,7,56177,1.508148,,
2026-07-02,SYN-META-03,Generated retargeting concept A,Meta Ads,development,29474,22692,295,5,42156,1.430278,,
2026-07-03,SYN-META-03,Generated retargeting concept A,Meta Ads,development,33689,25923,337,6,44890,1.332482,,
2026-07-04,SYN-META-03,Generated retargeting concept A,Meta Ads,development,34612,26615,346,6,48660,1.405871,,
2026-07-05,SYN-META-03,Generated retargeting concept A,Meta Ads,development,37684,29000,377,7,58212,1.54474,,
2026-07-06,SYN-META-03,Generated retargeting concept A,Meta Ads,development,38505,29615,385,7,57069,1.482119,,
2026-07-07,SYN-META-03,Generated retargeting concept A,Meta Ads,development,38427,29538,384,7,56054,1.458714,,
2026-07-08,SYN-META-03,Generated retargeting concept A,Meta Ads,development,34506,26538,345,6,46628,1.351301,,
2026-07-09,SYN-META-03,Generated retargeting concept A,Meta Ads,development,30326,23308,303,5,42140,1.389567,,
2026-07-10,SYN-META-03,Generated retargeting concept A,Meta Ads,development,27177,20923,272,5,38022,1.399051,,
2026-07-11,SYN-META-03,Generated retargeting concept A,Meta Ads,development,31295,24077,313,6,47302,1.511487,,
2026-07-12,SYN-META-03,Generated retargeting concept A,Meta Ads,development,36404,28000,364,7,55165,1.515355,,
2026-07-13,SYN-META-03,Generated retargeting concept A,Meta Ads,development,35995,27692,360,6,52195,1.450063,,
2026-07-14,SYN-META-03,Generated retargeting concept A,Meta Ads,development,35583,27385,356,7,53048,1.490824,,
2026-07-15,SYN-META-03,Generated retargeting concept A,Meta Ads,development,31081,23923,311,5,42883,1.379718,,
2026-07-16,SYN-META-03,Generated retargeting concept A,Meta Ads,development,26259,20231,263,4,33278,1.267299,,
2026-07-17,SYN-META-03,Generated retargeting concept A,Meta Ads,development,26220,20154,262,4,35568,1.356522,,
2026-07-18,SYN-META-03,Generated retargeting concept A,Meta Ads,development,31825,24462,318,5,43755,1.374863,,
2026-07-19,SYN-META-03,Generated retargeting concept A,Meta Ads,development,34092,26231,341,6,48926,1.435117,,
2026-07-20,SYN-META-03,Generated retargeting concept A,Meta Ads,development,36348,27923,363,7,54036,1.486629,,
2026-07-21,SYN-META-03,Generated retargeting concept A,Meta Ads,development,34827,26769,348,7,52999,1.521779,,
2026-07-22,SYN-META-03,Generated retargeting concept A,Meta Ads,development,31734,24385,317,5,42314,1.333396,,
2026-07-23,SYN-META-03,Generated retargeting concept A,Meta Ads,development,30316,23308,303,5,40259,1.327979,,
2026-07-24,SYN-META-03,Generated retargeting concept A,Meta Ads,development,30755,23692,308,6,44886,1.45947,,
2026-07-25,SYN-META-03,Generated retargeting concept A,Meta Ads,development,31236,24000,312,6,45631,1.460846,,
2026-07-26,SYN-META-03,Generated retargeting concept A,Meta Ads,development,36048,27692,360,7,54352,1.507767,,
2026-07-27,SYN-META-03,Generated retargeting concept A,Meta Ads,development,40758,31385,408,8,63185,1.550248,,
2026-07-28,SYN-META-03,Generated retargeting concept A,Meta Ads,development,36573,28154,366,7,59999,1.640527,,
2026-07-29,SYN-META-03,Generated retargeting concept A,Meta Ads,development,35825,27538,358,7,53340,1.488904,,
2026-07-30,SYN-META-03,Generated retargeting concept A,Meta Ads,development,32388,24923,324,6,44574,1.37625,,
2026-07-31,SYN-META-03,Generated retargeting concept A,Meta Ads,development,33196,25538,332,6,48259,1.453759,,
2026-08-01,SYN-META-03,Generated retargeting concept A,Meta Ads,development,35723,27462,357,7,55370,1.549982,,
2026-08-02,SYN-META-03,Generated retargeting concept A,Meta Ads,holdout,41434,31846,414,8,64019,1.545084,1.443421,1.538395
2026-08-03,SYN-META-03,Generated retargeting concept A,Meta Ads,holdout,42156,32462,422,8,66467,1.576691,1.443421,1.537298
2026-08-04,SYN-META-03,Generated retargeting concept A,Meta Ads,holdout,38230,29385,382,7,56886,1.487994,1.443421,1.487316
2026-08-05,SYN-META-03,Generated retargeting concept A,Meta Ads,holdout,37018,28462,370,7,55887,1.509725,1.443421,1.468817
2026-08-06,SYN-META-03,Generated retargeting concept A,Meta Ads,holdout,27437,21077,274,5,39835,1.451872,1.443421,1.361665
2026-08-07,SYN-META-03,Generated retargeting concept A,Meta Ads,holdout,29366,22615,294,5,42319,1.441088,1.443421,1.390487
2026-08-08,SYN-META-03,Generated retargeting concept A,Meta Ads,holdout,33472,25769,335,6,46550,1.390715,1.443421,1.441997
2026-08-09,SYN-META-03,Generated retargeting concept A,Meta Ads,holdout,35425,27231,354,7,53043,1.497332,1.443421,1.462105
2026-08-10,SYN-META-03,Generated retargeting concept A,Meta Ads,holdout,36820,28308,368,7,54562,1.481858,1.443421,1.469903
2026-08-11,SYN-META-03,Generated retargeting concept A,Meta Ads,holdout,37236,28615,372,7,52932,1.421528,1.443421,1.466025
2026-08-12,SYN-META-03,Generated retargeting concept A,Meta Ads,holdout,31282,24077,313,5,42778,1.367496,1.443421,1.397052
2026-08-13,SYN-META-03,Generated retargeting concept A,Meta Ads,holdout,27466,21154,275,5,37921,1.380652,1.443421,1.356081
2026-08-14,SYN-META-03,Generated retargeting concept A,Meta Ads,holdout,28065,21615,281,5,38568,1.374238,1.443421,1.372071
2026-08-15,SYN-META-03,Generated retargeting concept A,Meta Ads,holdout,27343,21000,273,5,39729,1.452986,1.443421,1.371089
2026-08-16,SYN-META-03,Generated retargeting concept A,Meta Ads,holdout,36411,28000,364,7,55149,1.514625,1.443421,1.476059
2026-08-17,SYN-META-03,Generated retargeting concept A,Meta Ads,holdout,37001,28462,370,7,54592,1.47542,1.443421,1.47825
2026-08-18,SYN-META-03,Generated retargeting concept A,Meta Ads,holdout,34992,26923,350,6,51656,1.476223,1.443421,1.451222
2026-08-19,SYN-META-03,Generated retargeting concept A,Meta Ads,holdout,29561,22769,296,5,40018,1.353743,1.443421,1.388835
2026-08-20,SYN-META-03,Generated retargeting concept A,Meta Ads,holdout,30630,23538,306,5,40439,1.320242,1.443421,1.407212
2026-08-21,SYN-META-03,Generated retargeting concept A,Meta Ads,holdout,27728,21308,277,5,37154,1.339945,1.443421,1.38319
2026-08-22,SYN-META-03,Generated retargeting concept A,Meta Ads,holdout,30595,23538,306,6,44644,1.459193,1.443421,1.425566
2026-08-23,SYN-META-03,Generated retargeting concept A,Meta Ads,holdout,38078,29308,381,7,53962,1.417144,1.443421,1.509824
2026-08-24,SYN-META-03,Generated retargeting concept A,Meta Ads,holdout,36909,28385,369,7,57843,1.567179,1.443421,1.492926
2026-08-25,SYN-META-03,Generated retargeting concept A,Meta Ads,holdout,38499,29615,385,7,59520,1.546014,1.443421,1.50303
2026-08-26,SYN-META-03,Generated retargeting concept A,Meta Ads,holdout,36712,28231,367,7,54731,1.49082,1.443421,1.481467
2026-08-27,SYN-META-03,Generated retargeting concept A,Meta Ads,holdout,31626,24308,316,6,44657,1.412034,1.443421,1.429162
2026-08-28,SYN-META-03,Generated retargeting concept A,Meta Ads,holdout,34123,26231,341,6,48311,1.41579,1.443421,1.464676
2026-08-29,SYN-META-03,Generated retargeting concept A,Meta Ads,holdout,32155,24769,322,6,48261,1.500886,1.443421,1.448286
2026-08-30,SYN-META-03,Generated retargeting concept A,Meta Ads,holdout,37471,28846,375,7,59048,1.575832,1.443421,1.505195
2026-08-31,SYN-META-03,Generated retargeting concept A,Meta Ads,holdout,42955,33077,430,8,65959,1.535537,1.443421,1.553248
2026-01-04,SYN-META-04,Generated retargeting concept B,Meta Ads,development,35828,24571,344,8,64222,1.792509,,
2026-01-05,SYN-META-04,Generated retargeting concept B,Meta Ads,development,38296,26286,368,9,65019,1.697801,,
2026-01-06,SYN-META-04,Generated retargeting concept B,Meta Ads,development,33680,23143,324,7,56784,1.685986,,
2026-01-07,SYN-META-04,Generated retargeting concept B,Meta Ads,development,28990,19929,279,6,46189,1.593274,,
2026-01-08,SYN-META-04,Generated retargeting concept B,Meta Ads,development,25285,17357,243,5,39923,1.57892,,
2026-01-09,SYN-META-04,Generated retargeting concept B,Meta Ads,development,25403,17429,244,5,39998,1.574538,,
2026-01-10,SYN-META-04,Generated retargeting concept B,Meta Ads,development,27620,19000,266,6,45924,1.662708,,
2026-01-11,SYN-META-04,Generated retargeting concept B,Meta Ads,development,33671,23143,324,7,54764,1.626444,,
2026-01-12,SYN-META-04,Generated retargeting concept B,Meta Ads,development,31568,21714,304,7,52687,1.669,,
2026-01-13,SYN-META-04,Generated retargeting concept B,Meta Ads,development,29252,20071,281,6,48190,1.647409,,
2026-01-14,SYN-META-04,Generated retargeting concept B,Meta Ads,development,25383,17429,244,5,38596,1.520545,,
2026-01-15,SYN-META-04,Generated retargeting concept B,Meta Ads,development,24370,16714,234,5,35651,1.462905,,
2026-01-16,SYN-META-04,Generated retargeting concept B,Meta Ads,development,25589,17571,246,5,41098,1.606081,,
2026-01-17,SYN-META-04,Generated retargeting concept B,Meta Ads,development,27880,19143,268,6,44218,1.586011,,
2026-01-18,SYN-META-04,Generated retargeting concept B,Meta Ads,development,27556,18929,265,6,46188,1.67615,,
2026-01-19,SYN-META-04,Generated retargeting concept B,Meta Ads,development,32840,22571,316,7,53801,1.638276,,
2026-01-20,SYN-META-04,Generated retargeting concept B,Meta Ads,development,30076,20643,289,6,48345,1.607428,,
2026-01-21,SYN-META-04,Generated retargeting concept B,Meta Ads,development,28562,19643,275,6,45563,1.595231,,
2026-01-22,SYN-META-04,Generated retargeting concept B,Meta Ads,development,24050,16500,231,5,37735,1.569023,,
2026-01-23,SYN-META-04,Generated retargeting concept B,Meta Ads,development,27311,18786,263,6,42888,1.570356,,
2026-01-24,SYN-META-04,Generated retargeting concept B,Meta Ads,development,28123,19286,270,6,47644,1.694129,,
2026-01-25,SYN-META-04,Generated retargeting concept B,Meta Ads,development,32351,22214,311,8,57026,1.762728,,
2026-01-26,SYN-META-04,Generated retargeting concept B,Meta Ads,development,36885,25357,355,9,67134,1.820089,,
2026-01-27,SYN-META-04,Generated retargeting concept B,Meta Ads,development,33474,23000,322,7,56799,1.696809,,
2026-01-28,SYN-META-04,Generated retargeting concept B,Meta Ads,development,29819,20500,287,7,50606,1.697106,,
2026-01-29,SYN-META-04,Generated retargeting concept B,Meta Ads,development,27621,19000,266,6,46119,1.669708,,
2026-01-30,SYN-META-04,Generated retargeting concept B,Meta Ads,development,28413,19500,273,6,47322,1.665505,,
2026-01-31,SYN-META-04,Generated retargeting concept B,Meta Ads,development,33693,23143,324,7,53697,1.593714,,
2026-02-01,SYN-META-04,Generated retargeting concept B,Meta Ads,development,38346,26357,369,9,65552,1.709487,,
2026-02-02,SYN-META-04,Generated retargeting concept B,Meta Ads,development,36282,24929,349,9,64875,1.788077,,
2026-02-03,SYN-META-04,Generated retargeting concept B,Meta Ads,development,32805,22500,315,7,55567,1.693858,,
2026-02-04,SYN-META-04,Generated retargeting concept B,Meta Ads,development,30625,21000,294,7,52004,1.69809,,
2026-02-05,SYN-META-04,Generated retargeting concept B,Meta Ads,development,28210,19357,271,6,45139,1.600106,,
2026-02-06,SYN-META-04,Generated retargeting concept B,Meta Ads,development,25800,17714,248,6,42825,1.659884,,
2026-02-07,SYN-META-04,Generated retargeting concept B,Meta Ads,development,31458,21571,302,7,52033,1.654047,,
2026-02-08,SYN-META-04,Generated retargeting concept B,Meta Ads,development,32531,22357,313,7,54169,1.66515,,
2026-02-09,SYN-META-04,Generated retargeting concept B,Meta Ads,development,33627,23071,323,8,57307,1.704196,,
2026-02-10,SYN-META-04,Generated retargeting concept B,Meta Ads,development,32675,22429,314,7,54032,1.653619,,
2026-02-11,SYN-META-04,Generated retargeting concept B,Meta Ads,development,25897,17786,249,6,43743,1.689115,,
2026-02-12,SYN-META-04,Generated retargeting concept B,Meta Ads,development,24790,17000,238,5,36485,1.471763,,
2026-02-13,SYN-META-04,Generated retargeting concept B,Meta Ads,development,23837,16357,229,5,35216,1.477367,,
2026-02-14,SYN-META-04,Generated retargeting concept B,Meta Ads,development,27490,18857,264,6,44221,1.608621,,
2026-02-15,SYN-META-04,Generated retargeting concept B,Meta Ads,development,34576,23714,332,8,59101,1.709307,,
2026-02-16,SYN-META-04,Generated retargeting concept B,Meta Ads,development,33320,22857,320,7,56588,1.698319,,
2026-02-17,SYN-META-04,Generated retargeting concept B,Meta Ads,development,31264,21500,301,7,51778,1.656154,,
2026-02-18,SYN-META-04,Generated retargeting concept B,Meta Ads,development,25709,17643,247,5,41578,1.617255,,
2026-02-19,SYN-META-04,Generated retargeting concept B,Meta Ads,development,24915,17143,240,5,38295,1.537026,,
2026-02-20,SYN-META-04,Generated retargeting concept B,Meta Ads,development,25479,17500,245,5,39690,1.557753,,
2026-02-21,SYN-META-04,Generated retargeting concept B,Meta Ads,development,27834,19143,268,6,46109,1.656571,,
2026-02-22,SYN-META-04,Generated retargeting concept B,Meta Ads,development,34093,23429,328,8,57642,1.690728,,
2026-02-23,SYN-META-04,Generated retargeting concept B,Meta Ads,development,33114,22714,318,7,55936,1.689195,,
2026-02-24,SYN-META-04,Generated retargeting concept B,Meta Ads,development,33785,23214,325,8,58356,1.727275,,
2026-02-25,SYN-META-04,Generated retargeting concept B,Meta Ads,development,31702,21786,305,6,48336,1.524699,,
2026-02-26,SYN-META-04,Generated retargeting concept B,Meta Ads,development,26594,18286,256,6,44517,1.673949,,
2026-02-27,SYN-META-04,Generated retargeting concept B,Meta Ads,development,30311,20786,291,6,47825,1.57781,,
2026-02-28,SYN-META-04,Generated retargeting concept B,Meta Ads,development,30545,21000,294,7,51379,1.682076,,
2026-03-01,SYN-META-04,Generated retargeting concept B,Meta Ads,development,33431,22929,321,8,60571,1.811821,,
2026-03-02,SYN-META-04,Generated retargeting concept B,Meta Ads,development,36956,25357,355,8,64560,1.746942,,
2026-03-03,SYN-META-04,Generated retargeting concept B,Meta Ads,development,35193,24143,338,8,62714,1.782002,,
2026-03-04,SYN-META-04,Generated retargeting concept B,Meta Ads,development,29665,20357,285,7,50217,1.692803,,
2026-03-05,SYN-META-04,Generated retargeting concept B,Meta Ads,development,28656,19714,276,7,49926,1.742253,,
2026-03-06,SYN-META-04,Generated retargeting concept B,Meta Ads,development,30593,21000,294,7,50491,1.65041,,
2026-03-07,SYN-META-04,Generated retargeting concept B,Meta Ads,development,32900,22571,316,8,57099,1.735532,,
2026-03-08,SYN-META-04,Generated retargeting concept B,Meta Ads,development,33797,23214,325,8,61115,1.808297,,
2026-03-09,SYN-META-04,Generated retargeting concept B,Meta Ads,development,35046,24071,337,8,62599,1.786195,,
2026-03-10,SYN-META-04,Generated retargeting concept B,Meta Ads,development,31728,21786,305,7,54378,1.71388,,
2026-03-11,SYN-META-04,Generated retargeting concept B,Meta Ads,development,30579,21000,294,7,50096,1.638248,,
2026-03-12,SYN-META-04,Generated retargeting concept B,Meta Ads,development,23218,15929,223,5,36320,1.564304,,
2026-03-13,SYN-META-04,Generated retargeting concept B,Meta Ads,development,26767,18357,257,5,39521,1.476482,,
2026-03-14,SYN-META-04,Generated retargeting concept B,Meta Ads,development,27247,18714,262,6,45367,1.665027,,
2026-03-15,SYN-META-04,Generated retargeting concept B,Meta Ads,development,30969,21286,298,7,51283,1.655946,,
2026-03-16,SYN-META-04,Generated retargeting concept B,Meta Ads,development,33430,22929,321,7,56846,1.700449,,
2026-03-17,SYN-META-04,Generated retargeting concept B,Meta Ads,development,30484,20929,293,7,50675,1.662347,,
2026-03-18,SYN-META-04,Generated retargeting concept B,Meta Ads,development,23658,16214,227,5,37741,1.595274,,
2026-03-19,SYN-META-04,Generated retargeting concept B,Meta Ads,development,23797,16357,229,5,38333,1.610833,,
2026-03-20,SYN-META-04,Generated retargeting concept B,Meta Ads,development,24294,16714,234,5,39118,1.610192,,
2026-03-21,SYN-META-04,Generated retargeting concept B,Meta Ads,development,27291,18714,262,6,44161,1.618153,,
2026-03-22,SYN-META-04,Generated retargeting concept B,Meta Ads,development,33631,23071,323,8,58416,1.736969,,
2026-03-23,SYN-META-04,Generated retargeting concept B,Meta Ads,development,32072,22000,308,7,52499,1.636911,,
2026-03-24,SYN-META-04,Generated retargeting concept B,Meta Ads,development,30065,20643,289,7,50319,1.673674,,
2026-03-25,SYN-META-04,Generated retargeting concept B,Meta Ads,development,28109,19286,270,6,46568,1.656694,,
2026-03-26,SYN-META-04,Generated retargeting concept B,Meta Ads,development,27223,18714,262,6,43730,1.606362,,
2026-03-27,SYN-META-04,Generated retargeting concept B,Meta Ads,development,29313,20143,282,6,48662,1.660083,,
2026-03-28,SYN-META-04,Generated retargeting concept B,Meta Ads,development,30447,20929,293,7,51816,1.701843,,
2026-03-29,SYN-META-04,Generated retargeting concept B,Meta Ads,development,35637,24500,343,8,62422,1.751606,,
2026-03-30,SYN-META-04,Generated retargeting concept B,Meta Ads,development,34730,23857,334,8,61115,1.759718,,
2026-03-31,SYN-META-04,Generated retargeting concept B,Meta Ads,development,34153,23429,328,8,58248,1.705502,,
2026-04-01,SYN-META-04,Generated retargeting concept B,Meta Ads,development,31455,21571,302,7,52712,1.675791,,
2026-04-02,SYN-META-04,Generated retargeting concept B,Meta Ads,development,30127,20714,290,6,46733,1.5512,,
2026-04-03,SYN-META-04,Generated retargeting concept B,Meta Ads,development,31785,21857,306,7,53221,1.674406,,
2026-04-04,SYN-META-04,Generated retargeting concept B,Meta Ads,development,28553,19643,275,6,47957,1.679578,,
2026-04-05,SYN-META-04,Generated retargeting concept B,Meta Ads,development,34856,23929,335,8,61381,1.760988,,
2026-04-06,SYN-META-04,Generated retargeting concept B,Meta Ads,development,36175,24857,348,8,62955,1.74029,,
2026-04-07,SYN-META-04,Generated retargeting concept B,Meta Ads,development,32108,22071,309,7,56124,1.747976,,
2026-04-08,SYN-META-04,Generated retargeting concept B,Meta Ads,development,29375,20143,282,6,47302,1.610281,,
2026-04-09,SYN-META-04,Generated retargeting concept B,Meta Ads,development,24857,17071,239,5,39015,1.569578,,
2026-04-10,SYN-META-04,Generated retargeting concept B,Meta Ads,development,27629,19000,266,6,43799,1.585255,,
2026-04-11,SYN-META-04,Generated retargeting concept B,Meta Ads,development,27350,18786,263,6,43421,1.587605,,
2026-04-12,SYN-META-04,Generated retargeting concept B,Meta Ads,development,30328,20857,292,7,53977,1.779774,,
2026-04-13,SYN-META-04,Generated retargeting concept B,Meta Ads,development,32911,22571,316,8,58351,1.772994,,
2026-04-14,SYN-META-04,Generated retargeting concept B,Meta Ads,development,31213,21429,300,7,53367,1.709768,,
2026-04-15,SYN-META-04,Generated retargeting concept B,Meta Ads,development,25297,17357,243,5,41751,1.650433,,
2026-04-16,SYN-META-04,Generated retargeting concept B,Meta Ads,development,22676,15571,218,5,35391,1.560725,,
2026-04-17,SYN-META-04,Generated retargeting concept B,Meta Ads,development,26368,18143,254,6,42511,1.612219,,
2026-04-18,SYN-META-04,Generated retargeting concept B,Meta Ads,development,27379,18786,263,6,45595,1.665327,,
2026-04-19,SYN-META-04,Generated retargeting concept B,Meta Ads,development,29687,20357,285,7,51754,1.743322,,
2026-04-20,SYN-META-04,Generated retargeting concept B,Meta Ads,development,31935,21929,307,7,55211,1.728855,,
2026-04-21,SYN-META-04,Generated retargeting concept B,Meta Ads,development,28563,19643,275,7,49874,1.746105,,
2026-04-22,SYN-META-04,Generated retargeting concept B,Meta Ads,development,25355,17429,244,6,42617,1.680812,,
2026-04-23,SYN-META-04,Generated retargeting concept B,Meta Ads,development,26906,18500,259,6,42448,1.577641,,
2026-04-24,SYN-META-04,Generated retargeting concept B,Meta Ads,development,27395,18786,263,6,44837,1.636686,,
2026-04-25,SYN-META-04,Generated retargeting concept B,Meta Ads,development,31307,21500,301,7,53669,1.714281,,
2026-04-26,SYN-META-04,Generated retargeting concept B,Meta Ads,development,36935,25357,355,9,66359,1.796643,,
2026-04-27,SYN-META-04,Generated retargeting concept B,Meta Ads,development,36416,25000,350,9,64741,1.777817,,
2026-04-28,SYN-META-04,Generated retargeting concept B,Meta Ads,development,34457,23643,331,8,60347,1.751371,,
2026-04-29,SYN-META-04,Generated retargeting concept B,Meta Ads,development,29383,20214,283,6,48447,1.648811,,
2026-04-30,SYN-META-04,Generated retargeting concept B,Meta Ads,development,29105,20000,280,6,47802,1.642398,,
2026-05-01,SYN-META-04,Generated retargeting concept B,Meta Ads,development,26913,18500,259,6,45424,1.687809,,
2026-05-02,SYN-META-04,Generated retargeting concept B,Meta Ads,development,29993,20571,288,7,50648,1.688661,,
2026-05-03,SYN-META-04,Generated retargeting concept B,Meta Ads,development,35139,24143,338,8,62249,1.771507,,
2026-05-04,SYN-META-04,Generated retargeting concept B,Meta Ads,development,38116,26143,366,9,69278,1.817557,,
2026-05-05,SYN-META-04,Generated retargeting concept B,Meta Ads,development,31273,21500,301,7,54900,1.755508,,
2026-05-06,SYN-META-04,Generated retargeting concept B,Meta Ads,development,28479,19571,274,6,48615,1.707047,,
2026-05-07,SYN-META-04,Generated retargeting concept B,Meta Ads,development,27124,18643,261,6,46002,1.695989,,
2026-05-08,SYN-META-04,Generated retargeting concept B,Meta Ads,development,25892,17786,249,6,42279,1.632898,,
2026-05-09,SYN-META-04,Generated retargeting concept B,Meta Ads,development,29580,20286,284,7,49987,1.689892,,
2026-05-10,SYN-META-04,Generated retargeting concept B,Meta Ads,development,35296,24214,339,8,58622,1.660868,,
2026-05-11,SYN-META-04,Generated retargeting concept B,Meta Ads,development,34445,23643,331,8,58215,1.690086,,
2026-05-12,SYN-META-04,Generated retargeting concept B,Meta Ads,development,31148,21429,300,7,53585,1.720335,,
2026-05-13,SYN-META-04,Generated retargeting concept B,Meta Ads,development,27593,18929,265,6,45500,1.648969,,
2026-05-14,SYN-META-04,Generated retargeting concept B,Meta Ads,development,23198,15929,223,5,35637,1.53621,,
2026-05-15,SYN-META-04,Generated retargeting concept B,Meta Ads,development,23620,16214,227,5,35917,1.520618,,
2026-05-16,SYN-META-04,Generated retargeting concept B,Meta Ads,development,27947,19214,269,6,46973,1.680789,,
2026-05-17,SYN-META-04,Generated retargeting concept B,Meta Ads,development,32806,22500,315,7,53282,1.624154,,
2026-05-18,SYN-META-04,Generated retargeting concept B,Meta Ads,development,33959,23357,327,8,57357,1.689007,,
2026-05-19,SYN-META-04,Generated retargeting concept B,Meta Ads,development,29057,19929,279,6,47460,1.633341,,
2026-05-20,SYN-META-04,Generated retargeting concept B,Meta Ads,development,25120,17286,242,5,39555,1.574642,,
2026-05-21,SYN-META-04,Generated retargeting concept B,Meta Ads,development,23784,16357,229,5,36621,1.539733,,
2026-05-22,SYN-META-04,Generated retargeting concept B,Meta Ads,development,27983,19214,269,6,43165,1.542544,,
2026-05-23,SYN-META-04,Generated retargeting concept B,Meta Ads,development,29974,20571,288,7,49786,1.660973,,
2026-05-24,SYN-META-04,Generated retargeting concept B,Meta Ads,development,35640,24500,343,8,60377,1.69408,,
2026-05-25,SYN-META-04,Generated retargeting concept B,Meta Ads,development,33669,23143,324,8,60726,1.803618,,
2026-05-26,SYN-META-04,Generated retargeting concept B,Meta Ads,development,31669,21786,305,7,55180,1.742398,,
2026-05-27,SYN-META-04,Generated retargeting concept B,Meta Ads,development,25945,17786,249,6,43037,1.658778,,
2026-05-28,SYN-META-04,Generated retargeting concept B,Meta Ads,development,27370,18786,263,6,43800,1.600292,,
2026-05-29,SYN-META-04,Generated retargeting concept B,Meta Ads,development,30114,20714,290,6,49146,1.631998,,
2026-05-30,SYN-META-04,Generated retargeting concept B,Meta Ads,development,31174,21429,300,7,53202,1.706614,,
2026-05-31,SYN-META-04,Generated retargeting concept B,Meta Ads,development,35806,24571,344,9,64739,1.808049,,
2026-06-01,SYN-META-04,Generated retargeting concept B,Meta Ads,development,37543,25786,361,9,66992,1.784407,,
2026-06-02,SYN-META-04,Generated retargeting concept B,Meta Ads,development,35785,24571,344,8,60757,1.697834,,
2026-06-03,SYN-META-04,Generated retargeting concept B,Meta Ads,development,30179,20714,290,7,52341,1.734352,,
2026-06-04,SYN-META-04,Generated retargeting concept B,Meta Ads,development,26280,18071,253,5,41330,1.572679,,
2026-06-05,SYN-META-04,Generated retargeting concept B,Meta Ads,development,27860,19143,268,6,45616,1.63733,,
2026-06-06,SYN-META-04,Generated retargeting concept B,Meta Ads,development,30764,21143,296,7,55602,1.807372,,
2026-06-07,SYN-META-04,Generated retargeting concept B,Meta Ads,development,33180,22786,319,8,60015,1.80877,,
2026-06-08,SYN-META-04,Generated retargeting concept B,Meta Ads,development,34123,23429,328,8,62082,1.819359,,
2026-06-09,SYN-META-04,Generated retargeting concept B,Meta Ads,development,32153,22071,309,7,55360,1.721768,,
2026-06-10,SYN-META-04,Generated retargeting concept B,Meta Ads,development,26875,18429,258,6,44208,1.644949,,
2026-06-11,SYN-META-04,Generated retargeting concept B,Meta Ads,development,21949,15071,211,4,34119,1.554467,,
2026-06-12,SYN-META-04,Generated retargeting concept B,Meta Ads,development,23298,16000,224,5,36318,1.558846,,
2026-06-13,SYN-META-04,Generated retargeting concept B,Meta Ads,development,28419,19500,273,6,48400,1.703086,,
2026-06-14,SYN-META-04,Generated retargeting concept B,Meta Ads,development,29940,20571,288,7,51506,1.720307,,
2026-06-15,SYN-META-04,Generated retargeting concept B,Meta Ads,development,30774,21143,296,7,52094,1.692793,,
2026-06-16,SYN-META-04,Generated retargeting concept B,Meta Ads,development,29483,20214,283,6,48613,1.648848,,
2026-06-17,SYN-META-04,Generated retargeting concept B,Meta Ads,development,26363,18071,253,6,41899,1.589311,,
2026-06-18,SYN-META-04,Generated retargeting concept B,Meta Ads,development,23489,16143,226,5,37533,1.597897,,
2026-06-19,SYN-META-04,Generated retargeting concept B,Meta Ads,development,24900,17071,239,5,40109,1.610803,,
2026-06-20,SYN-META-04,Generated retargeting concept B,Meta Ads,development,27325,18786,263,6,42954,1.571967,,
2026-06-21,SYN-META-04,Generated retargeting concept B,Meta Ads,development,31955,21929,307,7,51182,1.60169,,
2026-06-22,SYN-META-04,Generated retargeting concept B,Meta Ads,development,33373,22929,321,8,58494,1.752734,,
2026-06-23,SYN-META-04,Generated retargeting concept B,Meta Ads,development,32380,22214,311,7,55793,1.72307,,
2026-06-24,SYN-META-04,Generated retargeting concept B,Meta Ads,development,27331,18786,263,6,44713,1.635981,,
2026-06-25,SYN-META-04,Generated retargeting concept B,Meta Ads,development,24526,16857,236,5,40468,1.650004,,
2026-06-26,SYN-META-04,Generated retargeting concept B,Meta Ads,development,28552,19643,275,6,48671,1.704644,,
2026-06-27,SYN-META-04,Generated retargeting concept B,Meta Ads,development,31476,21643,303,7,52454,1.666476,,
2026-06-28,SYN-META-04,Generated retargeting concept B,Meta Ads,development,35432,24357,341,8,61769,1.743311,,
2026-06-29,SYN-META-04,Generated retargeting concept B,Meta Ads,development,36420,25000,350,9,68820,1.889621,,
2026-06-30,SYN-META-04,Generated retargeting concept B,Meta Ads,development,32973,22643,317,8,59649,1.809026,,
2026-07-01,SYN-META-04,Generated retargeting concept B,Meta Ads,development,28704,19714,276,6,48536,1.690914,,
2026-07-02,SYN-META-04,Generated retargeting concept B,Meta Ads,development,25840,17714,248,6,42162,1.631656,,
2026-07-03,SYN-META-04,Generated retargeting concept B,Meta Ads,development,29847,20500,287,7,51366,1.720977,,
2026-07-04,SYN-META-04,Generated retargeting concept B,Meta Ads,development,31340,21500,301,7,54433,1.736854,,
2026-07-05,SYN-META-04,Generated retargeting concept B,Meta Ads,development,36409,25000,350,9,65784,1.806806,,
2026-07-06,SYN-META-04,Generated retargeting concept B,Meta Ads,development,35281,24214,339,9,65283,1.850373,,
2026-07-07,SYN-META-04,Generated retargeting concept B,Meta Ads,development,32653,22429,314,8,59160,1.811778,,
2026-07-08,SYN-META-04,Generated retargeting concept B,Meta Ads,development,26974,18500,259,6,45225,1.676615,,
2026-07-09,SYN-META-04,Generated retargeting concept B,Meta Ads,development,25708,17643,247,6,43492,1.691769,,
2026-07-10,SYN-META-04,Generated retargeting concept B,Meta Ads,development,27440,18857,264,6,44178,1.609985,,
2026-07-11,SYN-META-04,Generated retargeting concept B,Meta Ads,development,30982,21286,298,6,49149,1.586373,,
2026-07-12,SYN-META-04,Generated retargeting concept B,Meta Ads,development,29473,20214,283,7,52706,1.788281,,
2026-07-13,SYN-META-04,Generated retargeting concept B,Meta Ads,development,32149,22071,309,7,53367,1.659989,,
2026-07-14,SYN-META-04,Generated retargeting concept B,Meta Ads,development,30118,20714,290,7,52158,1.731788,,
2026-07-15,SYN-META-04,Generated retargeting concept B,Meta Ads,development,23078,15857,222,5,37657,1.631727,,
2026-07-16,SYN-META-04,Generated retargeting concept B,Meta Ads,development,21479,14786,207,4,33588,1.56376,,
2026-07-17,SYN-META-04,Generated retargeting concept B,Meta Ads,development,23359,16071,225,5,38494,1.64793,,
2026-07-18,SYN-META-04,Generated retargeting concept B,Meta Ads,development,28380,19500,273,7,49829,1.755779,,
2026-07-19,SYN-META-04,Generated retargeting concept B,Meta Ads,development,36791,25286,354,8,63034,1.713299,,
2026-07-20,SYN-META-04,Generated retargeting concept B,Meta Ads,development,33635,23071,323,8,58474,1.738487,,
2026-07-21,SYN-META-04,Generated retargeting concept B,Meta Ads,development,30049,20643,289,7,52804,1.757263,,
2026-07-22,SYN-META-04,Generated retargeting concept B,Meta Ads,development,25950,17857,250,6,44871,1.729133,,
2026-07-23,SYN-META-04,Generated retargeting concept B,Meta Ads,development,27912,19143,268,6,44483,1.593687,,
2026-07-24,SYN-META-04,Generated retargeting concept B,Meta Ads,development,28946,19857,278,6,47137,1.628446,,
2026-07-25,SYN-META-04,Generated retargeting concept B,Meta Ads,development,29602,20357,285,7,50427,1.7035,,
2026-07-26,SYN-META-04,Generated retargeting concept B,Meta Ads,development,36197,24857,348,8,62934,1.738652,,
2026-07-27,SYN-META-04,Generated retargeting concept B,Meta Ads,development,35655,24500,343,9,65676,1.841986,,
2026-07-28,SYN-META-04,Generated retargeting concept B,Meta Ads,development,33946,23286,326,8,61829,1.821393,,
2026-07-29,SYN-META-04,Generated retargeting concept B,Meta Ads,development,31524,21643,303,7,55466,1.759485,,
2026-07-30,SYN-META-04,Generated retargeting concept B,Meta Ads,development,29049,19929,279,7,51566,1.775139,,
2026-07-31,SYN-META-04,Generated retargeting concept B,Meta Ads,development,29151,20000,280,7,49528,1.699015,,
2026-08-01,SYN-META-04,Generated retargeting concept B,Meta Ads,development,32515,22357,313,7,56764,1.745779,,
2026-08-02,SYN-META-04,Generated retargeting concept B,Meta Ads,holdout,37915,26071,365,9,69483,1.832599,1.717202,1.789946
2026-08-03,SYN-META-04,Generated retargeting concept B,Meta Ads,holdout,35980,24714,346,8,63440,1.763202,1.717202,1.761121
2026-08-04,SYN-META-04,Generated retargeting concept B,Meta Ads,holdout,31457,21571,302,7,56693,1.802238,1.717202,1.701014
2026-08-05,SYN-META-04,Generated retargeting concept B,Meta Ads,holdout,28264,19429,272,6,46326,1.639046,1.717202,1.657951
2026-08-06,SYN-META-04,Generated retargeting concept B,Meta Ads,holdout,25606,17571,246,6,42435,1.657229,1.717202,1.626802
2026-08-07,SYN-META-04,Generated retargeting concept B,Meta Ads,holdout,27876,19143,268,6,45504,1.632372,1.717202,1.660367
2026-08-08,SYN-META-04,Generated retargeting concept B,Meta Ads,holdout,30103,20643,289,7,52399,1.740657,1.717202,1.691292
2026-08-09,SYN-META-04,Generated retargeting concept B,Meta Ads,holdout,30645,21071,295,7,53980,1.761462,1.717202,1.696276
2026-08-10,SYN-META-04,Generated retargeting concept B,Meta Ads,holdout,30439,20929,293,7,52717,1.73189,1.717202,1.686734
2026-08-11,SYN-META-04,Generated retargeting concept B,Meta Ads,holdout,28291,19429,272,6,48420,1.711498,1.717202,1.653175
2026-08-12,SYN-META-04,Generated retargeting concept B,Meta Ads,holdout,26628,18286,256,6,42796,1.60718,1.717202,1.629551
2026-08-13,SYN-META-04,Generated retargeting concept B,Meta Ads,holdout,25994,17857,250,6,42987,1.653728,1.717202,1.62568
2026-08-14,SYN-META-04,Generated retargeting concept B,Meta Ads,holdout,24670,16929,237,5,39131,1.586178,1.717202,1.617916
2026-08-15,SYN-META-04,Generated retargeting concept B,Meta Ads,holdout,25481,17500,245,6,43399,1.703191,1.717202,1.635808
2026-08-16,SYN-META-04,Generated retargeting concept B,Meta Ads,holdout,31168,21429,300,7,54069,1.73476,1.717202,1.70565
2026-08-17,SYN-META-04,Generated retargeting concept B,Meta Ads,holdout,31027,21286,298,7,56196,1.811197,1.717202,1.699944
2026-08-18,SYN-META-04,Generated retargeting concept B,Meta Ads,holdout,30019,20643,289,7,53530,1.783204,1.717202,1.682827
2026-08-19,SYN-META-04,Generated retargeting concept B,Meta Ads,holdout,25991,17857,250,6,42018,1.616637,1.717202,1.63344
2026-08-20,SYN-META-04,Generated retargeting concept B,Meta Ads,holdout,24535,16857,236,5,37800,1.540656,1.717202,1.621163
2026-08-21,SYN-META-04,Generated retargeting concept B,Meta Ads,holdout,24306,16714,234,6,42489,1.748087,1.717202,1.628479
2026-08-22,SYN-META-04,Generated retargeting concept B,Meta Ads,holdout,29967,20571,288,7,52844,1.763406,1.717202,1.705875
2026-08-23,SYN-META-04,Generated retargeting concept B,Meta Ads,holdout,34121,23429,328,8,60847,1.783271,1.717202,1.754981
2026-08-24,SYN-META-04,Generated retargeting concept B,Meta Ads,holdout,34633,23786,333,8,64455,1.861086,1.717202,1.756011
2026-08-25,SYN-META-04,Generated retargeting concept B,Meta Ads,holdout,34805,23929,335,8,59851,1.719609,1.717202,1.751294
2026-08-26,SYN-META-04,Generated retargeting concept B,Meta Ads,holdout,29103,20000,280,7,50581,1.738,1.717202,1.683819
2026-08-27,SYN-META-04,Generated retargeting concept B,Meta Ads,holdout,29411,20214,283,7,50161,1.705518,1.717202,1.691128
2026-08-28,SYN-META-04,Generated retargeting concept B,Meta Ads,holdout,27287,18714,262,6,45781,1.677759,1.717202,1.673313
2026-08-29,SYN-META-04,Generated retargeting concept B,Meta Ads,holdout,31447,21571,302,7,55966,1.779693,1.717202,1.72784
2026-08-30,SYN-META-04,Generated retargeting concept B,Meta Ads,holdout,35022,24071,337,8,60938,1.739992,1.717202,1.766582
2026-08-31,SYN-META-04,Generated retargeting concept B,Meta Ads,holdout,34621,23786,333,8,64217,1.854857,1.717202,1.754444
2026-01-04,SYN-GOOG-01,Generated search group A,Google Ads,development,59178,58455,643,9,69213,1.169573,,
2026-01-05,SYN-GOOG-01,Generated search group A,Google Ads,development,60938,60182,662,9,73591,1.207637,,
2026-01-06,SYN-GOOG-01,Generated search group A,Google Ads,development,53136,52545,578,8,60368,1.136104,,
2026-01-07,SYN-GOOG-01,Generated search group A,Google Ads,development,49793,49182,541,6,50005,1.004258,,
2026-01-08,SYN-GOOG-01,Generated search group A,Google Ads,development,42210,41727,459,5,42107,0.99756,,
2026-01-09,SYN-GOOG-01,Generated search group A,Google Ads,development,48005,47455,522,6,49969,1.040912,,
2026-01-10,SYN-GOOG-01,Generated search group A,Google Ads,development,52182,51545,567,7,56991,1.092158,,
2026-01-11,SYN-GOOG-01,Generated search group A,Google Ads,development,53906,53273,586,8,66047,1.225225,,
2026-01-12,SYN-GOOG-01,Generated search group A,Google Ads,development,54073,53455,588,8,64577,1.194256,,
2026-01-13,SYN-GOOG-01,Generated search group A,Google Ads,development,52744,52091,573,7,56316,1.067723,,
2026-01-14,SYN-GOOG-01,Generated search group A,Google Ads,development,42882,42364,466,5,42511,0.991348,,
2026-01-15,SYN-GOOG-01,Generated search group A,Google Ads,development,39330,38909,428,5,36954,0.939588,,
2026-01-16,SYN-GOOG-01,Generated search group A,Google Ads,development,43916,43364,477,5,40607,0.924652,,
2026-01-17,SYN-GOOG-01,Generated search group A,Google Ads,development,49101,48545,534,7,51954,1.058105,,
2026-01-18,SYN-GOOG-01,Generated search group A,Google Ads,development,55753,55091,606,8,62554,1.121984,,
2026-01-19,SYN-GOOG-01,Generated search group A,Google Ads,development,53516,52909,582,7,58345,1.090235,,
2026-01-20,SYN-GOOG-01,Generated search group A,Google Ads,development,48150,47545,523,6,45357,0.941994,,
2026-01-21,SYN-GOOG-01,Generated search group A,Google Ads,development,44307,43818,482,6,46544,1.050489,,
2026-01-22,SYN-GOOG-01,Generated search group A,Google Ads,development,46795,46273,509,6,46514,0.993995,,
2026-01-23,SYN-GOOG-01,Generated search group A,Google Ads,development,49145,48545,534,7,52714,1.072622,,
2026-01-24,SYN-GOOG-01,Generated search group A,Google Ads,development,52665,52000,572,8,62975,1.195766,,
2026-01-25,SYN-GOOG-01,Generated search group A,Google Ads,development,62222,61455,676,10,79556,1.278583,,
2026-01-26,SYN-GOOG-01,Generated search group A,Google Ads,development,58534,57818,636,9,66893,1.142806,,
2026-01-27,SYN-GOOG-01,Generated search group A,Google Ads,development,55494,54818,603,7,57619,1.038292,,
2026-01-28,SYN-GOOG-01,Generated search group A,Google Ads,development,50600,50000,550,7,53596,1.059209,,
2026-01-29,SYN-GOOG-01,Generated search group A,Google Ads,development,44841,44273,487,6,48891,1.090319,,
2026-01-30,SYN-GOOG-01,Generated search group A,Google Ads,development,49507,48909,538,7,57450,1.160442,,
2026-01-31,SYN-GOOG-01,Generated search group A,Google Ads,development,60622,59909,659,10,75591,1.246924,,
2026-02-01,SYN-GOOG-01,Generated search group A,Google Ads,development,61272,60545,666,9,71458,1.166242,,
2026-02-02,SYN-GOOG-01,Generated search group A,Google Ads,development,58076,57364,631,9,67014,1.153902,,
2026-02-03,SYN-GOOG-01,Generated search group A,Google Ads,development,55816,55182,607,8,65833,1.179465,,
2026-02-04,SYN-GOOG-01,Generated search group A,Google Ads,development,48808,48273,531,7,51937,1.064108,,
2026-02-05,SYN-GOOG-01,Generated search group A,Google Ads,development,46442,45909,505,6,49993,1.076461,,
2026-02-06,SYN-GOOG-01,Generated search group A,Google Ads,development,51559,50909,560,6,50486,0.979189,,
2026-02-07,SYN-GOOG-01,Generated search group A,Google Ads,development,52665,52000,572,7,57398,1.08987,,
2026-02-08,SYN-GOOG-01,Generated search group A,Google Ads,development,60545,59818,658,8,64572,1.066513,,
2026-02-09,SYN-GOOG-01,Generated search group A,Google Ads,development,57764,57091,628,8,65178,1.12835,,
2026-02-10,SYN-GOOG-01,Generated search group A,Google Ads,development,45554,45000,495,6,50267,1.10346,,
2026-02-11,SYN-GOOG-01,Generated search group A,Google Ads,development,43265,42727,470,6,46008,1.0634,,
2026-02-12,SYN-GOOG-01,Generated search group A,Google Ads,development,45786,45273,498,5,40170,0.877342,,
2026-02-13,SYN-GOOG-01,Generated search group A,Google Ads,development,44758,44182,486,6,45773,1.022678,,
2026-02-14,SYN-GOOG-01,Generated search group A,Google Ads,development,44535,44000,484,6,46727,1.04922,,
2026-02-15,SYN-GOOG-01,Generated search group A,Google Ads,development,60570,59818,658,8,65629,1.083523,,
2026-02-16,SYN-GOOG-01,Generated search group A,Google Ads,development,56570,55909,615,8,58922,1.041577,,
2026-02-17,SYN-GOOG-01,Generated search group A,Google Ads,development,47129,46545,512,7,51572,1.094273,,
2026-02-18,SYN-GOOG-01,Generated search group A,Google Ads,development,39535,39091,430,5,37446,0.947161,,
2026-02-19,SYN-GOOG-01,Generated search group A,Google Ads,development,44530,44000,484,5,42929,0.964047,,
2026-02-20,SYN-GOOG-01,Generated search group A,Google Ads,development,48209,47636,524,7,52413,1.087204,,
2026-02-21,SYN-GOOG-01,Generated search group A,Google Ads,development,54895,54273,597,8,62723,1.1426,,
2026-02-22,SYN-GOOG-01,Generated search group A,Google Ads,development,59476,58727,646,9,69852,1.174457,,
2026-02-23,SYN-GOOG-01,Generated search group A,Google Ads,development,62810,62091,683,9,71448,1.137526,,
2026-02-24,SYN-GOOG-01,Generated search group A,Google Ads,development,52903,52273,575,7,55724,1.053324,,
2026-02-25,SYN-GOOG-01,Generated search group A,Google Ads,development,46536,46000,506,6,48383,1.03969,,
2026-02-26,SYN-GOOG-01,Generated search group A,Google Ads,development,42159,41636,458,6,47175,1.118978,,
2026-02-27,SYN-GOOG-01,Generated search group A,Google Ads,development,46608,46091,507,6,47141,1.011436,,
2026-02-28,SYN-GOOG-01,Generated search group A,Google Ads,development,58678,58000,638,8,65329,1.113347,,
2026-03-01,SYN-GOOG-01,Generated search group A,Google Ads,development,61711,61000,671,9,70487,1.142211,,
2026-03-02,SYN-GOOG-01,Generated search group A,Google Ads,development,65034,64273,707,9,72483,1.11454,,
2026-03-03,SYN-GOOG-01,Generated search group A,Google Ads,development,57307,56636,623,8,66016,1.151971,,
2026-03-04,SYN-GOOG-01,Generated search group A,Google Ads,development,46698,46182,508,6,50672,1.0851,,
2026-03-05,SYN-GOOG-01,Generated search group A,Google Ads,development,48496,47909,527,7,52502,1.082605,,
2026-03-06,SYN-GOOG-01,Generated search group A,Google Ads,development,48132,47545,523,6,49984,1.038478,,
2026-03-07,SYN-GOOG-01,Generated search group A,Google Ads,development,56617,55909,615,8,64888,1.146087,,
2026-03-08,SYN-GOOG-01,Generated search group A,Google Ads,development,62423,61727,679,9,72218,1.156913,,
2026-03-09,SYN-GOOG-01,Generated search group A,Google Ads,development,56474,55818,614,9,68352,1.210327,,
2026-03-10,SYN-GOOG-01,Generated search group A,Google Ads,development,48679,48091,529,7,54477,1.119107,,
2026-03-11,SYN-GOOG-01,Generated search group A,Google Ads,development,41318,40818,449,5,40808,0.987657,,
2026-03-12,SYN-GOOG-01,Generated search group A,Google Ads,development,43264,42727,470,5,41903,0.968542,,
2026-03-13,SYN-GOOG-01,Generated search group A,Google Ads,development,44413,43909,483,6,44470,1.001283,,
2026-03-14,SYN-GOOG-01,Generated search group A,Google Ads,development,50432,49818,548,6,50777,1.006841,,
2026-03-15,SYN-GOOG-01,Generated search group A,Google Ads,development,55564,54909,604,8,61261,1.10253,,
2026-03-16,SYN-GOOG-01,Generated search group A,Google Ads,development,54851,54182,596,8,61836,1.127345,,
2026-03-17,SYN-GOOG-01,Generated search group A,Google Ads,development,48620,48000,528,7,54858,1.128301,,
2026-03-18,SYN-GOOG-01,Generated search group A,Google Ads,development,44824,44273,487,6,46657,1.040893,,
2026-03-19,SYN-GOOG-01,Generated search group A,Google Ads,development,42418,41909,461,5,42615,1.004644,,
2026-03-20,SYN-GOOG-01,Generated search group A,Google Ads,development,46569,46000,506,6,45918,0.986021,,
2026-03-21,SYN-GOOG-01,Generated search group A,Google Ads,development,52815,52182,574,7,57466,1.088062,,
2026-03-22,SYN-GOOG-01,Generated search group A,Google Ads,development,52986,52364,576,7,57907,1.092874,,
2026-03-23,SYN-GOOG-01,Generated search group A,Google Ads,development,55971,55273,608,8,63622,1.136696,,
2026-03-24,SYN-GOOG-01,Generated search group A,Google Ads,development,51330,50727,558,7,57194,1.114241,,
2026-03-25,SYN-GOOG-01,Generated search group A,Google Ads,development,50326,49727,547,6,50460,1.002663,,
2026-03-26,SYN-GOOG-01,Generated search group A,Google Ads,development,48820,48273,531,6,48421,0.991827,,
2026-03-27,SYN-GOOG-01,Generated search group A,Google Ads,development,52050,51455,566,7,56278,1.08123,,
2026-03-28,SYN-GOOG-01,Generated search group A,Google Ads,development,57477,56818,625,9,68208,1.186701,,
2026-03-29,SYN-GOOG-01,Generated search group A,Google Ads,development,66994,66182,728,10,75627,1.128862,,
2026-03-30,SYN-GOOG-01,Generated search group A,Google Ads,development,62031,61273,674,9,67110,1.081878,,
2026-03-31,SYN-GOOG-01,Generated search group A,Google Ads,development,58892,58182,640,9,68891,1.169785,,
2026-04-01,SYN-GOOG-01,Generated search group A,Google Ads,development,50947,50364,554,7,57393,1.126524,,
2026-04-02,SYN-GOOG-01,Generated search group A,Google Ads,development,48584,48000,528,7,52368,1.077886,,
2026-04-03,SYN-GOOG-01,Generated search group A,Google Ads,development,49267,48727,536,6,50857,1.032273,,
2026-04-04,SYN-GOOG-01,Generated search group A,Google Ads,development,56330,55636,612,8,61819,1.097444,,
2026-04-05,SYN-GOOG-01,Generated search group A,Google Ads,development,59058,58364,642,9,67828,1.148498,,
2026-04-06,SYN-GOOG-01,Generated search group A,Google Ads,development,61069,60364,664,9,71372,1.168711,,
2026-04-07,SYN-GOOG-01,Generated search group A,Google Ads,development,50816,50182,552,7,57566,1.132832,,
2026-04-08,SYN-GOOG-01,Generated search group A,Google Ads,development,44701,44182,486,6,44233,0.98953,,
2026-04-09,SYN-GOOG-01,Generated search group A,Google Ads,development,46274,45727,503,6,45897,0.991853,,
2026-04-10,SYN-GOOG-01,Generated search group A,Google Ads,development,46536,46000,506,5,42163,0.90603,,
2026-04-11,SYN-GOOG-01,Generated search group A,Google Ads,development,51108,50545,556,7,55642,1.088714,,
2026-04-12,SYN-GOOG-01,Generated search group A,Google Ads,development,58860,58182,640,9,70762,1.202209,,
2026-04-13,SYN-GOOG-01,Generated search group A,Google Ads,development,49628,49000,539,7,52650,1.060893,,
2026-04-14,SYN-GOOG-01,Generated search group A,Google Ads,development,47309,46727,514,6,49454,1.04534,,
2026-04-15,SYN-GOOG-01,Generated search group A,Google Ads,development,41599,41091,452,5,39182,0.941898,,
2026-04-16,SYN-GOOG-01,Generated search group A,Google Ads,development,42189,41727,459,5,39782,0.942947,,
2026-04-17,SYN-GOOG-01,Generated search group A,Google Ads,development,45234,44727,492,6,47559,1.051399,,
2026-04-18,SYN-GOOG-01,Generated search group A,Google Ads,development,51152,50545,556,7,56093,1.096594,,
2026-04-19,SYN-GOOG-01,Generated search group A,Google Ads,development,59196,58455,643,8,62471,1.055325,,
2026-04-20,SYN-GOOG-01,Generated search group A,Google Ads,development,54681,54000,594,8,60217,1.101242,,
2026-04-21,SYN-GOOG-01,Generated search group A,Google Ads,development,48800,48182,530,7,55526,1.137828,,
2026-04-22,SYN-GOOG-01,Generated search group A,Google Ads,development,44939,44364,488,6,47318,1.052938,,
2026-04-23,SYN-GOOG-01,Generated search group A,Google Ads,development,44501,44000,484,6,43232,0.971484,,
2026-04-24,SYN-GOOG-01,Generated search group A,Google Ads,development,48233,47636,524,7,53209,1.103166,,
2026-04-25,SYN-GOOG-01,Generated search group A,Google Ads,development,57762,57091,628,8,65346,1.131297,,
2026-04-26,SYN-GOOG-01,Generated search group A,Google Ads,development,57214,56545,622,9,66925,1.169731,,
2026-04-27,SYN-GOOG-01,Generated search group A,Google Ads,development,61219,60455,665,9,71360,1.165651,,
2026-04-28,SYN-GOOG-01,Generated search group A,Google Ads,development,58234,57545,633,8,65578,1.126112,,
2026-04-29,SYN-GOOG-01,Generated search group A,Google Ads,development,52301,51636,568,7,57200,1.093669,,
2026-04-30,SYN-GOOG-01,Generated search group A,Google Ads,development,51951,51364,565,7,53184,1.023734,,
2026-05-01,SYN-GOOG-01,Generated search group A,Google Ads,development,53723,53091,584,7,55106,1.025743,,
2026-05-02,SYN-GOOG-01,Generated search group A,Google Ads,development,59518,58818,647,8,66522,1.117679,,
2026-05-03,SYN-GOOG-01,Generated search group A,Google Ads,development,62166,61455,676,9,69735,1.121755,,
2026-05-04,SYN-GOOG-01,Generated search group A,Google Ads,development,59870,59182,651,9,69968,1.168665,,
2026-05-05,SYN-GOOG-01,Generated search group A,Google Ads,development,54510,53818,592,7,58851,1.079637,,
2026-05-06,SYN-GOOG-01,Generated search group A,Google Ads,development,52513,51909,571,7,54790,1.043361,,
2026-05-07,SYN-GOOG-01,Generated search group A,Google Ads,development,49881,49273,542,7,51221,1.026864,,
2026-05-08,SYN-GOOG-01,Generated search group A,Google Ads,development,51472,50818,559,7,52575,1.021429,,
2026-05-09,SYN-GOOG-01,Generated search group A,Google Ads,development,49005,48455,533,7,54910,1.120498,,
2026-05-10,SYN-GOOG-01,Generated search group A,Google Ads,development,55900,55273,608,8,63448,1.135027,,
2026-05-11,SYN-GOOG-01,Generated search group A,Google Ads,development,53368,52727,580,8,59417,1.113345,,
2026-05-12,SYN-GOOG-01,Generated search group A,Google Ads,development,48022,47455,522,7,51936,1.081504,,
2026-05-13,SYN-GOOG-01,Generated search group A,Google Ads,development,40362,39909,439,5,41573,1.030003,,
2026-05-14,SYN-GOOG-01,Generated search group A,Google Ads,development,42565,42091,463,5,39499,0.927969,,
2026-05-15,SYN-GOOG-01,Generated search group A,Google Ads,development,45790,45273,498,6,43557,0.951234,,
2026-05-16,SYN-GOOG-01,Generated search group A,Google Ads,development,50872,50273,553,7,52598,1.033928,,
2026-05-17,SYN-GOOG-01,Generated search group A,Google Ads,development,55521,54818,603,8,62713,1.129537,,
2026-05-18,SYN-GOOG-01,Generated search group A,Google Ads,development,54745,54091,595,8,58922,1.076299,,
2026-05-19,SYN-GOOG-01,Generated search group A,Google Ads,development,50656,50091,551,7,54174,1.069449,,
2026-05-20,SYN-GOOG-01,Generated search group A,Google Ads,development,47706,47182,519,6,48234,1.011068,,
2026-05-21,SYN-GOOG-01,Generated search group A,Google Ads,development,44121,43636,480,5,41049,0.930373,,
2026-05-22,SYN-GOOG-01,Generated search group A,Google Ads,development,47566,47000,517,6,49408,1.038725,,
2026-05-23,SYN-GOOG-01,Generated search group A,Google Ads,development,59121,58455,643,8,62079,1.050033,,
2026-05-24,SYN-GOOG-01,Generated search group A,Google Ads,development,60448,59727,657,8,65748,1.087679,,
2026-05-25,SYN-GOOG-01,Generated search group A,Google Ads,development,61452,60727,668,9,70159,1.141688,,
2026-05-26,SYN-GOOG-01,Generated search group A,Google Ads,development,56084,55455,610,7,57561,1.026335,,
2026-05-27,SYN-GOOG-01,Generated search group A,Google Ads,development,53461,52818,581,7,56347,1.053983,,
2026-05-28,SYN-GOOG-01,Generated search group A,Google Ads,development,45123,44545,490,6,45363,1.005319,,
2026-05-29,SYN-GOOG-01,Generated search group A,Google Ads,development,50570,50000,550,6,49291,0.974708,,
2026-05-30,SYN-GOOG-01,Generated search group A,Google Ads,development,56014,55364,609,9,68462,1.22223,,
2026-05-31,SYN-GOOG-01,Generated search group A,Google Ads,development,60487,59727,657,9,70134,1.159489,,
2026-06-01,SYN-GOOG-01,Generated search group A,Google Ads,development,65536,64727,712,10,75142,1.146576,,
2026-06-02,SYN-GOOG-01,Generated search group A,Google Ads,development,58264,57545,633,8,65353,1.12167,,
2026-06-03,SYN-GOOG-01,Generated search group A,Google Ads,development,52175,51545,567,7,55801,1.069497,,
2026-06-04,SYN-GOOG-01,Generated search group A,Google Ads,development,45786,45273,498,7,52175,1.13954,,
2026-06-05,SYN-GOOG-01,Generated search group A,Google Ads,development,50574,50000,550,7,54813,1.083818,,
2026-06-06,SYN-GOOG-01,Generated search group A,Google Ads,development,55273,54636,601,8,66174,1.197221,,
2026-06-07,SYN-GOOG-01,Generated search group A,Google Ads,development,56942,56273,619,8,66520,1.168206,,
2026-06-08,SYN-GOOG-01,Generated search group A,Google Ads,development,61536,60818,669,9,73192,1.189418,,
2026-06-09,SYN-GOOG-01,Generated search group A,Google Ads,development,51843,51273,564,6,51019,0.984106,,
2026-06-10,SYN-GOOG-01,Generated search group A,Google Ads,development,45075,44545,490,6,43197,0.958336,,
2026-06-11,SYN-GOOG-01,Generated search group A,Google Ads,development,40101,39636,436,5,40895,1.0198,,
2026-06-12,SYN-GOOG-01,Generated search group A,Google Ads,development,40332,39818,438,5,39776,0.986214,,
2026-06-13,SYN-GOOG-01,Generated search group A,Google Ads,development,50184,49545,545,6,50711,1.010501,,
2026-06-14,SYN-GOOG-01,Generated search group A,Google Ads,development,55464,54818,603,7,58527,1.055225,,
2026-06-15,SYN-GOOG-01,Generated search group A,Google Ads,development,55740,55091,606,8,60899,1.092555,,
2026-06-16,SYN-GOOG-01,Generated search group A,Google Ads,development,50248,49636,546,7,54124,1.077137,,
2026-06-17,SYN-GOOG-01,Generated search group A,Google Ads,development,43722,43182,475,6,45838,1.048397,,
2026-06-18,SYN-GOOG-01,Generated search group A,Google Ads,development,38799,38364,422,5,37084,0.955798,,
2026-06-19,SYN-GOOG-01,Generated search group A,Google Ads,development,43614,43091,474,5,43114,0.988536,,
2026-06-20,SYN-GOOG-01,Generated search group A,Google Ads,development,53780,53182,585,7,54711,1.017311,,
2026-06-21,SYN-GOOG-01,Generated search group A,Google Ads,development,54494,53818,592,8,62440,1.145814,,
2026-06-22,SYN-GOOG-01,Generated search group A,Google Ads,development,51912,51273,564,7,57002,1.098051,,
2026-06-23,SYN-GOOG-01,Generated search group A,Google Ads,development,54929,54273,597,7,51764,0.94238,,
2026-06-24,SYN-GOOG-01,Generated search group A,Google Ads,development,47885,47273,520,6,48384,1.010421,,
2026-06-25,SYN-GOOG-01,Generated search group A,Google Ads,development,50236,49636,546,6,48396,0.963373,,
2026-06-26,SYN-GOOG-01,Generated search group A,Google Ads,development,51422,50818,559,6,49991,0.972171,,
2026-06-27,SYN-GOOG-01,Generated search group A,Google Ads,development,59057,58364,642,9,71337,1.207935,,
2026-06-28,SYN-GOOG-01,Generated search group A,Google Ads,development,66382,65636,722,10,79523,1.19796,,
2026-06-29,SYN-GOOG-01,Generated search group A,Google Ads,development,60302,59545,655,9,69638,1.154821,,
2026-06-30,SYN-GOOG-01,Generated search group A,Google Ads,development,57119,56455,621,8,62756,1.098689,,
2026-07-01,SYN-GOOG-01,Generated search group A,Google Ads,development,49597,49000,539,7,51369,1.035728,,
2026-07-02,SYN-GOOG-01,Generated search group A,Google Ads,development,47091,46545,512,7,52003,1.104309,,
2026-07-03,SYN-GOOG-01,Generated search group A,Google Ads,development,52659,52000,572,7,56100,1.065345,,
2026-07-04,SYN-GOOG-01,Generated search group A,Google Ads,development,60454,59727,657,9,67700,1.11986,,
2026-07-05,SYN-GOOG-01,Generated search group A,Google Ads,development,64874,64091,705,9,70042,1.079662,,
2026-07-06,SYN-GOOG-01,Generated search group A,Google Ads,development,57928,57273,630,8,65335,1.127866,,
2026-07-07,SYN-GOOG-01,Generated search group A,Google Ads,development,51314,50727,558,7,55301,1.077698,,
2026-07-08,SYN-GOOG-01,Generated search group A,Google Ads,development,45310,44727,492,6,45697,1.008541,,
2026-07-09,SYN-GOOG-01,Generated search group A,Google Ads,development,43892,43364,477,5,41738,0.950925,,
2026-07-10,SYN-GOOG-01,Generated search group A,Google Ads,development,49561,49000,539,6,46244,0.933072,,
2026-07-11,SYN-GOOG-01,Generated search group A,Google Ads,development,51467,50818,559,7,55985,1.087784,,
2026-07-12,SYN-GOOG-01,Generated search group A,Google Ads,development,53835,53182,585,8,59926,1.113142,,
2026-07-13,SYN-GOOG-01,Generated search group A,Google Ads,development,58994,58273,641,9,67005,1.135793,,
2026-07-14,SYN-GOOG-01,Generated search group A,Google Ads,development,52675,52091,573,7,52988,1.005942,,
2026-07-15,SYN-GOOG-01,Generated search group A,Google Ads,development,44677,44182,486,6,43298,0.969134,,
2026-07-16,SYN-GOOG-01,Generated search group A,Google Ads,development,37054,36636,403,5,36140,0.975333,,
2026-07-17,SYN-GOOG-01,Generated search group A,Google Ads,development,43453,42909,472,5,42939,0.988171,,
2026-07-18,SYN-GOOG-01,Generated search group A,Google Ads,development,47160,46636,513,6,49369,1.046841,,
2026-07-19,SYN-GOOG-01,Generated search group A,Google Ads,development,57607,56909,626,8,59238,1.028313,,
2026-07-20,SYN-GOOG-01,Generated search group A,Google Ads,development,53973,53364,587,7,57349,1.06255,,
2026-07-21,SYN-GOOG-01,Generated search group A,Google Ads,development,47167,46636,513,7,51842,1.099116,,
2026-07-22,SYN-GOOG-01,Generated search group A,Google Ads,development,47635,47091,518,6,46451,0.975144,,
2026-07-23,SYN-GOOG-01,Generated search group A,Google Ads,development,44738,44182,486,6,45638,1.020117,,
2026-07-24,SYN-GOOG-01,Generated search group A,Google Ads,development,55555,54909,604,7,54944,0.989002,,
2026-07-25,SYN-GOOG-01,Generated search group A,Google Ads,development,52938,52273,575,8,58966,1.113869,,
2026-07-26,SYN-GOOG-01,Generated search group A,Google Ads,development,53883,53273,586,7,58225,1.080582,,
2026-07-27,SYN-GOOG-01,Generated search group A,Google Ads,development,65428,64636,711,10,81019,1.238292,,
2026-07-28,SYN-GOOG-01,Generated search group A,Google Ads,development,59324,58636,645,8,65342,1.101443,,
2026-07-29,SYN-GOOG-01,Generated search group A,Google Ads,development,53609,53000,583,8,59106,1.102539,,
2026-07-30,SYN-GOOG-01,Generated search group A,Google Ads,development,49387,48818,537,7,51826,1.049385,,
2026-07-31,SYN-GOOG-01,Generated search group A,Google Ads,development,53168,52545,578,7,58284,1.096223,,
2026-08-01,SYN-GOOG-01,Generated search group A,Google Ads,development,57883,57182,629,9,67237,1.161602,,
2026-08-02,SYN-GOOG-01,Generated search group A,Google Ads,holdout,62888,62182,684,10,75023,1.192962,1.06011,1.196011
2026-08-03,SYN-GOOG-01,Generated search group A,Google Ads,holdout,60620,59909,659,9,68493,1.129875,1.06011,1.169519
2026-08-04,SYN-GOOG-01,Generated search group A,Google Ads,holdout,53980,53364,587,7,55989,1.037217,1.06011,1.103785
2026-08-05,SYN-GOOG-01,Generated search group A,Google Ads,holdout,46820,46273,509,7,53293,1.138253,1.06011,1.033357
2026-08-06,SYN-GOOG-01,Generated search group A,Google Ads,holdout,42793,42273,465,6,45579,1.065104,1.06011,0.99586
2026-08-07,SYN-GOOG-01,Generated search group A,Google Ads,holdout,48867,48273,531,6,49181,1.006426,1.06011,1.059443
2026-08-08,SYN-GOOG-01,Generated search group A,Google Ads,holdout,50607,50000,550,7,51746,1.022507,1.06011,1.079846
2026-08-09,SYN-GOOG-01,Generated search group A,Google Ads,holdout,56437,55727,613,8,66636,1.180715,1.06011,1.129435
2026-08-10,SYN-GOOG-01,Generated search group A,Google Ads,holdout,55876,55182,607,8,61659,1.103497,1.06011,1.117516
2026-08-11,SYN-GOOG-01,Generated search group A,Google Ads,holdout,53069,52455,577,7,51941,0.978745,1.06011,1.084981
2026-08-12,SYN-GOOG-01,Generated search group A,Google Ads,holdout,46830,46273,509,6,43854,0.936451,1.06011,1.024848
2026-08-13,SYN-GOOG-01,Generated search group A,Google Ads,holdout,40432,39909,439,5,40322,0.997279,1.06011,0.966315
2026-08-14,SYN-GOOG-01,Generated search group A,Google Ads,holdout,40159,39727,437,5,37157,0.925247,1.06011,0.972316
2026-08-15,SYN-GOOG-01,Generated search group A,Google Ads,holdout,52534,51909,571,7,55053,1.04795,1.06011,1.097199
2026-08-16,SYN-GOOG-01,Generated search group A,Google Ads,holdout,54466,53818,592,8,61346,1.126317,1.06011,1.115938
2026-08-17,SYN-GOOG-01,Generated search group A,Google Ads,holdout,56917,56273,619,8,62256,1.093803,1.06011,1.132755
2026-08-18,SYN-GOOG-01,Generated search group A,Google Ads,holdout,48186,47636,524,6,50715,1.052484,1.06011,1.050258
2026-08-19,SYN-GOOG-01,Generated search group A,Google Ads,holdout,45238,44727,492,6,45240,1.000044,1.06011,1.021475
2026-08-20,SYN-GOOG-01,Generated search group A,Google Ads,holdout,41630,41091,452,5,38178,0.917079,1.06011,0.992109
2026-08-21,SYN-GOOG-01,Generated search group A,Google Ads,holdout,50960,50364,554,7,52239,1.025098,1.06011,1.090646
2026-08-22,SYN-GOOG-01,Generated search group A,Google Ads,holdout,57124,56455,621,8,63002,1.102899,1.06011,1.152698
2026-08-23,SYN-GOOG-01,Generated search group A,Google Ads,holdout,65268,64455,709,10,81136,1.243121,1.06011,1.220448
2026-08-24,SYN-GOOG-01,Generated search group A,Google Ads,holdout,62921,62182,684,9,69444,1.10367,1.06011,1.19746
2026-08-25,SYN-GOOG-01,Generated search group A,Google Ads,holdout,51013,50364,554,8,59122,1.158959,1.06011,1.090518
2026-08-26,SYN-GOOG-01,Generated search group A,Google Ads,holdout,51805,51182,563,7,51338,0.990985,1.06011,1.094819
2026-08-27,SYN-GOOG-01,Generated search group A,Google Ads,holdout,48356,47818,526,6,47415,0.98054,1.06011,1.067247
2026-08-28,SYN-GOOG-01,Generated search group A,Google Ads,holdout,52223,51636,568,7,52814,1.011317,1.06011,1.109753
2026-08-29,SYN-GOOG-01,Generated search group A,Google Ads,holdout,60876,60182,662,9,67327,1.10597,1.06011,1.188513
2026-08-30,SYN-GOOG-01,Generated search group A,Google Ads,holdout,60447,59727,657,9,73124,1.209721,1.06011,1.183931
2026-08-31,SYN-GOOG-01,Generated search group A,Google Ads,holdout,62105,61364,675,9,70250,1.131149,1.06011,1.189528
2026-01-04,SYN-GOOG-02,Generated search group B,Google Ads,development,55942,48583,583,10,78603,1.40508,,
2026-01-05,SYN-GOOG-02,Generated search group B,Google Ads,development,53784,46667,560,9,71476,1.328945,,
2026-01-06,SYN-GOOG-02,Generated search group B,Google Ads,development,49016,42583,511,8,67464,1.376367,,
2026-01-07,SYN-GOOG-02,Generated search group B,Google Ads,development,43962,38167,458,7,54075,1.23004,,
2026-01-08,SYN-GOOG-02,Generated search group B,Google Ads,development,39307,34083,409,6,46452,1.181774,,
2026-01-09,SYN-GOOG-02,Generated search group B,Google Ads,development,44678,38750,465,7,54959,1.230113,,
2026-01-10,SYN-GOOG-02,Generated search group B,Google Ads,development,51463,44667,536,8,66570,1.293551,,
2026-01-11,SYN-GOOG-02,Generated search group B,Google Ads,development,52773,45833,550,9,69183,1.310954,,
2026-01-12,SYN-GOOG-02,Generated search group B,Google Ads,development,45474,39500,474,7,57339,1.260918,,
2026-01-13,SYN-GOOG-02,Generated search group B,Google Ads,development,43462,37750,453,7,56726,1.305186,,
2026-01-14,SYN-GOOG-02,Generated search group B,Google Ads,development,39111,33917,407,5,44221,1.130654,,
2026-01-15,SYN-GOOG-02,Generated search group B,Google Ads,development,35754,31000,372,6,44770,1.252168,,
2026-01-16,SYN-GOOG-02,Generated search group B,Google Ads,development,40547,35167,422,6,52062,1.283991,,
2026-01-17,SYN-GOOG-02,Generated search group B,Google Ads,development,46187,40083,481,8,61293,1.327062,,
2026-01-18,SYN-GOOG-02,Generated search group B,Google Ads,development,50093,43500,522,8,66680,1.331124,,
2026-01-19,SYN-GOOG-02,Generated search group B,Google Ads,development,48637,42250,507,8,63148,1.298353,,
2026-01-20,SYN-GOOG-02,Generated search group B,Google Ads,development,41105,35667,428,6,51985,1.264688,,
2026-01-21,SYN-GOOG-02,Generated search group B,Google Ads,development,41768,36250,435,6,52226,1.250383,,
2026-01-22,SYN-GOOG-02,Generated search group B,Google Ads,development,49178,42667,512,7,59373,1.207308,,
2026-01-23,SYN-GOOG-02,Generated search group B,Google Ads,development,44760,38833,466,7,54551,1.218744,,
2026-01-24,SYN-GOOG-02,Generated search group B,Google Ads,development,53246,46250,555,9,71423,1.341378,,
2026-01-25,SYN-GOOG-02,Generated search group B,Google Ads,development,57099,49583,595,10,79123,1.385716,,
2026-01-26,SYN-GOOG-02,Generated search group B,Google Ads,development,58881,51083,613,10,80087,1.36015,,
2026-01-27,SYN-GOOG-02,Generated search group B,Google Ads,development,48454,42083,505,8,61954,1.278615,,
2026-01-28,SYN-GOOG-02,Generated search group B,Google Ads,development,44706,38833,466,7,54777,1.225272,,
2026-01-29,SYN-GOOG-02,Generated search group B,Google Ads,development,46627,40500,486,7,58449,1.253544,,
2026-01-30,SYN-GOOG-02,Generated search group B,Google Ads,development,50031,43417,521,8,64128,1.281765,,
2026-01-31,SYN-GOOG-02,Generated search group B,Google Ads,development,53894,46750,561,9,72845,1.351635,,
2026-02-01,SYN-GOOG-02,Generated search group B,Google Ads,development,58927,51167,614,10,81270,1.379164,,
2026-02-02,SYN-GOOG-02,Generated search group B,Google Ads,development,53595,46500,558,9,75829,1.414852,,
2026-02-03,SYN-GOOG-02,Generated search group B,Google Ads,development,46589,40417,485,7,57929,1.243405,,
2026-02-04,SYN-GOOG-02,Generated search group B,Google Ads,development,41727,36250,435,7,52817,1.265775,,
2026-02-05,SYN-GOOG-02,Generated search group B,Google Ads,development,42072,36500,438,6,51271,1.218649,,
2026-02-06,SYN-GOOG-02,Generated search group B,Google Ads,development,44690,38833,466,7,55366,1.23889,,
2026-02-07,SYN-GOOG-02,Generated search group B,Google Ads,development,51083,44333,532,8,65823,1.28855,,
2026-02-08,SYN-GOOG-02,Generated search group B,Google Ads,development,51862,45000,540,9,69239,1.335062,,
2026-02-09,SYN-GOOG-02,Generated search group B,Google Ads,development,50691,44000,528,8,64612,1.274625,,
2026-02-10,SYN-GOOG-02,Generated search group B,Google Ads,development,43483,37750,453,7,52950,1.217717,,
2026-02-11,SYN-GOOG-02,Generated search group B,Google Ads,development,40847,35417,425,6,49486,1.211497,,
2026-02-12,SYN-GOOG-02,Generated search group B,Google Ads,development,38878,33750,405,6,45617,1.173337,,
2026-02-13,SYN-GOOG-02,Generated search group B,Google Ads,development,42238,36667,440,6,51551,1.220489,,
2026-02-14,SYN-GOOG-02,Generated search group B,Google Ads,development,49804,43250,519,8,62839,1.261726,,
2026-02-15,SYN-GOOG-02,Generated search group B,Google Ads,development,53731,46667,560,9,71934,1.33878,,
2026-02-16,SYN-GOOG-02,Generated search group B,Google Ads,development,48975,42500,510,8,61413,1.253966,,
2026-02-17,SYN-GOOG-02,Generated search group B,Google Ads,development,47012,40833,490,7,58801,1.250766,,
2026-02-18,SYN-GOOG-02,Generated search group B,Google Ads,development,40360,35000,420,6,45751,1.133573,,
2026-02-19,SYN-GOOG-02,Generated search group B,Google Ads,development,40131,34833,418,6,50724,1.263961,,
2026-02-20,SYN-GOOG-02,Generated search group B,Google Ads,development,46311,40167,482,7,57462,1.240785,,
2026-02-21,SYN-GOOG-02,Generated search group B,Google Ads,development,53580,46500,558,8,66025,1.23227,,
2026-02-22,SYN-GOOG-02,Generated search group B,Google Ads,development,50356,43750,525,8,67047,1.33146,,
2026-02-23,SYN-GOOG-02,Generated search group B,Google Ads,development,55782,48417,581,9,74842,1.341687,,
2026-02-24,SYN-GOOG-02,Generated search group B,Google Ads,development,44694,38833,466,7,58927,1.318454,,
2026-02-25,SYN-GOOG-02,Generated search group B,Google Ads,development,44981,39083,469,7,56811,1.263,,
2026-02-26,SYN-GOOG-02,Generated search group B,Google Ads,development,46152,40083,481,8,61356,1.329433,,
2026-02-27,SYN-GOOG-02,Generated search group B,Google Ads,development,52405,45500,546,9,70025,1.336227,,
2026-02-28,SYN-GOOG-02,Generated search group B,Google Ads,development,54926,47667,572,9,72108,1.312821,,
2026-03-01,SYN-GOOG-02,Generated search group B,Google Ads,development,59056,51250,615,10,83542,1.414623,,
2026-03-02,SYN-GOOG-02,Generated search group B,Google Ads,development,50450,43833,526,9,69611,1.379802,,
2026-03-03,SYN-GOOG-02,Generated search group B,Google Ads,development,47499,41250,495,7,56685,1.193394,,
2026-03-04,SYN-GOOG-02,Generated search group B,Google Ads,development,42891,37250,447,7,54137,1.2622,,
2026-03-05,SYN-GOOG-02,Generated search group B,Google Ads,development,42623,37000,444,6,51794,1.215166,,
2026-03-06,SYN-GOOG-02,Generated search group B,Google Ads,development,46749,40583,487,7,59636,1.275664,,
2026-03-07,SYN-GOOG-02,Generated search group B,Google Ads,development,51518,44750,537,8,67734,1.314764,,
2026-03-08,SYN-GOOG-02,Generated search group B,Google Ads,development,55512,48167,578,9,76632,1.380458,,
2026-03-09,SYN-GOOG-02,Generated search group B,Google Ads,development,50322,43667,524,8,66653,1.32453,,
2026-03-10,SYN-GOOG-02,Generated search group B,Google Ads,development,45327,39333,472,7,56614,1.249013,,
2026-03-11,SYN-GOOG-02,Generated search group B,Google Ads,development,37245,32333,388,5,43539,1.168989,,
2026-03-12,SYN-GOOG-02,Generated search group B,Google Ads,development,38321,33250,399,5,43736,1.141306,,
2026-03-13,SYN-GOOG-02,Generated search group B,Google Ads,development,44475,38583,463,7,53429,1.201327,,
2026-03-14,SYN-GOOG-02,Generated search group B,Google Ads,development,45901,39833,478,7,60150,1.310429,,
2026-03-15,SYN-GOOG-02,Generated search group B,Google Ads,development,51388,44583,535,8,66802,1.299953,,
2026-03-16,SYN-GOOG-02,Generated search group B,Google Ads,development,50578,43917,527,8,66191,1.308692,,
2026-03-17,SYN-GOOG-02,Generated search group B,Google Ads,development,43226,37500,450,6,49624,1.148013,,
2026-03-18,SYN-GOOG-02,Generated search group B,Google Ads,development,38573,33500,402,6,44586,1.155886,,
2026-03-19,SYN-GOOG-02,Generated search group B,Google Ads,development,35848,31083,373,5,39029,1.088736,,
2026-03-20,SYN-GOOG-02,Generated search group B,Google Ads,development,44989,39083,469,7,53093,1.180133,,
2026-03-21,SYN-GOOG-02,Generated search group B,Google Ads,development,47671,41417,497,8,64691,1.35703,,
2026-03-22,SYN-GOOG-02,Generated search group B,Google Ads,development,52067,45167,542,9,71244,1.368314,,
2026-03-23,SYN-GOOG-02,Generated search group B,Google Ads,development,53480,46417,557,9,75721,1.415875,,
2026-03-24,SYN-GOOG-02,Generated search group B,Google Ads,development,47187,41000,492,8,63163,1.338568,,
2026-03-25,SYN-GOOG-02,Generated search group B,Google Ads,development,41005,35583,427,6,49851,1.21573,,
2026-03-26,SYN-GOOG-02,Generated search group B,Google Ads,development,44236,38417,461,6,52300,1.182295,,
2026-03-27,SYN-GOOG-02,Generated search group B,Google Ads,development,49683,43167,518,8,68680,1.382364,,
2026-03-28,SYN-GOOG-02,Generated search group B,Google Ads,development,52963,46000,552,9,71090,1.342258,,
2026-03-29,SYN-GOOG-02,Generated search group B,Google Ads,development,54800,47583,571,9,76239,1.391223,,
2026-03-30,SYN-GOOG-02,Generated search group B,Google Ads,development,61227,53167,638,11,85911,1.403155,,
2026-03-31,SYN-GOOG-02,Generated search group B,Google Ads,development,53796,46667,560,9,68862,1.280058,,
2026-04-01,SYN-GOOG-02,Generated search group B,Google Ads,development,47668,41417,497,7,58625,1.229861,,
2026-04-02,SYN-GOOG-02,Generated search group B,Google Ads,development,44568,38667,464,7,55130,1.236986,,
2026-04-03,SYN-GOOG-02,Generated search group B,Google Ads,development,52171,45250,543,8,68220,1.307623,,
2026-04-04,SYN-GOOG-02,Generated search group B,Google Ads,development,50462,43833,526,8,68219,1.351889,,
2026-04-05,SYN-GOOG-02,Generated search group B,Google Ads,development,53787,46667,560,9,73193,1.360794,,
2026-04-06,SYN-GOOG-02,Generated search group B,Google Ads,development,56395,48917,587,9,73128,1.296711,,
2026-04-07,SYN-GOOG-02,Generated search group B,Google Ads,development,48332,41917,503,8,62639,1.296015,,
2026-04-08,SYN-GOOG-02,Generated search group B,Google Ads,development,44907,39000,468,7,52954,1.179193,,
2026-04-09,SYN-GOOG-02,Generated search group B,Google Ads,development,38928,33833,406,6,49709,1.276947,,
2026-04-10,SYN-GOOG-02,Generated search group B,Google Ads,development,44285,38417,461,7,53975,1.21881,,
2026-04-11,SYN-GOOG-02,Generated search group B,Google Ads,development,48923,42500,510,8,62979,1.287309,,
2026-04-12,SYN-GOOG-02,Generated search group B,Google Ads,development,52533,45583,547,9,72461,1.379343,,
2026-04-13,SYN-GOOG-02,Generated search group B,Google Ads,development,44655,38750,465,7,54940,1.230321,,
2026-04-14,SYN-GOOG-02,Generated search group B,Google Ads,development,43653,37917,455,7,54059,1.23838,,
2026-04-15,SYN-GOOG-02,Generated search group B,Google Ads,development,38391,33333,400,6,45436,1.183507,,
2026-04-16,SYN-GOOG-02,Generated search group B,Google Ads,development,34709,30167,362,5,38767,1.116915,,
2026-04-17,SYN-GOOG-02,Generated search group B,Google Ads,development,45413,39417,473,7,54728,1.205117,,
2026-04-18,SYN-GOOG-02,Generated search group B,Google Ads,development,49641,43083,517,8,67404,1.357829,,
2026-04-19,SYN-GOOG-02,Generated search group B,Google Ads,development,53176,46167,554,9,73064,1.374003,,
2026-04-20,SYN-GOOG-02,Generated search group B,Google Ads,development,48202,41833,502,8,63173,1.310589,,
2026-04-21,SYN-GOOG-02,Generated search group B,Google Ads,development,52124,45250,543,8,65484,1.256312,,
2026-04-22,SYN-GOOG-02,Generated search group B,Google Ads,development,39059,33917,407,6,49545,1.268466,,
2026-04-23,SYN-GOOG-02,Generated search group B,Google Ads,development,41250,35833,430,6,49708,1.205042,,
2026-04-24,SYN-GOOG-02,Generated search group B,Google Ads,development,44430,38583,463,7,58121,1.308148,,
2026-04-25,SYN-GOOG-02,Generated search group B,Google Ads,development,53519,46417,557,9,73737,1.377772,,
2026-04-26,SYN-GOOG-02,Generated search group B,Google Ads,development,56661,49167,590,10,81898,1.445403,,
2026-04-27,SYN-GOOG-02,Generated search group B,Google Ads,development,56268,48833,586,9,76678,1.362728,,
2026-04-28,SYN-GOOG-02,Generated search group B,Google Ads,development,52668,45750,549,8,68131,1.293594,,
2026-04-29,SYN-GOOG-02,Generated search group B,Google Ads,development,47006,40833,490,8,60805,1.293558,,
2026-04-30,SYN-GOOG-02,Generated search group B,Google Ads,development,45892,39833,478,7,54349,1.18428,,
2026-05-01,SYN-GOOG-02,Generated search group B,Google Ads,development,50318,43667,524,8,67896,1.349338,,
2026-05-02,SYN-GOOG-02,Generated search group B,Google Ads,development,55201,47917,575,9,74229,1.344704,,
2026-05-03,SYN-GOOG-02,Generated search group B,Google Ads,development,61181,53083,637,11,87690,1.433288,,
2026-05-04,SYN-GOOG-02,Generated search group B,Google Ads,development,52638,45667,548,9,72524,1.377788,,
2026-05-05,SYN-GOOG-02,Generated search group B,Google Ads,development,45947,39917,479,7,60704,1.321174,,
2026-05-06,SYN-GOOG-02,Generated search group B,Google Ads,development,43297,37583,451,7,54238,1.252696,,
2026-05-07,SYN-GOOG-02,Generated search group B,Google Ads,development,41941,36417,437,6,49891,1.189552,,
2026-05-08,SYN-GOOG-02,Generated search group B,Google Ads,development,43452,37750,453,7,56510,1.300516,,
2026-05-09,SYN-GOOG-02,Generated search group B,Google Ads,development,48080,41750,501,8,61758,1.284484,,
2026-05-10,SYN-GOOG-02,Generated search group B,Google Ads,development,52626,45667,548,9,72770,1.382777,,
2026-05-11,SYN-GOOG-02,Generated search group B,Google Ads,development,50596,43917,527,8,63801,1.260989,,
2026-05-12,SYN-GOOG-02,Generated search group B,Google Ads,development,44630,38750,465,7,57444,1.287116,,
2026-05-13,SYN-GOOG-02,Generated search group B,Google Ads,development,38066,33083,397,5,42709,1.121972,,
2026-05-14,SYN-GOOG-02,Generated search group B,Google Ads,development,35537,30833,370,5,42787,1.204013,,
2026-05-15,SYN-GOOG-02,Generated search group B,Google Ads,development,43983,38167,458,6,51560,1.172271,,
2026-05-16,SYN-GOOG-02,Generated search group B,Google Ads,development,48101,41750,501,8,63803,1.326438,,
2026-05-17,SYN-GOOG-02,Generated search group B,Google Ads,development,49923,43333,520,8,67305,1.348176,,
2026-05-18,SYN-GOOG-02,Generated search group B,Google Ads,development,49304,42833,514,8,64106,1.300219,,
2026-05-19,SYN-GOOG-02,Generated search group B,Google Ads,development,41806,36250,435,6,50617,1.210759,,
2026-05-20,SYN-GOOG-02,Generated search group B,Google Ads,development,39622,34417,413,6,47560,1.200343,,
2026-05-21,SYN-GOOG-02,Generated search group B,Google Ads,development,40713,35333,424,6,51082,1.254685,,
2026-05-22,SYN-GOOG-02,Generated search group B,Google Ads,development,47363,41083,493,7,60567,1.278783,,
2026-05-23,SYN-GOOG-02,Generated search group B,Google Ads,development,53706,46583,559,9,69154,1.28764,,
2026-05-24,SYN-GOOG-02,Generated search group B,Google Ads,development,57923,50250,603,10,80601,1.39152,,
2026-05-25,SYN-GOOG-02,Generated search group B,Google Ads,development,55170,47917,575,10,77200,1.399311,,
2026-05-26,SYN-GOOG-02,Generated search group B,Google Ads,development,52891,45917,551,9,70123,1.325802,,
2026-05-27,SYN-GOOG-02,Generated search group B,Google Ads,development,45101,39167,470,7,57767,1.280836,,
2026-05-28,SYN-GOOG-02,Generated search group B,Google Ads,development,45585,39583,475,7,55377,1.214808,,
2026-05-29,SYN-GOOG-02,Generated search group B,Google Ads,development,50110,43500,522,8,64096,1.279106,,
2026-05-30,SYN-GOOG-02,Generated search group B,Google Ads,development,54101,47000,564,10,77337,1.429493,,
2026-05-31,SYN-GOOG-02,Generated search group B,Google Ads,development,59385,51583,619,11,85274,1.435952,,
2026-06-01,SYN-GOOG-02,Generated search group B,Google Ads,development,53221,46167,554,9,74889,1.407133,,
2026-06-02,SYN-GOOG-02,Generated search group B,Google Ads,development,46630,40500,486,8,63705,1.366181,,
2026-06-03,SYN-GOOG-02,Generated search group B,Google Ads,development,50085,43500,522,8,64192,1.281661,,
2026-06-04,SYN-GOOG-02,Generated search group B,Google Ads,development,44268,38417,461,7,53664,1.212253,,
2026-06-05,SYN-GOOG-02,Generated search group B,Google Ads,development,49837,43250,519,7,60357,1.211088,,
2026-06-06,SYN-GOOG-02,Generated search group B,Google Ads,development,47641,41333,496,8,65383,1.37241,,
2026-06-07,SYN-GOOG-02,Generated search group B,Google Ads,development,53013,46000,552,10,77728,1.466206,,
2026-06-08,SYN-GOOG-02,Generated search group B,Google Ads,development,49447,42917,515,8,65233,1.319251,,
2026-06-09,SYN-GOOG-02,Generated search group B,Google Ads,development,42918,37250,447,7,55174,1.285568,,
2026-06-10,SYN-GOOG-02,Generated search group B,Google Ads,development,39395,34167,410,6,51372,1.304023,,
2026-06-11,SYN-GOOG-02,Generated search group B,Google Ads,development,43989,38167,458,7,55098,1.25254,,
2026-06-12,SYN-GOOG-02,Generated search group B,Google Ads,development,43361,37667,452,6,51723,1.192846,,
2026-06-13,SYN-GOOG-02,Generated search group B,Google Ads,development,49167,42667,512,8,60881,1.238249,,
2026-06-14,SYN-GOOG-02,Generated search group B,Google Ads,development,51491,44667,536,8,67084,1.30283,,
2026-06-15,SYN-GOOG-02,Generated search group B,Google Ads,development,50562,43917,527,8,67434,1.333689,,
2026-06-16,SYN-GOOG-02,Generated search group B,Google Ads,development,39661,34417,413,6,50366,1.269913,,
2026-06-17,SYN-GOOG-02,Generated search group B,Google Ads,development,41384,35917,431,6,51408,1.242219,,
2026-06-18,SYN-GOOG-02,Generated search group B,Google Ads,development,40081,34833,418,6,49781,1.24201,,
2026-06-19,SYN-GOOG-02,Generated search group B,Google Ads,development,41792,36250,435,6,50295,1.20346,,
2026-06-20,SYN-GOOG-02,Generated search group B,Google Ads,development,51410,44667,536,8,67970,1.322116,,
2026-06-21,SYN-GOOG-02,Generated search group B,Google Ads,development,51304,44500,534,9,73563,1.433865,,
2026-06-22,SYN-GOOG-02,Generated search group B,Google Ads,development,52174,45250,543,9,71383,1.368172,,
2026-06-23,SYN-GOOG-02,Generated search group B,Google Ads,development,47679,41417,497,8,64344,1.349525,,
2026-06-24,SYN-GOOG-02,Generated search group B,Google Ads,development,42241,36667,440,7,53497,1.266471,,
2026-06-25,SYN-GOOG-02,Generated search group B,Google Ads,development,42578,37000,444,7,54578,1.281836,,
2026-06-26,SYN-GOOG-02,Generated search group B,Google Ads,development,51218,44500,534,8,64433,1.258015,,
2026-06-27,SYN-GOOG-02,Generated search group B,Google Ads,development,53051,46083,553,9,70875,1.335979,,
2026-06-28,SYN-GOOG-02,Generated search group B,Google Ads,development,58930,51167,614,11,85578,1.452198,,
2026-06-29,SYN-GOOG-02,Generated search group B,Google Ads,development,55320,48000,576,9,73895,1.335774,,
2026-06-30,SYN-GOOG-02,Generated search group B,Google Ads,development,48319,41917,503,8,61597,1.274799,,
2026-07-01,SYN-GOOG-02,Generated search group B,Google Ads,development,47358,41083,493,7,60011,1.267178,,
2026-07-02,SYN-GOOG-02,Generated search group B,Google Ads,development,41883,36333,436,7,53961,1.288375,,
2026-07-03,SYN-GOOG-02,Generated search group B,Google Ads,development,50405,43750,525,8,63421,1.258228,,
2026-07-04,SYN-GOOG-02,Generated search group B,Google Ads,development,54655,47417,569,9,72994,1.335541,,
2026-07-05,SYN-GOOG-02,Generated search group B,Google Ads,development,55115,47833,574,9,75166,1.363803,,
2026-07-06,SYN-GOOG-02,Generated search group B,Google Ads,development,52624,45667,548,8,66564,1.264898,,
2026-07-07,SYN-GOOG-02,Generated search group B,Google Ads,development,44219,38417,461,7,56094,1.26855,,
2026-07-08,SYN-GOOG-02,Generated search group B,Google Ads,development,37774,32750,393,6,45092,1.193731,,
2026-07-09,SYN-GOOG-02,Generated search group B,Google Ads,development,35718,31000,372,5,40872,1.144297,,
2026-07-10,SYN-GOOG-02,Generated search group B,Google Ads,development,42502,36917,443,6,51142,1.203285,,
2026-07-11,SYN-GOOG-02,Generated search group B,Google Ads,development,46542,40417,485,7,56940,1.223411,,
2026-07-12,SYN-GOOG-02,Generated search group B,Google Ads,development,51343,44583,535,8,67137,1.307617,,
2026-07-13,SYN-GOOG-02,Generated search group B,Google Ads,development,51705,44917,539,8,64368,1.244909,,
2026-07-14,SYN-GOOG-02,Generated search group B,Google Ads,development,45650,39667,476,7,57070,1.250164,,
2026-07-15,SYN-GOOG-02,Generated search group B,Google Ads,development,39528,34333,412,6,47075,1.190928,,
2026-07-16,SYN-GOOG-02,Generated search group B,Google Ads,development,39060,33917,407,6,45034,1.152944,,
2026-07-17,SYN-GOOG-02,Generated search group B,Google Ads,development,45431,39417,473,7,55879,1.229975,,
2026-07-18,SYN-GOOG-02,Generated search group B,Google Ads,development,50836,44167,530,8,65746,1.293296,,
2026-07-19,SYN-GOOG-02,Generated search group B,Google Ads,development,55347,48083,577,9,76246,1.3776,,
2026-07-20,SYN-GOOG-02,Generated search group B,Google Ads,development,53466,46417,557,8,68748,1.285827,,
2026-07-21,SYN-GOOG-02,Generated search group B,Google Ads,development,51957,45083,541,8,66508,1.280059,,
2026-07-22,SYN-GOOG-02,Generated search group B,Google Ads,development,37308,32417,389,6,47402,1.270559,,
2026-07-23,SYN-GOOG-02,Generated search group B,Google Ads,development,44790,38917,467,7,55312,1.234919,,
2026-07-24,SYN-GOOG-02,Generated search group B,Google Ads,development,52176,45333,544,9,70161,1.344699,,
2026-07-25,SYN-GOOG-02,Generated search group B,Google Ads,development,58507,50750,609,10,82662,1.412857,,
2026-07-26,SYN-GOOG-02,Generated search group B,Google Ads,development,56279,48833,586,10,78853,1.401109,,
2026-07-27,SYN-GOOG-02,Generated search group B,Google Ads,development,55293,48000,576,10,81539,1.474671,,
2026-07-28,SYN-GOOG-02,Generated search group B,Google Ads,development,50986,44250,531,8,68615,1.345762,,
2026-07-29,SYN-GOOG-02,Generated search group B,Google Ads,development,46655,40500,486,7,58125,1.245847,,
2026-07-30,SYN-GOOG-02,Generated search group B,Google Ads,development,45353,39333,472,7,57896,1.276564,,
2026-07-31,SYN-GOOG-02,Generated search group B,Google Ads,development,51726,44917,539,8,67183,1.298825,,
2026-08-01,SYN-GOOG-02,Generated search group B,Google Ads,development,56543,49083,589,9,76864,1.35939,,
2026-08-02,SYN-GOOG-02,Generated search group B,Google Ads,holdout,54650,47417,569,9,75410,1.379872,1.284475,1.377527
2026-08-03,SYN-GOOG-02,Generated search group B,Google Ads,holdout,53357,46333,556,9,72048,1.350301,1.284475,1.358001
2026-08-04,SYN-GOOG-02,Generated search group B,Google Ads,holdout,42070,36500,438,7,53645,1.275137,1.284475,1.242819
2026-08-05,SYN-GOOG-02,Generated search group B,Google Ads,holdout,43539,37833,454,7,52805,1.212821,1.284475,1.251542
2026-08-06,SYN-GOOG-02,Generated search group B,Google Ads,holdout,43265,37583,451,7,53190,1.2294,1.284475,1.250123
2026-08-07,SYN-GOOG-02,Generated search group B,Google Ads,holdout,45635,39583,475,7,60470,1.325079,1.284475,1.278833
2026-08-08,SYN-GOOG-02,Generated search group B,Google Ads,holdout,46745,40583,487,8,61049,1.306001,1.284475,1.293922
2026-08-09,SYN-GOOG-02,Generated search group B,Google Ads,holdout,51353,44583,535,9,70750,1.377719,1.284475,1.33486
2026-08-10,SYN-GOOG-02,Generated search group B,Google Ads,holdout,50677,44000,528,8,65749,1.297413,1.284475,1.32164
2026-08-11,SYN-GOOG-02,Generated search group B,Google Ads,holdout,43914,38083,457,7,56659,1.290226,1.284475,1.250098
2026-08-12,SYN-GOOG-02,Generated search group B,Google Ads,holdout,38830,33667,404,6,45117,1.161911,1.284475,1.195588
2026-08-13,SYN-GOOG-02,Generated search group B,Google Ads,holdout,35078,30417,365,6,46039,1.312475,1.284475,1.159722
2026-08-14,SYN-GOOG-02,Generated search group B,Google Ads,holdout,42229,36667,440,7,54274,1.285231,1.284475,1.242747
2026-08-15,SYN-GOOG-02,Generated search group B,Google Ads,holdout,45971,39917,479,8,61952,1.347632,1.284475,1.286786
2026-08-16,SYN-GOOG-02,Generated search group B,Google Ads,holdout,48471,42083,505,8,67837,1.399538,1.284475,1.312053
2026-08-17,SYN-GOOG-02,Generated search group B,Google Ads,holdout,50313,43667,524,8,65030,1.292509,1.284475,1.324784
2026-08-18,SYN-GOOG-02,Generated search group B,Google Ads,holdout,46684,40500,486,7,58520,1.253534,1.284475,1.285861
2026-08-19,SYN-GOOG-02,Generated search group B,Google Ads,holdout,44112,38333,460,6,51562,1.168888,1.284475,1.260245
2026-08-20,SYN-GOOG-02,Generated search group B,Google Ads,holdout,41384,35917,431,6,50736,1.225981,1.284475,1.239269
2026-08-21,SYN-GOOG-02,Generated search group B,Google Ads,holdout,50523,43833,526,8,67103,1.328167,1.284475,1.336339
2026-08-22,SYN-GOOG-02,Generated search group B,Google Ads,holdout,53065,46083,553,9,70176,1.322454,1.284475,1.367482
2026-08-23,SYN-GOOG-02,Generated search group B,Google Ads,holdout,57269,49750,597,10,81540,1.423807,1.284475,1.405576
2026-08-24,SYN-GOOG-02,Generated search group B,Google Ads,holdout,57488,49917,599,10,79471,1.382393,1.284475,1.402824
2026-08-25,SYN-GOOG-02,Generated search group B,Google Ads,holdout,47610,41333,496,8,63987,1.343982,1.284475,1.309042
2026-08-26,SYN-GOOG-02,Generated search group B,Google Ads,holdout,44840,38917,467,7,56961,1.270317,1.284475,1.280052
2026-08-27,SYN-GOOG-02,Generated search group B,Google Ads,holdout,44363,38500,462,7,57558,1.297433,1.284475,1.27913
2026-08-28,SYN-GOOG-02,Generated search group B,Google Ads,holdout,50454,43833,526,8,66209,1.312265,1.284475,1.34357
2026-08-29,SYN-GOOG-02,Generated search group B,Google Ads,holdout,52987,46000,552,9,73208,1.381622,1.284475,1.37168
2026-08-30,SYN-GOOG-02,Generated search group B,Google Ads,holdout,58632,50917,611,10,83060,1.416633,1.284475,1.418673
2026-08-31,SYN-GOOG-02,Generated search group B,Google Ads,holdout,55403,48083,577,9,74048,1.336534,1.284475,1.383745
2026-01-04,SYN-GOOG-03,Generated shopping group A,Google Ads,development,46093,35462,461,9,71211,1.544942,,
2026-01-05,SYN-GOOG-03,Generated shopping group A,Google Ads,development,46280,35615,463,9,70646,1.526491,,
2026-01-06,SYN-GOOG-03,Generated shopping group A,Google Ads,development,36862,28385,369,7,50846,1.379361,,
2026-01-07,SYN-GOOG-03,Generated shopping group A,Google Ads,development,37397,28769,374,6,45392,1.213787,,
2026-01-08,SYN-GOOG-03,Generated shopping group A,Google Ads,development,34921,26846,349,6,47576,1.362389,,
2026-01-09,SYN-GOOG-03,Generated shopping group A,Google Ads,development,39002,30000,390,7,52615,1.349033,,
2026-01-10,SYN-GOOG-03,Generated shopping group A,Google Ads,development,42672,32846,427,9,64915,1.521255,,
2026-01-11,SYN-GOOG-03,Generated shopping group A,Google Ads,development,44472,34231,445,9,66300,1.490826,,
2026-01-12,SYN-GOOG-03,Generated shopping group A,Google Ads,development,38339,29462,383,7,53572,1.397324,,
2026-01-13,SYN-GOOG-03,Generated shopping group A,Google Ads,development,33204,25538,332,6,44077,1.327461,,
2026-01-14,SYN-GOOG-03,Generated shopping group A,Google Ads,development,32441,24923,324,5,40934,1.261798,,
2026-01-15,SYN-GOOG-03,Generated shopping group A,Google Ads,development,35606,27385,356,6,47657,1.338454,,
2026-01-16,SYN-GOOG-03,Generated shopping group A,Google Ads,development,38444,29538,384,7,55046,1.431849,,
2026-01-17,SYN-GOOG-03,Generated shopping group A,Google Ads,development,41268,31769,413,8,60853,1.474581,,
2026-01-18,SYN-GOOG-03,Generated shopping group A,Google Ads,development,43615,33538,436,8,60390,1.384615,,
2026-01-19,SYN-GOOG-03,Generated shopping group A,Google Ads,development,39862,30692,399,7,54628,1.370428,,
2026-01-20,SYN-GOOG-03,Generated shopping group A,Google Ads,development,37025,28462,370,7,54632,1.475544,,
2026-01-21,SYN-GOOG-03,Generated shopping group A,Google Ads,development,35420,27231,354,6,47806,1.349689,,
2026-01-22,SYN-GOOG-03,Generated shopping group A,Google Ads,development,36624,28154,366,7,50687,1.383983,,
2026-01-23,SYN-GOOG-03,Generated shopping group A,Google Ads,development,43966,33846,440,9,64719,1.472024,,
2026-01-24,SYN-GOOG-03,Generated shopping group A,Google Ads,development,44054,33923,441,9,65515,1.487152,,
2026-01-25,SYN-GOOG-03,Generated shopping group A,Google Ads,development,51103,39308,511,10,78246,1.531143,,
2026-01-26,SYN-GOOG-03,Generated shopping group A,Google Ads,development,44999,34615,450,9,67809,1.5069,,
2026-01-27,SYN-GOOG-03,Generated shopping group A,Google Ads,development,42449,32615,424,8,62754,1.478339,,
2026-01-28,SYN-GOOG-03,Generated shopping group A,Google Ads,development,38439,29538,384,7,54511,1.418117,,
2026-01-29,SYN-GOOG-03,Generated shopping group A,Google Ads,development,39412,30308,394,7,55649,1.411981,,
2026-01-30,SYN-GOOG-03,Generated shopping group A,Google Ads,development,42947,33000,429,8,60468,1.407968,,
2026-01-31,SYN-GOOG-03,Generated shopping group A,Google Ads,development,49267,37923,493,10,76088,1.544401,,
2026-02-01,SYN-GOOG-03,Generated shopping group A,Google Ads,development,49189,37846,492,10,76975,1.564882,,
2026-02-02,SYN-GOOG-03,Generated shopping group A,Google Ads,development,44460,34231,445,9,69839,1.570828,,
2026-02-03,SYN-GOOG-03,Generated shopping group A,Google Ads,development,39830,30615,398,7,56497,1.418453,,
2026-02-04,SYN-GOOG-03,Generated shopping group A,Google Ads,development,33609,25846,336,6,47386,1.40992,,
2026-02-05,SYN-GOOG-03,Generated shopping group A,Google Ads,development,37561,28923,376,7,52610,1.400655,,
2026-02-06,SYN-GOOG-03,Generated shopping group A,Google Ads,development,40268,31000,403,8,58129,1.443553,,
2026-02-07,SYN-GOOG-03,Generated shopping group A,Google Ads,development,46240,35538,462,9,69229,1.497167,,
2026-02-08,SYN-GOOG-03,Generated shopping group A,Google Ads,development,43559,33538,436,8,61777,1.418237,,
2026-02-09,SYN-GOOG-03,Generated shopping group A,Google Ads,development,41985,32308,420,8,61873,1.473693,,
2026-02-10,SYN-GOOG-03,Generated shopping group A,Google Ads,development,34007,26154,340,6,44361,1.304467,,
2026-02-11,SYN-GOOG-03,Generated shopping group A,Google Ads,development,31618,24308,316,6,43452,1.37428,,
2026-02-12,SYN-GOOG-03,Generated shopping group A,Google Ads,development,34786,26769,348,6,47806,1.374289,,
2026-02-13,SYN-GOOG-03,Generated shopping group A,Google Ads,development,37144,28538,371,7,50113,1.349155,,
2026-02-14,SYN-GOOG-03,Generated shopping group A,Google Ads,development,42960,33077,430,8,60271,1.402956,,
2026-02-15,SYN-GOOG-03,Generated shopping group A,Google Ads,development,43875,33769,439,8,61416,1.399795,,
2026-02-16,SYN-GOOG-03,Generated shopping group A,Google Ads,development,40673,31308,407,8,57944,1.424631,,
2026-02-17,SYN-GOOG-03,Generated shopping group A,Google Ads,development,36015,27692,360,7,49542,1.375594,,
2026-02-18,SYN-GOOG-03,Generated shopping group A,Google Ads,development,35889,27615,359,6,48249,1.344395,,
2026-02-19,SYN-GOOG-03,Generated shopping group A,Google Ads,development,35470,27308,355,7,50311,1.41841,,
2026-02-20,SYN-GOOG-03,Generated shopping group A,Google Ads,development,42587,32769,426,8,61665,1.447977,,
2026-02-21,SYN-GOOG-03,Generated shopping group A,Google Ads,development,44907,34538,449,9,69487,1.547353,,
2026-02-22,SYN-GOOG-03,Generated shopping group A,Google Ads,development,47118,36231,471,10,73398,1.557749,,
2026-02-23,SYN-GOOG-03,Generated shopping group A,Google Ads,development,45918,35308,459,9,66165,1.440938,,
2026-02-24,SYN-GOOG-03,Generated shopping group A,Google Ads,development,41565,32000,416,8,60030,1.444244,,
2026-02-25,SYN-GOOG-03,Generated shopping group A,Google Ads,development,43432,33385,434,8,63092,1.452662,,
2026-02-26,SYN-GOOG-03,Generated shopping group A,Google Ads,development,38268,29462,383,7,56606,1.479199,,
2026-02-27,SYN-GOOG-03,Generated shopping group A,Google Ads,development,45351,34923,454,9,69211,1.526118,,
2026-02-28,SYN-GOOG-03,Generated shopping group A,Google Ads,development,51136,39308,511,10,75986,1.485959,,
2026-03-01,SYN-GOOG-03,Generated shopping group A,Google Ads,development,51064,39308,511,11,80296,1.572458,,
2026-03-02,SYN-GOOG-03,Generated shopping group A,Google Ads,development,47201,36308,472,9,69133,1.464651,,
2026-03-03,SYN-GOOG-03,Generated shopping group A,Google Ads,development,39054,30077,391,7,56570,1.448507,,
2026-03-04,SYN-GOOG-03,Generated shopping group A,Google Ads,development,39109,30077,391,7,55903,1.429415,,
2026-03-05,SYN-GOOG-03,Generated shopping group A,Google Ads,development,39823,30615,398,8,59636,1.497527,,
2026-03-06,SYN-GOOG-03,Generated shopping group A,Google Ads,development,40336,31000,403,8,57383,1.422625,,
2026-03-07,SYN-GOOG-03,Generated shopping group A,Google Ads,development,46187,35538,462,9,70100,1.517743,,
2026-03-08,SYN-GOOG-03,Generated shopping group A,Google Ads,development,44097,33923,441,9,66707,1.512733,,
2026-03-09,SYN-GOOG-03,Generated shopping group A,Google Ads,development,42431,32615,424,8,61024,1.438194,,
2026-03-10,SYN-GOOG-03,Generated shopping group A,Google Ads,development,36866,28385,369,7,52845,1.433435,,
2026-03-11,SYN-GOOG-03,Generated shopping group A,Google Ads,development,30107,23154,301,5,40476,1.344405,,
2026-03-12,SYN-GOOG-03,Generated shopping group A,Google Ads,development,33190,25538,332,6,44211,1.332058,,
2026-03-13,SYN-GOOG-03,Generated shopping group A,Google Ads,development,39539,30385,395,7,53913,1.36354,,
2026-03-14,SYN-GOOG-03,Generated shopping group A,Google Ads,development,42810,32923,428,8,61757,1.442584,,
2026-03-15,SYN-GOOG-03,Generated shopping group A,Google Ads,development,40166,30923,402,8,57133,1.422422,,
2026-03-16,SYN-GOOG-03,Generated shopping group A,Google Ads,development,39549,30385,395,8,57872,1.463299,,
2026-03-17,SYN-GOOG-03,Generated shopping group A,Google Ads,development,34342,26385,343,6,46112,1.342729,,
2026-03-18,SYN-GOOG-03,Generated shopping group A,Google Ads,development,30886,23769,309,5,40919,1.32484,,
2026-03-19,SYN-GOOG-03,Generated shopping group A,Google Ads,development,32939,25308,329,6,43721,1.327332,,
2026-03-20,SYN-GOOG-03,Generated shopping group A,Google Ads,development,40129,30846,401,8,58898,1.467717,,
2026-03-21,SYN-GOOG-03,Generated shopping group A,Google Ads,development,45857,35308,459,8,64160,1.399132,,
2026-03-22,SYN-GOOG-03,Generated shopping group A,Google Ads,development,49005,37692,490,10,75122,1.532946,,
2026-03-23,SYN-GOOG-03,Generated shopping group A,Google Ads,development,43130,33154,431,8,64445,1.494204,,
2026-03-24,SYN-GOOG-03,Generated shopping group A,Google Ads,development,40576,31231,406,8,57452,1.415911,,
2026-03-25,SYN-GOOG-03,Generated shopping group A,Google Ads,development,37194,28615,372,7,50810,1.366081,,
2026-03-26,SYN-GOOG-03,Generated shopping group A,Google Ads,development,40428,31077,404,8,57297,1.41726,,
2026-03-27,SYN-GOOG-03,Generated shopping group A,Google Ads,development,45350,34923,454,9,66327,1.462558,,
2026-03-28,SYN-GOOG-03,Generated shopping group A,Google Ads,development,47979,36923,480,10,73955,1.541404,,
2026-03-29,SYN-GOOG-03,Generated shopping group A,Google Ads,development,53131,40846,531,11,83474,1.571098,,
2026-03-30,SYN-GOOG-03,Generated shopping group A,Google Ads,development,45889,35308,459,9,68963,1.502822,,
2026-03-31,SYN-GOOG-03,Generated shopping group A,Google Ads,development,39472,30385,395,8,57958,1.468332,,
2026-04-01,SYN-GOOG-03,Generated shopping group A,Google Ads,development,40953,31538,410,8,59552,1.454155,,
2026-04-02,SYN-GOOG-03,Generated shopping group A,Google Ads,development,39987,30769,400,8,59738,1.493936,,
2026-04-03,SYN-GOOG-03,Generated shopping group A,Google Ads,development,40276,31000,403,8,58686,1.457096,,
2026-04-04,SYN-GOOG-03,Generated shopping group A,Google Ads,development,42814,32923,428,9,68059,1.589644,,
2026-04-05,SYN-GOOG-03,Generated shopping group A,Google Ads,development,48297,37154,483,10,76589,1.585792,,
2026-04-06,SYN-GOOG-03,Generated shopping group A,Google Ads,development,44190,34000,442,8,62892,1.423218,,
2026-04-07,SYN-GOOG-03,Generated shopping group A,Google Ads,development,37947,29154,379,7,49524,1.305083,,
2026-04-08,SYN-GOOG-03,Generated shopping group A,Google Ads,development,37441,28769,374,7,50667,1.353249,,
2026-04-09,SYN-GOOG-03,Generated shopping group A,Google Ads,development,32059,24692,321,6,42085,1.312736,,
2026-04-10,SYN-GOOG-03,Generated shopping group A,Google Ads,development,41478,31923,415,8,57326,1.382082,,
2026-04-11,SYN-GOOG-03,Generated shopping group A,Google Ads,development,43311,33308,433,8,62621,1.445845,,
2026-04-12,SYN-GOOG-03,Generated shopping group A,Google Ads,development,41580,32000,416,8,61953,1.489971,,
2026-04-13,SYN-GOOG-03,Generated shopping group A,Google Ads,development,41560,32000,416,8,59213,1.424759,,
2026-04-14,SYN-GOOG-03,Generated shopping group A,Google Ads,development,35606,27385,356,7,50125,1.407768,,
2026-04-15,SYN-GOOG-03,Generated shopping group A,Google Ads,development,32001,24615,320,5,41303,1.290678,,
2026-04-16,SYN-GOOG-03,Generated shopping group A,Google Ads,development,30648,23538,306,5,41267,1.346483,,
2026-04-17,SYN-GOOG-03,Generated shopping group A,Google Ads,development,41950,32308,420,8,57006,1.358903,,
2026-04-18,SYN-GOOG-03,Generated shopping group A,Google Ads,development,41672,32077,417,8,63524,1.524381,,
2026-04-19,SYN-GOOG-03,Generated shopping group A,Google Ads,development,45969,35385,460,9,68681,1.494072,,
2026-04-20,SYN-GOOG-03,Generated shopping group A,Google Ads,development,41223,31692,412,8,58042,1.408,,
2026-04-21,SYN-GOOG-03,Generated shopping group A,Google Ads,development,40501,31154,405,8,58300,1.439471,,
2026-04-22,SYN-GOOG-03,Generated shopping group A,Google Ads,development,36466,28077,365,6,45867,1.257802,,
2026-04-23,SYN-GOOG-03,Generated shopping group A,Google Ads,development,35672,27462,357,6,48110,1.348677,,
2026-04-24,SYN-GOOG-03,Generated shopping group A,Google Ads,development,43435,33385,434,8,63918,1.471578,,
2026-04-25,SYN-GOOG-03,Generated shopping group A,Google Ads,development,50042,38462,500,10,74068,1.480117,,
2026-04-26,SYN-GOOG-03,Generated shopping group A,Google Ads,development,48522,37308,485,10,79056,1.629282,,
2026-04-27,SYN-GOOG-03,Generated shopping group A,Google Ads,development,48563,37385,486,10,74816,1.540597,,
2026-04-28,SYN-GOOG-03,Generated shopping group A,Google Ads,development,42183,32462,422,8,60774,1.440723,,
2026-04-29,SYN-GOOG-03,Generated shopping group A,Google Ads,development,39246,30154,392,7,55583,1.416272,,
2026-04-30,SYN-GOOG-03,Generated shopping group A,Google Ads,development,39849,30615,398,7,55401,1.390273,,
2026-05-01,SYN-GOOG-03,Generated shopping group A,Google Ads,development,43868,33769,439,9,67301,1.534171,,
2026-05-02,SYN-GOOG-03,Generated shopping group A,Google Ads,development,46535,35769,465,10,72965,1.56796,,
2026-05-03,SYN-GOOG-03,Generated shopping group A,Google Ads,development,47055,36231,471,10,72261,1.535671,,
2026-05-04,SYN-GOOG-03,Generated shopping group A,Google Ads,development,46698,35923,467,9,67031,1.435415,,
2026-05-05,SYN-GOOG-03,Generated shopping group A,Google Ads,development,39743,30538,397,7,55256,1.390333,,
2026-05-06,SYN-GOOG-03,Generated shopping group A,Google Ads,development,35628,27385,356,6,49006,1.375491,,
2026-05-07,SYN-GOOG-03,Generated shopping group A,Google Ads,development,37452,28846,375,7,52896,1.412368,,
2026-05-08,SYN-GOOG-03,Generated shopping group A,Google Ads,development,42998,33077,430,8,61523,1.430834,,
2026-05-09,SYN-GOOG-03,Generated shopping group A,Google Ads,development,43847,33692,438,9,65753,1.499601,,
2026-05-10,SYN-GOOG-03,Generated shopping group A,Google Ads,development,41453,31923,415,8,62816,1.515355,,
2026-05-11,SYN-GOOG-03,Generated shopping group A,Google Ads,development,39934,30692,399,7,56027,1.40299,,
2026-05-12,SYN-GOOG-03,Generated shopping group A,Google Ads,development,34364,26462,344,6,46960,1.366546,,
2026-05-13,SYN-GOOG-03,Generated shopping group A,Google Ads,development,31462,24231,315,5,41531,1.320037,,
2026-05-14,SYN-GOOG-03,Generated shopping group A,Google Ads,development,33266,25615,333,6,46618,1.401371,,
2026-05-15,SYN-GOOG-03,Generated shopping group A,Google Ads,development,37952,29231,380,7,53159,1.40069,,
2026-05-16,SYN-GOOG-03,Generated shopping group A,Google Ads,development,37772,29077,378,8,57643,1.526078,,
2026-05-17,SYN-GOOG-03,Generated shopping group A,Google Ads,development,41534,31923,415,8,61106,1.471228,,
2026-05-18,SYN-GOOG-03,Generated shopping group A,Google Ads,development,42776,32923,428,8,60446,1.413082,,
2026-05-19,SYN-GOOG-03,Generated shopping group A,Google Ads,development,34519,26538,345,6,47920,1.388221,,
2026-05-20,SYN-GOOG-03,Generated shopping group A,Google Ads,development,33704,25923,337,6,44089,1.308124,,
2026-05-21,SYN-GOOG-03,Generated shopping group A,Google Ads,development,36689,28231,367,7,52314,1.425877,,
2026-05-22,SYN-GOOG-03,Generated shopping group A,Google Ads,development,43267,33308,433,8,63360,1.464395,,
2026-05-23,SYN-GOOG-03,Generated shopping group A,Google Ads,development,44089,33923,441,9,68585,1.555603,,
2026-05-24,SYN-GOOG-03,Generated shopping group A,Google Ads,development,48673,37462,487,10,74618,1.533047,,
2026-05-25,SYN-GOOG-03,Generated shopping group A,Google Ads,development,44090,33923,441,9,66291,1.503538,,
2026-05-26,SYN-GOOG-03,Generated shopping group A,Google Ads,development,41344,31769,413,8,60864,1.472136,,
2026-05-27,SYN-GOOG-03,Generated shopping group A,Google Ads,development,38624,29692,386,7,52988,1.371893,,
2026-05-28,SYN-GOOG-03,Generated shopping group A,Google Ads,development,38666,29769,387,7,53187,1.37555,,
2026-05-29,SYN-GOOG-03,Generated shopping group A,Google Ads,development,45914,35308,459,9,69265,1.508581,,
2026-05-30,SYN-GOOG-03,Generated shopping group A,Google Ads,development,50919,39154,509,10,78774,1.547045,,
2026-05-31,SYN-GOOG-03,Generated shopping group A,Google Ads,development,46858,36077,469,10,75014,1.600879,,
2026-06-01,SYN-GOOG-03,Generated shopping group A,Google Ads,development,43884,33769,439,9,67098,1.528986,,
2026-06-02,SYN-GOOG-03,Generated shopping group A,Google Ads,development,40816,31385,408,8,60629,1.485422,,
2026-06-03,SYN-GOOG-03,Generated shopping group A,Google Ads,development,38281,29462,383,7,56036,1.463807,,
2026-06-04,SYN-GOOG-03,Generated shopping group A,Google Ads,development,36725,28231,367,7,54359,1.480163,,
2026-06-05,SYN-GOOG-03,Generated shopping group A,Google Ads,development,43691,33615,437,9,64617,1.478954,,
2026-06-06,SYN-GOOG-03,Generated shopping group A,Google Ads,development,46037,35385,460,9,71498,1.553055,,
2026-06-07,SYN-GOOG-03,Generated shopping group A,Google Ads,development,42491,32692,425,9,65231,1.535172,,
2026-06-08,SYN-GOOG-03,Generated shopping group A,Google Ads,development,43061,33154,431,8,64537,1.498734,,
2026-06-09,SYN-GOOG-03,Generated shopping group A,Google Ads,development,34022,26154,340,6,47105,1.384545,,
2026-06-10,SYN-GOOG-03,Generated shopping group A,Google Ads,development,29968,23077,300,6,42162,1.406901,,
2026-06-11,SYN-GOOG-03,Generated shopping group A,Google Ads,development,32668,25154,327,6,44770,1.370454,,
2026-06-12,SYN-GOOG-03,Generated shopping group A,Google Ads,development,38169,29385,382,7,53967,1.413896,,
2026-06-13,SYN-GOOG-03,Generated shopping group A,Google Ads,development,44685,34385,447,9,69958,1.565581,,
2026-06-14,SYN-GOOG-03,Generated shopping group A,Google Ads,development,43588,33538,436,9,68260,1.566027,,
2026-06-15,SYN-GOOG-03,Generated shopping group A,Google Ads,development,39951,30769,400,8,59694,1.49418,,
2026-06-16,SYN-GOOG-03,Generated shopping group A,Google Ads,development,34100,26231,341,6,46283,1.357273,,
2026-06-17,SYN-GOOG-03,Generated shopping group A,Google Ads,development,33757,26000,338,6,45137,1.337115,,
2026-06-18,SYN-GOOG-03,Generated shopping group A,Google Ads,development,37118,28538,371,6,48278,1.300663,,
2026-06-19,SYN-GOOG-03,Generated shopping group A,Google Ads,development,38432,29538,384,7,56342,1.466018,,
2026-06-20,SYN-GOOG-03,Generated shopping group A,Google Ads,development,44906,34538,449,9,68706,1.529996,,
2026-06-21,SYN-GOOG-03,Generated shopping group A,Google Ads,development,47560,36615,476,10,75317,1.583621,,
2026-06-22,SYN-GOOG-03,Generated shopping group A,Google Ads,development,49111,37769,491,10,73179,1.490074,,
2026-06-23,SYN-GOOG-03,Generated shopping group A,Google Ads,development,40325,31000,403,8,61334,1.520992,,
2026-06-24,SYN-GOOG-03,Generated shopping group A,Google Ads,development,38369,29538,384,8,59821,1.559097,,
2026-06-25,SYN-GOOG-03,Generated shopping group A,Google Ads,development,38178,29385,382,7,54137,1.418016,,
2026-06-26,SYN-GOOG-03,Generated shopping group A,Google Ads,development,43707,33615,437,9,68750,1.572975,,
2026-06-27,SYN-GOOG-03,Generated shopping group A,Google Ads,development,48692,37462,487,10,78854,1.619445,,
2026-06-28,SYN-GOOG-03,Generated shopping group A,Google Ads,development,49011,37692,490,10,76277,1.556324,,
2026-06-29,SYN-GOOG-03,Generated shopping group A,Google Ads,development,43790,33692,438,9,69364,1.584015,,
2026-06-30,SYN-GOOG-03,Generated shopping group A,Google Ads,development,42067,32385,421,8,60598,1.440512,,
2026-07-01,SYN-GOOG-03,Generated shopping group A,Google Ads,development,39167,30154,392,7,54023,1.379299,,
2026-07-02,SYN-GOOG-03,Generated shopping group A,Google Ads,development,39891,30692,399,8,58499,1.466471,,
2026-07-03,SYN-GOOG-03,Generated shopping group A,Google Ads,development,43329,33308,433,9,64760,1.494611,,
2026-07-04,SYN-GOOG-03,Generated shopping group A,Google Ads,development,45445,34923,454,9,69124,1.521047,,
2026-07-05,SYN-GOOG-03,Generated shopping group A,Google Ads,development,48250,37077,482,9,70860,1.468601,,
2026-07-06,SYN-GOOG-03,Generated shopping group A,Google Ads,development,43137,33154,431,9,66022,1.530519,,
2026-07-07,SYN-GOOG-03,Generated shopping group A,Google Ads,development,37065,28538,371,7,55483,1.496911,,
2026-07-08,SYN-GOOG-03,Generated shopping group A,Google Ads,development,31938,24538,319,6,45269,1.417402,,
2026-07-09,SYN-GOOG-03,Generated shopping group A,Google Ads,development,31359,24154,314,6,42095,1.342358,,
2026-07-10,SYN-GOOG-03,Generated shopping group A,Google Ads,development,38644,29692,386,8,57157,1.479065,,
2026-07-11,SYN-GOOG-03,Generated shopping group A,Google Ads,development,41691,32077,417,8,63360,1.519752,,
2026-07-12,SYN-GOOG-03,Generated shopping group A,Google Ads,development,42053,32385,421,9,64778,1.54039,,
2026-07-13,SYN-GOOG-03,Generated shopping group A,Google Ads,development,42411,32615,424,9,65405,1.542171,,
2026-07-14,SYN-GOOG-03,Generated shopping group A,Google Ads,development,34696,26692,347,7,51073,1.472014,,
2026-07-15,SYN-GOOG-03,Generated shopping group A,Google Ads,development,33171,25538,332,6,44593,1.344337,,
2026-07-16,SYN-GOOG-03,Generated shopping group A,Google Ads,development,36503,28077,365,7,51002,1.3972,,
2026-07-17,SYN-GOOG-03,Generated shopping group A,Google Ads,development,42404,32615,424,8,64375,1.518135,,
2026-07-18,SYN-GOOG-03,Generated shopping group A,Google Ads,development,43624,33538,436,9,67280,1.54227,,
2026-07-19,SYN-GOOG-03,Generated shopping group A,Google Ads,development,41601,32000,416,8,64130,1.541549,,
2026-07-20,SYN-GOOG-03,Generated shopping group A,Google Ads,development,44278,34077,443,9,65422,1.477528,,
2026-07-21,SYN-GOOG-03,Generated shopping group A,Google Ads,development,37857,29154,379,7,53487,1.412869,,
2026-07-22,SYN-GOOG-03,Generated shopping group A,Google Ads,development,37152,28615,372,7,53230,1.432763,,
2026-07-23,SYN-GOOG-03,Generated shopping group A,Google Ads,development,42094,32385,421,8,59602,1.415926,,
2026-07-24,SYN-GOOG-03,Generated shopping group A,Google Ads,development,42326,32538,423,8,64412,1.521807,,
2026-07-25,SYN-GOOG-03,Generated shopping group A,Google Ads,development,48992,37692,490,11,81787,1.669395,,
2026-07-26,SYN-GOOG-03,Generated shopping group A,Google Ads,development,48860,37615,489,11,81652,1.671142,,
2026-07-27,SYN-GOOG-03,Generated shopping group A,Google Ads,development,44303,34077,443,9,69978,1.579532,,
2026-07-28,SYN-GOOG-03,Generated shopping group A,Google Ads,development,42774,32923,428,9,64867,1.516505,,
2026-07-29,SYN-GOOG-03,Generated shopping group A,Google Ads,development,40284,31000,403,8,57482,1.426919,,
2026-07-30,SYN-GOOG-03,Generated shopping group A,Google Ads,development,41196,31692,412,8,59735,1.450019,,
2026-07-31,SYN-GOOG-03,Generated shopping group A,Google Ads,development,45540,35000,455,9,66236,1.454458,,
2026-08-01,SYN-GOOG-03,Generated shopping group A,Google Ads,development,47288,36385,473,9,70226,1.48507,,
2026-08-02,SYN-GOOG-03,Generated shopping group A,Google Ads,holdout,49427,38000,494,10,76933,1.556497,1.489409,1.562539
2026-08-03,SYN-GOOG-03,Generated shopping group A,Google Ads,holdout,44010,33846,440,8,64339,1.461918,1.489409,1.503242
2026-08-04,SYN-GOOG-03,Generated shopping group A,Google Ads,holdout,39947,30692,399,7,55204,1.381931,1.489409,1.452766
2026-08-05,SYN-GOOG-03,Generated shopping group A,Google Ads,holdout,35719,27462,357,7,49976,1.399143,1.489409,1.402668
2026-08-06,SYN-GOOG-03,Generated shopping group A,Google Ads,holdout,34081,26231,341,6,47205,1.385083,1.489409,1.386082
2026-08-07,SYN-GOOG-03,Generated shopping group A,Google Ads,holdout,37226,28615,372,7,52984,1.423306,1.489409,1.425818
2026-08-08,SYN-GOOG-03,Generated shopping group A,Google Ads,holdout,41722,32077,417,8,62027,1.486674,1.489409,1.476577
2026-08-09,SYN-GOOG-03,Generated shopping group A,Google Ads,holdout,42900,33000,429,8,63389,1.477599,1.489409,1.486956
2026-08-10,SYN-GOOG-03,Generated shopping group A,Google Ads,holdout,40013,30769,400,8,58248,1.455727,1.489409,1.45087
2026-08-11,SYN-GOOG-03,Generated shopping group A,Google Ads,holdout,35901,27615,359,7,50086,1.395114,1.489409,1.399528
2026-08-12,SYN-GOOG-03,Generated shopping group A,Google Ads,holdout,34863,26846,349,7,49857,1.430083,1.489409,1.384786
2026-08-13,SYN-GOOG-03,Generated shopping group A,Google Ads,holdout,33170,25538,332,6,45091,1.359391,1.489409,1.37005
2026-08-14,SYN-GOOG-03,Generated shopping group A,Google Ads,holdout,40302,31000,403,8,58886,1.461119,1.489409,1.45473
2026-08-15,SYN-GOOG-03,Generated shopping group A,Google Ads,holdout,42422,32615,424,9,67384,1.588421,1.489409,1.483717
2026-08-16,SYN-GOOG-03,Generated shopping group A,Google Ads,holdout,45220,34769,452,9,67738,1.497966,1.489409,1.512836
2026-08-17,SYN-GOOG-03,Generated shopping group A,Google Ads,holdout,43362,33385,434,8,63909,1.473848,1.489409,1.490759
2026-08-18,SYN-GOOG-03,Generated shopping group A,Google Ads,holdout,36756,28308,368,7,54199,1.474562,1.489409,1.417929
2026-08-19,SYN-GOOG-03,Generated shopping group A,Google Ads,holdout,34705,26692,347,6,48513,1.397868,1.489409,1.39479
2026-08-20,SYN-GOOG-03,Generated shopping group A,Google Ads,holdout,38257,29462,383,7,54216,1.417152,1.489409,1.43863
2026-08-21,SYN-GOOG-03,Generated shopping group A,Google Ads,holdout,43798,33692,438,9,64753,1.478447,1.489409,1.504677
2026-08-22,SYN-GOOG-03,Generated shopping group A,Google Ads,holdout,48709,37462,487,10,74604,1.531627,1.489409,1.559696
2026-08-23,SYN-GOOG-03,Generated shopping group A,Google Ads,holdout,47377,36462,474,10,77619,1.638327,1.489409,1.549387
2026-08-24,SYN-GOOG-03,Generated shopping group A,Google Ads,holdout,45402,34923,454,9,71964,1.58504,1.489409,1.526141
2026-08-25,SYN-GOOG-03,Generated shopping group A,Google Ads,holdout,44279,34077,443,8,64059,1.446713,1.489409,1.508743
2026-08-26,SYN-GOOG-03,Generated shopping group A,Google Ads,holdout,38473,29615,385,7,55109,1.432407,1.489409,1.447722
2026-08-27,SYN-GOOG-03,Generated shopping group A,Google Ads,holdout,43072,33154,431,8,62318,1.446833,1.489409,1.497881
2026-08-28,SYN-GOOG-03,Generated shopping group A,Google Ads,holdout,46084,35462,461,9,69340,1.504644,1.489409,1.534494
2026-08-29,SYN-GOOG-03,Generated shopping group A,Google Ads,holdout,45754,35231,458,9,70742,1.546138,1.489409,1.53693
2026-08-30,SYN-GOOG-03,Generated shopping group A,Google Ads,holdout,51883,39923,519,11,80362,1.548908,1.489409,1.592164
2026-08-31,SYN-GOOG-03,Generated shopping group A,Google Ads,holdout,42371,32615,424,9,70358,1.660523,1.489409,1.495215
2026-01-04,SYN-GOOG-04,Generated shopping group B,Google Ads,development,38153,26214,367,8,65514,1.717139,,
2026-01-05,SYN-GOOG-04,Generated shopping group B,Google Ads,development,38083,26143,366,8,62574,1.643095,,
2026-01-06,SYN-GOOG-04,Generated shopping group B,Google Ads,development,33462,23000,322,7,52274,1.56219,,
2026-01-07,SYN-GOOG-04,Generated shopping group B,Google Ads,development,29103,20000,280,6,46787,1.607635,,
2026-01-08,SYN-GOOG-04,Generated shopping group B,Google Ads,development,30877,21214,297,6,50133,1.623636,,
2026-01-09,SYN-GOOG-04,Generated shopping group B,Google Ads,development,37245,25571,358,8,61579,1.653349,,
2026-01-10,SYN-GOOG-04,Generated shopping group B,Google Ads,development,35957,24714,346,8,58917,1.63854,,
2026-01-11,SYN-GOOG-04,Generated shopping group B,Google Ads,development,35636,24500,343,8,61730,1.732237,,
2026-01-12,SYN-GOOG-04,Generated shopping group B,Google Ads,development,34243,23500,329,7,56190,1.640919,,
2026-01-13,SYN-GOOG-04,Generated shopping group B,Google Ads,development,28445,19571,274,6,45985,1.616629,,
2026-01-14,SYN-GOOG-04,Generated shopping group B,Google Ads,development,27270,18714,262,6,43640,1.600293,,
2026-01-15,SYN-GOOG-04,Generated shopping group B,Google Ads,development,30395,20857,292,6,47249,1.554499,,
2026-01-16,SYN-GOOG-04,Generated shopping group B,Google Ads,development,37589,25786,361,8,61339,1.631834,,
2026-01-17,SYN-GOOG-04,Generated shopping group B,Google Ads,development,41012,28143,394,9,67952,1.656881,,
2026-01-18,SYN-GOOG-04,Generated shopping group B,Google Ads,development,37131,25500,357,8,61309,1.651154,,
2026-01-19,SYN-GOOG-04,Generated shopping group B,Google Ads,development,38925,26714,374,8,62223,1.598536,,
2026-01-20,SYN-GOOG-04,Generated shopping group B,Google Ads,development,30371,20857,292,6,46683,1.537091,,
2026-01-21,SYN-GOOG-04,Generated shopping group B,Google Ads,development,32595,22357,313,6,50622,1.55306,,
2026-01-22,SYN-GOOG-04,Generated shopping group B,Google Ads,development,33770,23214,325,7,56882,1.684394,,
2026-01-23,SYN-GOOG-04,Generated shopping group B,Google Ads,development,38522,26429,370,9,68430,1.776388,,
2026-01-24,SYN-GOOG-04,Generated shopping group B,Google Ads,development,42286,29071,407,10,74745,1.767606,,
2026-01-25,SYN-GOOG-04,Generated shopping group B,Google Ads,development,37839,26000,364,8,65630,1.734454,,
2026-01-26,SYN-GOOG-04,Generated shopping group B,Google Ads,development,40613,27929,391,8,66635,1.640731,,
2026-01-27,SYN-GOOG-04,Generated shopping group B,Google Ads,development,35782,24571,344,8,59574,1.664915,,
2026-01-28,SYN-GOOG-04,Generated shopping group B,Google Ads,development,34162,23429,328,7,54607,1.598472,,
2026-01-29,SYN-GOOG-04,Generated shopping group B,Google Ads,development,37120,25500,357,8,63492,1.710453,,
2026-01-30,SYN-GOOG-04,Generated shopping group B,Google Ads,development,42208,29000,406,9,72373,1.714675,,
2026-01-31,SYN-GOOG-04,Generated shopping group B,Google Ads,development,40779,28000,392,9,69478,1.703769,,
2026-02-01,SYN-GOOG-04,Generated shopping group B,Google Ads,development,40976,28143,394,10,75804,1.849961,,
2026-02-02,SYN-GOOG-04,Generated shopping group B,Google Ads,development,37824,26000,364,9,66799,1.766048,,
2026-02-03,SYN-GOOG-04,Generated shopping group B,Google Ads,development,34426,23643,331,7,58282,1.692965,,
2026-02-04,SYN-GOOG-04,Generated shopping group B,Google Ads,development,32846,22571,316,6,50466,1.536443,,
2026-02-05,SYN-GOOG-04,Generated shopping group B,Google Ads,development,30977,21286,298,6,50453,1.628725,,
2026-02-06,SYN-GOOG-04,Generated shopping group B,Google Ads,development,38219,26214,367,8,62176,1.626835,,
2026-02-07,SYN-GOOG-04,Generated shopping group B,Google Ads,development,40885,28071,393,9,72318,1.768815,,
2026-02-08,SYN-GOOG-04,Generated shopping group B,Google Ads,development,35562,24429,342,8,59854,1.683089,,
2026-02-09,SYN-GOOG-04,Generated shopping group B,Google Ads,development,31515,21643,303,7,51497,1.634047,,
2026-02-10,SYN-GOOG-04,Generated shopping group B,Google Ads,development,29614,20357,285,6,45152,1.524684,,
2026-02-11,SYN-GOOG-04,Generated shopping group B,Google Ads,development,27388,18786,263,5,42276,1.543596,,
2026-02-12,SYN-GOOG-04,Generated shopping group B,Google Ads,development,28697,19714,276,6,44731,1.558734,,
2026-02-13,SYN-GOOG-04,Generated shopping group B,Google Ads,development,35425,24357,341,7,56947,1.607537,,
2026-02-14,SYN-GOOG-04,Generated shopping group B,Google Ads,development,37696,25857,362,8,64068,1.699597,,
2026-02-15,SYN-GOOG-04,Generated shopping group B,Google Ads,development,33910,23286,326,8,60490,1.78384,,
2026-02-16,SYN-GOOG-04,Generated shopping group B,Google Ads,development,32717,22500,315,7,54924,1.67876,,
2026-02-17,SYN-GOOG-04,Generated shopping group B,Google Ads,development,36096,24786,347,7,57867,1.603142,,
2026-02-18,SYN-GOOG-04,Generated shopping group B,Google Ads,development,32951,22643,317,7,53687,1.629298,,
2026-02-19,SYN-GOOG-04,Generated shopping group B,Google Ads,development,36962,25357,355,8,62654,1.695092,,
2026-02-20,SYN-GOOG-04,Generated shopping group B,Google Ads,development,40995,28143,394,9,69426,1.693524,,
2026-02-21,SYN-GOOG-04,Generated shopping group B,Google Ads,development,41919,28786,403,10,75371,1.798015,,
2026-02-22,SYN-GOOG-04,Generated shopping group B,Google Ads,development,40012,27500,385,9,68475,1.711362,,
2026-02-23,SYN-GOOG-04,Generated shopping group B,Google Ads,development,38865,26714,374,9,67721,1.742468,,
2026-02-24,SYN-GOOG-04,Generated shopping group B,Google Ads,development,36642,25143,352,8,61813,1.686944,,
2026-02-25,SYN-GOOG-04,Generated shopping group B,Google Ads,development,34841,23929,335,8,58920,1.691111,,
2026-02-26,SYN-GOOG-04,Generated shopping group B,Google Ads,development,39228,26929,377,8,65668,1.674008,,
2026-02-27,SYN-GOOG-04,Generated shopping group B,Google Ads,development,38862,26714,374,9,67451,1.735654,,
2026-02-28,SYN-GOOG-04,Generated shopping group B,Google Ads,development,46222,31714,444,10,81016,1.752758,,
2026-03-01,SYN-GOOG-04,Generated shopping group B,Google Ads,development,41167,28286,396,9,70671,1.716691,,
2026-03-02,SYN-GOOG-04,Generated shopping group B,Google Ads,development,38355,26357,369,8,63368,1.652144,,
2026-03-03,SYN-GOOG-04,Generated shopping group B,Google Ads,development,31992,22000,308,7,51719,1.616623,,
2026-03-04,SYN-GOOG-04,Generated shopping group B,Google Ads,development,31523,21643,303,7,54226,1.720204,,
2026-03-05,SYN-GOOG-04,Generated shopping group B,Google Ads,development,32225,22143,310,7,52358,1.624763,,
2026-03-06,SYN-GOOG-04,Generated shopping group B,Google Ads,development,37089,25500,357,8,62585,1.687428,,
2026-03-07,SYN-GOOG-04,Generated shopping group B,Google Ads,development,39894,27429,384,9,70082,1.756705,,
2026-03-08,SYN-GOOG-04,Generated shopping group B,Google Ads,development,39543,27143,380,8,65576,1.658347,,
2026-03-09,SYN-GOOG-04,Generated shopping group B,Google Ads,development,36728,25214,353,8,61094,1.663418,,
2026-03-10,SYN-GOOG-04,Generated shopping group B,Google Ads,development,30612,21000,294,6,47304,1.545276,,
2026-03-11,SYN-GOOG-04,Generated shopping group B,Google Ads,development,30233,20786,291,6,47576,1.573645,,
2026-03-12,SYN-GOOG-04,Generated shopping group B,Google Ads,development,28126,19286,270,6,47887,1.702588,,
2026-03-13,SYN-GOOG-04,Generated shopping group B,Google Ads,development,34207,23500,329,7,56606,1.654807,,
2026-03-14,SYN-GOOG-04,Generated shopping group B,Google Ads,development,38813,26643,373,8,64706,1.667122,,
2026-03-15,SYN-GOOG-04,Generated shopping group B,Google Ads,development,39176,26929,377,8,64093,1.636027,,
2026-03-16,SYN-GOOG-04,Generated shopping group B,Google Ads,development,31734,21786,305,7,55309,1.742894,,
2026-03-17,SYN-GOOG-04,Generated shopping group B,Google Ads,development,29348,20143,282,6,48011,1.635921,,
2026-03-18,SYN-GOOG-04,Generated shopping group B,Google Ads,development,27196,18714,262,5,42278,1.554567,,
2026-03-19,SYN-GOOG-04,Generated shopping group B,Google Ads,development,32241,22143,310,7,55205,1.712261,,
2026-03-20,SYN-GOOG-04,Generated shopping group B,Google Ads,development,35020,24071,337,8,61159,1.746402,,
2026-03-21,SYN-GOOG-04,Generated shopping group B,Google Ads,development,38195,26214,367,8,65278,1.709072,,
2026-03-22,SYN-GOOG-04,Generated shopping group B,Google Ads,development,39408,27071,379,9,70309,1.78413,,
2026-03-23,SYN-GOOG-04,Generated shopping group B,Google Ads,development,36061,24786,347,8,60872,1.688029,,
2026-03-24,SYN-GOOG-04,Generated shopping group B,Google Ads,development,34240,23500,329,7,56599,1.653008,,
2026-03-25,SYN-GOOG-04,Generated shopping group B,Google Ads,development,32458,22286,312,7,56051,1.726878,,
2026-03-26,SYN-GOOG-04,Generated shopping group B,Google Ads,development,40080,27500,385,8,63120,1.57485,,
2026-03-27,SYN-GOOG-04,Generated shopping group B,Google Ads,development,42142,28929,405,9,72437,1.718879,,
2026-03-28,SYN-GOOG-04,Generated shopping group B,Google Ads,development,42921,29500,413,10,82055,1.911768,,
2026-03-29,SYN-GOOG-04,Generated shopping group B,Google Ads,development,45601,31286,438,10,81207,1.780816,,
2026-03-30,SYN-GOOG-04,Generated shopping group B,Google Ads,development,39772,27286,382,9,68701,1.727371,,
2026-03-31,SYN-GOOG-04,Generated shopping group B,Google Ads,development,35622,24500,343,8,60038,1.685419,,
2026-04-01,SYN-GOOG-04,Generated shopping group B,Google Ads,development,35261,24214,339,7,56015,1.588582,,
2026-04-02,SYN-GOOG-04,Generated shopping group B,Google Ads,development,36023,24714,346,8,59307,1.646365,,
2026-04-03,SYN-GOOG-04,Generated shopping group B,Google Ads,development,40979,28143,394,9,68790,1.678665,,
2026-04-04,SYN-GOOG-04,Generated shopping group B,Google Ads,development,39635,27214,381,9,68093,1.718002,,
2026-04-05,SYN-GOOG-04,Generated shopping group B,Google Ads,development,38772,26643,373,9,67697,1.746028,,
2026-04-06,SYN-GOOG-04,Generated shopping group B,Google Ads,development,35267,24214,339,7,58601,1.661638,,
2026-04-07,SYN-GOOG-04,Generated shopping group B,Google Ads,development,31310,21500,301,6,49639,1.585404,,
2026-04-08,SYN-GOOG-04,Generated shopping group B,Google Ads,development,31366,21571,302,7,51428,1.63961,,
2026-04-09,SYN-GOOG-04,Generated shopping group B,Google Ads,development,30917,21214,297,6,48058,1.55442,,
2026-04-10,SYN-GOOG-04,Generated shopping group B,Google Ads,development,33378,22929,321,7,54106,1.621008,,
2026-04-11,SYN-GOOG-04,Generated shopping group B,Google Ads,development,39882,27357,383,9,66885,1.677072,,
2026-04-12,SYN-GOOG-04,Generated shopping group B,Google Ads,development,37531,25786,361,8,61622,1.641896,,
2026-04-13,SYN-GOOG-04,Generated shopping group B,Google Ads,development,35097,24071,337,7,57802,1.646921,,
2026-04-14,SYN-GOOG-04,Generated shopping group B,Google Ads,development,32204,22143,310,6,50582,1.570674,,
2026-04-15,SYN-GOOG-04,Generated shopping group B,Google Ads,development,27912,19143,268,6,44091,1.579643,,
2026-04-16,SYN-GOOG-04,Generated shopping group B,Google Ads,development,32981,22643,317,7,53985,1.636852,,
2026-04-17,SYN-GOOG-04,Generated shopping group B,Google Ads,development,34901,24000,336,7,58439,1.674422,,
2026-04-18,SYN-GOOG-04,Generated shopping group B,Google Ads,development,41776,28714,402,9,73330,1.755314,,
2026-04-19,SYN-GOOG-04,Generated shopping group B,Google Ads,development,41834,28714,402,9,71732,1.714682,,
2026-04-20,SYN-GOOG-04,Generated shopping group B,Google Ads,development,36780,25286,354,8,59958,1.630179,,
2026-04-21,SYN-GOOG-04,Generated shopping group B,Google Ads,development,35526,24429,342,7,57840,1.628103,,
2026-04-22,SYN-GOOG-04,Generated shopping group B,Google Ads,development,29855,20500,287,6,48418,1.621772,,
2026-04-23,SYN-GOOG-04,Generated shopping group B,Google Ads,development,36005,24714,346,8,61721,1.714234,,
2026-04-24,SYN-GOOG-04,Generated shopping group B,Google Ads,development,40756,28000,392,9,71183,1.746565,,
2026-04-25,SYN-GOOG-04,Generated shopping group B,Google Ads,development,43076,29571,414,10,78791,1.829116,,
2026-04-26,SYN-GOOG-04,Generated shopping group B,Google Ads,development,43048,29571,414,10,77265,1.794857,,
2026-04-27,SYN-GOOG-04,Generated shopping group B,Google Ads,development,39948,27429,384,9,72182,1.806899,,
2026-04-28,SYN-GOOG-04,Generated shopping group B,Google Ads,development,31683,21786,305,7,52701,1.663384,,
2026-04-29,SYN-GOOG-04,Generated shopping group B,Google Ads,development,32445,22286,312,7,54167,1.669502,,
2026-04-30,SYN-GOOG-04,Generated shopping group B,Google Ads,development,34838,23929,335,8,59905,1.71953,,
2026-05-01,SYN-GOOG-04,Generated shopping group B,Google Ads,development,37690,25857,362,8,64580,1.713452,,
2026-05-02,SYN-GOOG-04,Generated shopping group B,Google Ads,development,43711,30000,420,10,80582,1.843518,,
2026-05-03,SYN-GOOG-04,Generated shopping group B,Google Ads,development,42547,29214,409,9,74022,1.73977,,
2026-05-04,SYN-GOOG-04,Generated shopping group B,Google Ads,development,39085,26857,376,8,64596,1.652706,,
2026-05-05,SYN-GOOG-04,Generated shopping group B,Google Ads,development,34600,23786,333,7,57107,1.650491,,
2026-05-06,SYN-GOOG-04,Generated shopping group B,Google Ads,development,29010,19929,279,6,45917,1.582799,,
2026-05-07,SYN-GOOG-04,Generated shopping group B,Google Ads,development,32384,22214,311,7,51196,1.580904,,
2026-05-08,SYN-GOOG-04,Generated shopping group B,Google Ads,development,35979,24714,346,8,60630,1.68515,,
2026-05-09,SYN-GOOG-04,Generated shopping group B,Google Ads,development,38139,26214,367,8,61855,1.621831,,
2026-05-10,SYN-GOOG-04,Generated shopping group B,Google Ads,development,38433,26429,370,9,67868,1.765878,,
2026-05-11,SYN-GOOG-04,Generated shopping group B,Google Ads,development,34493,23714,332,7,58274,1.689444,,
2026-05-12,SYN-GOOG-04,Generated shopping group B,Google Ads,development,27535,18929,265,6,44210,1.605593,,
2026-05-13,SYN-GOOG-04,Generated shopping group B,Google Ads,development,28380,19500,273,6,44882,1.581466,,
2026-05-14,SYN-GOOG-04,Generated shopping group B,Google Ads,development,28922,19857,278,6,46608,1.611507,,
2026-05-15,SYN-GOOG-04,Generated shopping group B,Google Ads,development,35565,24429,342,7,58344,1.640489,,
2026-05-16,SYN-GOOG-04,Generated shopping group B,Google Ads,development,39031,26786,375,9,67176,1.721093,,
2026-05-17,SYN-GOOG-04,Generated shopping group B,Google Ads,development,38273,26286,368,8,64711,1.690774,,
2026-05-18,SYN-GOOG-04,Generated shopping group B,Google Ads,development,32626,22429,314,7,51903,1.590848,,
2026-05-19,SYN-GOOG-04,Generated shopping group B,Google Ads,development,32606,22429,314,7,52657,1.614948,,
2026-05-20,SYN-GOOG-04,Generated shopping group B,Google Ads,development,29525,20286,284,6,47382,1.604809,,
2026-05-21,SYN-GOOG-04,Generated shopping group B,Google Ads,development,32988,22643,317,7,54927,1.66506,,
2026-05-22,SYN-GOOG-04,Generated shopping group B,Google Ads,development,40178,27571,386,9,70692,1.75947,,
2026-05-23,SYN-GOOG-04,Generated shopping group B,Google Ads,development,42381,29143,408,10,78356,1.848847,,
2026-05-24,SYN-GOOG-04,Generated shopping group B,Google Ads,development,42249,29000,406,10,74996,1.775095,,
2026-05-25,SYN-GOOG-04,Generated shopping group B,Google Ads,development,38065,26143,366,9,66776,1.754262,,
2026-05-26,SYN-GOOG-04,Generated shopping group B,Google Ads,development,34190,23500,329,7,55477,1.622609,,
2026-05-27,SYN-GOOG-04,Generated shopping group B,Google Ads,development,32665,22429,314,7,55357,1.694689,,
2026-05-28,SYN-GOOG-04,Generated shopping group B,Google Ads,development,35787,24571,344,8,59475,1.661916,,
2026-05-29,SYN-GOOG-04,Generated shopping group B,Google Ads,development,42386,29143,408,9,73282,1.72892,,
2026-05-30,SYN-GOOG-04,Generated shopping group B,Google Ads,development,43600,29929,419,10,79567,1.824931,,
2026-05-31,SYN-GOOG-04,Generated shopping group B,Google Ads,development,41610,28571,400,10,75176,1.806681,,
2026-06-01,SYN-GOOG-04,Generated shopping group B,Google Ads,development,39851,27357,383,9,69574,1.745853,,
2026-06-02,SYN-GOOG-04,Generated shopping group B,Google Ads,development,35429,24357,341,8,59783,1.687403,,
2026-06-03,SYN-GOOG-04,Generated shopping group B,Google Ads,development,31928,21929,307,7,52940,1.658106,,
2026-06-04,SYN-GOOG-04,Generated shopping group B,Google Ads,development,37438,25714,360,8,64288,1.717186,,
2026-06-05,SYN-GOOG-04,Generated shopping group B,Google Ads,development,35331,24286,340,8,61192,1.731963,,
2026-06-06,SYN-GOOG-04,Generated shopping group B,Google Ads,development,40962,28143,394,10,74652,1.82247,,
2026-06-07,SYN-GOOG-04,Generated shopping group B,Google Ads,development,38390,26357,369,9,67194,1.7503,,
2026-06-08,SYN-GOOG-04,Generated shopping group B,Google Ads,development,38688,26571,372,8,64860,1.676489,,
2026-06-09,SYN-GOOG-04,Generated shopping group B,Google Ads,development,29973,20571,288,6,45574,1.520502,,
2026-06-10,SYN-GOOG-04,Generated shopping group B,Google Ads,development,28074,19286,270,6,44312,1.5784,,
2026-06-11,SYN-GOOG-04,Generated shopping group B,Google Ads,development,32588,22357,313,7,53407,1.638855,,
2026-06-12,SYN-GOOG-04,Generated shopping group B,Google Ads,development,34631,23786,333,7,58650,1.693569,,
2026-06-13,SYN-GOOG-04,Generated shopping group B,Google Ads,development,38308,26286,368,9,69155,1.805237,,
2026-06-14,SYN-GOOG-04,Generated shopping group B,Google Ads,development,37489,25714,360,8,64614,1.723546,,
2026-06-15,SYN-GOOG-04,Generated shopping group B,Google Ads,development,35245,24214,339,8,60494,1.716385,,
2026-06-16,SYN-GOOG-04,Generated shopping group B,Google Ads,development,30702,21071,295,6,50526,1.645691,,
2026-06-17,SYN-GOOG-04,Generated shopping group B,Google Ads,development,25948,17857,250,5,40241,1.550832,,
2026-06-18,SYN-GOOG-04,Generated shopping group B,Google Ads,development,33993,23357,327,7,57219,1.683258,,
2026-06-19,SYN-GOOG-04,Generated shopping group B,Google Ads,development,39561,27143,380,9,69701,1.761861,,
2026-06-20,SYN-GOOG-04,Generated shopping group B,Google Ads,development,42323,29071,407,9,73209,1.729769,,
2026-06-21,SYN-GOOG-04,Generated shopping group B,Google Ads,development,41929,28786,403,10,76639,1.827828,,
2026-06-22,SYN-GOOG-04,Generated shopping group B,Google Ads,development,37858,26000,364,8,65866,1.739817,,
2026-06-23,SYN-GOOG-04,Generated shopping group B,Google Ads,development,34707,23857,334,7,55407,1.596421,,
2026-06-24,SYN-GOOG-04,Generated shopping group B,Google Ads,development,33375,22929,321,7,54647,1.637363,,
2026-06-25,SYN-GOOG-04,Generated shopping group B,Google Ads,development,35937,24714,346,8,61142,1.701366,,
2026-06-26,SYN-GOOG-04,Generated shopping group B,Google Ads,development,40971,28143,394,10,76468,1.866393,,
2026-06-27,SYN-GOOG-04,Generated shopping group B,Google Ads,development,43305,29714,416,10,78479,1.812239,,
2026-06-28,SYN-GOOG-04,Generated shopping group B,Google Ads,development,44877,30857,432,11,83799,1.867304,,
2026-06-29,SYN-GOOG-04,Generated shopping group B,Google Ads,development,36248,24929,349,8,65236,1.799713,,
2026-06-30,SYN-GOOG-04,Generated shopping group B,Google Ads,development,36539,25071,351,8,62458,1.709352,,
2026-07-01,SYN-GOOG-04,Generated shopping group B,Google Ads,development,34760,23857,334,7,57375,1.650604,,
2026-07-02,SYN-GOOG-04,Generated shopping group B,Google Ads,development,36207,24857,348,8,60201,1.66269,,
2026-07-03,SYN-GOOG-04,Generated shopping group B,Google Ads,development,38870,26714,374,9,68013,1.749756,,
2026-07-04,SYN-GOOG-04,Generated shopping group B,Google Ads,development,40625,27929,391,9,72100,1.774769,,
2026-07-05,SYN-GOOG-04,Generated shopping group B,Google Ads,development,38456,26429,370,9,71839,1.868083,,
2026-07-06,SYN-GOOG-04,Generated shopping group B,Google Ads,development,36253,24929,349,8,64823,1.788073,,
2026-07-07,SYN-GOOG-04,Generated shopping group B,Google Ads,development,32601,22357,313,7,52137,1.599245,,
2026-07-08,SYN-GOOG-04,Generated shopping group B,Google Ads,development,30154,20714,290,6,49005,1.625158,,
2026-07-09,SYN-GOOG-04,Generated shopping group B,Google Ads,development,33002,22643,317,7,54044,1.637598,,
2026-07-10,SYN-GOOG-04,Generated shopping group B,Google Ads,development,36413,25000,350,7,57350,1.574987,,
2026-07-11,SYN-GOOG-04,Generated shopping group B,Google Ads,development,39851,27357,383,9,70150,1.760307,,
2026-07-12,SYN-GOOG-04,Generated shopping group B,Google Ads,development,36503,25071,351,8,64099,1.755993,,
2026-07-13,SYN-GOOG-04,Generated shopping group B,Google Ads,development,32600,22357,313,7,54190,1.66227,,
2026-07-14,SYN-GOOG-04,Generated shopping group B,Google Ads,development,30546,21000,294,6,47158,1.543836,,
2026-07-15,SYN-GOOG-04,Generated shopping group B,Google Ads,development,28903,19857,278,6,47180,1.632357,,
2026-07-16,SYN-GOOG-04,Generated shopping group B,Google Ads,development,30393,20857,292,6,50678,1.667423,,
2026-07-17,SYN-GOOG-04,Generated shopping group B,Google Ads,development,36694,25214,353,8,61345,1.671799,,
2026-07-18,SYN-GOOG-04,Generated shopping group B,Google Ads,development,38355,26357,369,9,67590,1.762221,,
2026-07-19,SYN-GOOG-04,Generated shopping group B,Google Ads,development,39504,27143,380,9,68515,1.734381,,
2026-07-20,SYN-GOOG-04,Generated shopping group B,Google Ads,development,34023,23357,327,8,60473,1.777415,,
2026-07-21,SYN-GOOG-04,Generated shopping group B,Google Ads,development,32009,22000,308,7,54452,1.701147,,
2026-07-22,SYN-GOOG-04,Generated shopping group B,Google Ads,development,29832,20500,287,6,50045,1.677561,,
2026-07-23,SYN-GOOG-04,Generated shopping group B,Google Ads,development,34939,24000,336,8,60461,1.730473,,
2026-07-24,SYN-GOOG-04,Generated shopping group B,Google Ads,development,40521,27857,390,9,71787,1.7716,,
2026-07-25,SYN-GOOG-04,Generated shopping group B,Google Ads,development,42077,28929,405,10,75650,1.797894,,
2026-07-26,SYN-GOOG-04,Generated shopping group B,Google Ads,development,43213,29714,416,10,77733,1.798834,,
2026-07-27,SYN-GOOG-04,Generated shopping group B,Google Ads,development,37471,25714,360,8,66041,1.762456,,
2026-07-28,SYN-GOOG-04,Generated shopping group B,Google Ads,development,34742,23857,334,8,60822,1.750676,,
2026-07-29,SYN-GOOG-04,Generated shopping group B,Google Ads,development,33676,23143,324,7,57220,1.699133,,
2026-07-30,SYN-GOOG-04,Generated shopping group B,Google Ads,development,37167,25500,357,8,63826,1.717276,,
2026-07-31,SYN-GOOG-04,Generated shopping group B,Google Ads,development,45129,31000,434,10,78691,1.74369,,
2026-08-01,SYN-GOOG-04,Generated shopping group B,Google Ads,development,43499,29857,418,10,78919,1.814272,,
2026-08-02,SYN-GOOG-04,Generated shopping group B,Google Ads,holdout,42072,28929,405,10,76846,1.826535,1.718356,1.776595
2026-08-03,SYN-GOOG-04,Generated shopping group B,Google Ads,holdout,36134,24786,347,8,62656,1.73399,1.718356,1.707004
2026-08-04,SYN-GOOG-04,Generated shopping group B,Google Ads,holdout,31260,21500,301,6,50340,1.610365,1.718356,1.64299
2026-08-05,SYN-GOOG-04,Generated shopping group B,Google Ads,holdout,27866,19143,268,6,44211,1.586557,1.718356,1.597409
2026-08-06,SYN-GOOG-04,Generated shopping group B,Google Ads,holdout,32465,22286,312,7,53772,1.656307,1.718356,1.652181
2026-08-07,SYN-GOOG-04,Generated shopping group B,Google Ads,holdout,36494,25071,351,8,63835,1.749192,1.718356,1.702145
2026-08-08,SYN-GOOG-04,Generated shopping group B,Google Ads,holdout,37577,25786,361,8,64399,1.713788,1.718356,1.718197
2026-08-09,SYN-GOOG-04,Generated shopping group B,Google Ads,holdout,35859,24643,345,8,60491,1.686913,1.718356,1.698619
2026-08-10,SYN-GOOG-04,Generated shopping group B,Google Ads,holdout,33918,23286,326,8,59893,1.765818,1.718356,1.670307
2026-08-11,SYN-GOOG-04,Generated shopping group B,Google Ads,holdout,31135,21357,299,7,52450,1.684599,1.718356,1.630703
2026-08-12,SYN-GOOG-04,Generated shopping group B,Google Ads,holdout,29474,20214,283,6,46830,1.588858,1.718356,1.607916
2026-08-13,SYN-GOOG-04,Generated shopping group B,Google Ads,holdout,30904,21214,297,7,51928,1.6803,1.718356,1.628475
2026-08-14,SYN-GOOG-04,Generated shopping group B,Google Ads,holdout,37244,25571,358,8,65614,1.761733,1.718356,1.707144
2026-08-15,SYN-GOOG-04,Generated shopping group B,Google Ads,holdout,38295,26286,368,8,66378,1.733333,1.718356,1.725894
2026-08-16,SYN-GOOG-04,Generated shopping group B,Google Ads,holdout,38828,26643,373,9,68486,1.76383,1.718356,1.733305
2026-08-17,SYN-GOOG-04,Generated shopping group B,Google Ads,holdout,35201,24143,338,8,59434,1.688418,1.718356,1.690777
2026-08-18,SYN-GOOG-04,Generated shopping group B,Google Ads,holdout,30831,21143,296,6,50893,1.650709,1.718356,1.636466
2026-08-19,SYN-GOOG-04,Generated shopping group B,Google Ads,holdout,31295,21500,301,6,50851,1.624892,1.718356,1.64076
2026-08-20,SYN-GOOG-04,Generated shopping group B,Google Ads,holdout,32285,22143,310,7,55138,1.707852,1.718356,1.657945
2026-08-21,SYN-GOOG-04,Generated shopping group B,Google Ads,holdout,38151,26214,367,9,69654,1.825745,1.718356,1.731839
2026-08-22,SYN-GOOG-04,Generated shopping group B,Google Ads,holdout,40912,28071,393,9,73425,1.794706,1.718356,1.768715
2026-08-23,SYN-GOOG-04,Generated shopping group B,Google Ads,holdout,40140,27571,386,9,74536,1.856901,1.718356,1.762929
2026-08-24,SYN-GOOG-04,Generated shopping group B,Google Ads,holdout,38719,26571,372,9,69270,1.789044,1.718356,1.743741
2026-08-25,SYN-GOOG-04,Generated shopping group B,Google Ads,holdout,34302,23571,330,8,59585,1.737071,1.718356,1.690018
2026-08-26,SYN-GOOG-04,Generated shopping group B,Google Ads,holdout,32531,22357,313,7,55335,1.700993,1.718356,1.667561
2026-08-27,SYN-GOOG-04,Generated shopping group B,Google Ads,holdout,36767,25286,354,8,65240,1.774417,1.718356,1.717562
2026-08-28,SYN-GOOG-04,Generated shopping group B,Google Ads,holdout,40605,27857,390,10,75602,1.861889,1.718356,1.764924
2026-08-29,SYN-GOOG-04,Generated shopping group B,Google Ads,holdout,39645,27214,381,9,74061,1.868104,1.718356,1.760717
2026-08-30,SYN-GOOG-04,Generated shopping group B,Google Ads,holdout,41234,28286,396,10,76700,1.860115,1.718356,1.775734
2026-08-31,SYN-GOOG-04,Generated shopping group B,Google Ads,holdout,38178,26214,367,9,67741,1.774346,1.718356,1.736677
2026-01-04,SYN-TIKT-01,Generated short-form concept A,TikTok Ads,development,36556,36091,397,5,39386,1.077415,,
2026-01-05,SYN-TIKT-01,Generated short-form concept A,TikTok Ads,development,35042,34636,381,4,34454,0.98322,,
2026-01-06,SYN-TIKT-01,Generated short-form concept A,TikTok Ads,development,28338,28000,308,3,27409,0.967217,,
2026-01-07,SYN-TIKT-01,Generated short-form concept A,TikTok Ads,development,25837,25545,281,3,23341,0.903394,,
2026-01-08,SYN-TIKT-01,Generated short-form concept A,TikTok Ads,development,30035,29636,326,4,31557,1.050674,,
2026-01-09,SYN-TIKT-01,Generated short-form concept A,TikTok Ads,development,34717,34273,377,4,35078,1.010398,,
2026-01-10,SYN-TIKT-01,Generated short-form concept A,TikTok Ads,development,34094,33727,371,5,36849,1.080806,,
2026-01-11,SYN-TIKT-01,Generated short-form concept A,TikTok Ads,development,33624,33182,365,5,37513,1.115661,,
2026-01-12,SYN-TIKT-01,Generated short-form concept A,TikTok Ads,development,28723,28364,312,3,27725,0.965254,,
2026-01-13,SYN-TIKT-01,Generated short-form concept A,TikTok Ads,development,28230,27909,307,3,26284,0.931066,,
2026-01-14,SYN-TIKT-01,Generated short-form concept A,TikTok Ads,development,26455,26182,288,3,25019,0.945719,,
2026-01-15,SYN-TIKT-01,Generated short-form concept A,TikTok Ads,development,28595,28273,311,4,29280,1.023955,,
2026-01-16,SYN-TIKT-01,Generated short-form concept A,TikTok Ads,development,35948,35545,391,5,37767,1.050601,,
2026-01-17,SYN-TIKT-01,Generated short-form concept A,TikTok Ads,development,36757,36364,400,5,38738,1.053894,,
2026-01-18,SYN-TIKT-01,Generated short-form concept A,TikTok Ads,development,34964,34545,380,5,39008,1.115662,,
2026-01-19,SYN-TIKT-01,Generated short-form concept A,TikTok Ads,development,30304,29909,329,4,31260,1.031547,,
2026-01-20,SYN-TIKT-01,Generated short-form concept A,TikTok Ads,development,32028,31636,348,4,30957,0.966561,,
2026-01-21,SYN-TIKT-01,Generated short-form concept A,TikTok Ads,development,28424,28091,309,4,29837,1.049712,,
2026-01-22,SYN-TIKT-01,Generated short-form concept A,TikTok Ads,development,34186,33818,372,4,35634,1.042357,,
2026-01-23,SYN-TIKT-01,Generated short-form concept A,TikTok Ads,development,38639,38182,420,5,43618,1.128859,,
2026-01-24,SYN-TIKT-01,Generated short-form concept A,TikTok Ads,development,42344,41818,460,6,49351,1.165478,,
2026-01-25,SYN-TIKT-01,Generated short-form concept A,TikTok Ads,development,37585,37182,409,5,42731,1.136916,,
2026-01-26,SYN-TIKT-01,Generated short-form concept A,TikTok Ads,development,35075,34636,381,5,38436,1.095823,,
2026-01-27,SYN-TIKT-01,Generated short-form concept A,TikTok Ads,development,32324,31909,351,4,34477,1.066607,,
2026-01-28,SYN-TIKT-01,Generated short-form concept A,TikTok Ads,development,30928,30545,336,4,30656,0.991205,,
2026-01-29,SYN-TIKT-01,Generated short-form concept A,TikTok Ads,development,31380,31000,341,4,35498,1.13123,,
2026-01-30,SYN-TIKT-01,Generated short-form concept A,TikTok Ads,development,39277,38818,427,6,46684,1.188584,,
2026-01-31,SYN-TIKT-01,Generated short-form concept A,TikTok Ads,development,39114,38636,425,6,47456,1.213274,,
2026-02-01,SYN-TIKT-01,Generated short-form concept A,TikTok Ads,development,37876,37455,412,5,40078,1.058137,,
2026-02-02,SYN-TIKT-01,Generated short-form concept A,TikTok Ads,development,30826,30455,335,4,32984,1.070006,,
2026-02-03,SYN-TIKT-01,Generated short-form concept A,TikTok Ads,development,27770,27455,302,4,29376,1.057832,,
2026-02-04,SYN-TIKT-01,Generated short-form concept A,TikTok Ads,development,28338,28000,308,3,27509,0.970746,,
2026-02-05,SYN-TIKT-01,Generated short-form concept A,TikTok Ads,development,32341,32000,352,4,33766,1.044062,,
2026-02-06,SYN-TIKT-01,Generated short-form concept A,TikTok Ads,development,36048,35636,392,5,37803,1.048685,,
2026-02-07,SYN-TIKT-01,Generated short-form concept A,TikTok Ads,development,36673,36273,399,5,41755,1.138576,,
2026-02-08,SYN-TIKT-01,Generated short-form concept A,TikTok Ads,development,33783,33364,367,4,36065,1.067549,,
2026-02-09,SYN-TIKT-01,Generated short-form concept A,TikTok Ads,development,29925,29545,325,3,28130,0.940017,,
2026-02-10,SYN-TIKT-01,Generated short-form concept A,TikTok Ads,development,25762,25455,280,3,21847,0.848032,,
2026-02-11,SYN-TIKT-01,Generated short-form concept A,TikTok Ads,development,25354,25091,276,3,24095,0.950343,,
2026-02-12,SYN-TIKT-01,Generated short-form concept A,TikTok Ads,development,29667,29273,322,3,27182,0.916237,,
2026-02-13,SYN-TIKT-01,Generated short-form concept A,TikTok Ads,development,31566,31182,343,4,33315,1.055408,,
2026-02-14,SYN-TIKT-01,Generated short-form concept A,TikTok Ads,development,34349,33909,373,5,36773,1.07057,,
2026-02-15,SYN-TIKT-01,Generated short-form concept A,TikTok Ads,development,36854,36455,401,5,37543,1.018695,,
2026-02-16,SYN-TIKT-01,Generated short-form concept A,TikTok Ads,development,30905,30545,336,4,30680,0.99272,,
2026-02-17,SYN-TIKT-01,Generated short-form concept A,TikTok Ads,development,28389,28091,309,3,27560,0.970799,,
2026-02-18,SYN-TIKT-01,Generated short-form concept A,TikTok Ads,development,28664,28364,312,3,27132,0.946553,,
2026-02-19,SYN-TIKT-01,Generated short-form concept A,TikTok Ads,development,31588,31182,343,4,31754,1.005255,,
2026-02-20,SYN-TIKT-01,Generated short-form concept A,TikTok Ads,development,37135,36727,404,5,43298,1.165962,,
2026-02-21,SYN-TIKT-01,Generated short-form concept A,TikTok Ads,development,39836,39364,433,6,47887,1.202104,,
2026-02-22,SYN-TIKT-01,Generated short-form concept A,TikTok Ads,development,36887,36455,401,5,37632,1.020197,,
2026-02-23,SYN-TIKT-01,Generated short-form concept A,TikTok Ads,development,33035,32636,359,4,35675,1.079915,,
2026-02-24,SYN-TIKT-01,Generated short-form concept A,TikTok Ads,development,30912,30545,336,4,31029,1.003785,,
2026-02-25,SYN-TIKT-01,Generated short-form concept A,TikTok Ads,development,32913,32545,358,4,34782,1.056786,,
2026-02-26,SYN-TIKT-01,Generated short-form concept A,TikTok Ads,development,31715,31364,345,5,36918,1.164055,,
2026-02-27,SYN-TIKT-01,Generated short-form concept A,TikTok Ads,development,39080,38636,425,6,47406,1.21305,,
2026-02-28,SYN-TIKT-01,Generated short-form concept A,TikTok Ads,development,40698,40182,442,6,49720,1.221682,,
2026-03-01,SYN-TIKT-01,Generated short-form concept A,TikTok Ads,development,39621,39182,431,6,46781,1.180712,,
2026-03-02,SYN-TIKT-01,Generated short-form concept A,TikTok Ads,development,33043,32636,359,4,36331,1.099507,,
2026-03-03,SYN-TIKT-01,Generated short-form concept A,TikTok Ads,development,30459,30091,331,4,29518,0.969106,,
2026-03-04,SYN-TIKT-01,Generated short-form concept A,TikTok Ads,development,29704,29364,323,4,32081,1.080023,,
2026-03-05,SYN-TIKT-01,Generated short-form concept A,TikTok Ads,development,29828,29455,324,4,30345,1.017333,,
2026-03-06,SYN-TIKT-01,Generated short-form concept A,TikTok Ads,development,35981,35545,391,5,37694,1.047608,,
2026-03-07,SYN-TIKT-01,Generated short-form concept A,TikTok Ads,development,36062,35636,392,5,40154,1.113471,,
2026-03-08,SYN-TIKT-01,Generated short-form concept A,TikTok Ads,development,36081,35636,392,5,37979,1.052604,,
2026-03-09,SYN-TIKT-01,Generated short-form concept A,TikTok Ads,development,28688,28364,312,3,26055,0.908219,,
2026-03-10,SYN-TIKT-01,Generated short-form concept A,TikTok Ads,development,28050,27727,305,3,27077,0.965312,,
2026-03-11,SYN-TIKT-01,Generated short-form concept A,TikTok Ads,development,25158,24818,273,3,22287,0.885881,,
2026-03-12,SYN-TIKT-01,Generated short-form concept A,TikTok Ads,development,32637,32273,355,4,35148,1.076937,,
2026-03-13,SYN-TIKT-01,Generated short-form concept A,TikTok Ads,development,31850,31455,346,4,35339,1.109545,,
2026-03-14,SYN-TIKT-01,Generated short-form concept A,TikTok Ads,development,32868,32455,357,4,34635,1.05376,,
2026-03-15,SYN-TIKT-01,Generated short-form concept A,TikTok Ads,development,34002,33636,370,4,35973,1.057967,,
2026-03-16,SYN-TIKT-01,Generated short-form concept A,TikTok Ads,development,29029,28727,316,4,28644,0.986737,,
2026-03-17,SYN-TIKT-01,Generated short-form concept A,TikTok Ads,development,29878,29545,325,4,28880,0.966597,,
2026-03-18,SYN-TIKT-01,Generated short-form concept A,TikTok Ads,development,28269,27909,307,3,27850,0.985178,,
2026-03-19,SYN-TIKT-01,Generated short-form concept A,TikTok Ads,development,30022,29636,326,4,29845,0.994104,,
2026-03-20,SYN-TIKT-01,Generated short-form concept A,TikTok Ads,development,36032,35636,392,5,41783,1.159608,,
2026-03-21,SYN-TIKT-01,Generated short-form concept A,TikTok Ads,development,39927,39455,434,6,46485,1.16425,,
2026-03-22,SYN-TIKT-01,Generated short-form concept A,TikTok Ads,development,38092,37636,414,5,42400,1.113095,,
2026-03-23,SYN-TIKT-01,Generated short-form concept A,TikTok Ads,development,34310,33909,373,5,36989,1.078082,,
2026-03-24,SYN-TIKT-01,Generated short-form concept A,TikTok Ads,development,30761,30364,334,4,31186,1.013816,,
2026-03-25,SYN-TIKT-01,Generated short-form concept A,TikTok Ads,development,29608,29273,322,4,31010,1.047352,,
2026-03-26,SYN-TIKT-01,Generated short-form concept A,TikTok Ads,development,31545,31182,343,4,35357,1.120843,,
2026-03-27,SYN-TIKT-01,Generated short-form concept A,TikTok Ads,development,39002,38545,424,5,41649,1.067868,,
2026-03-28,SYN-TIKT-01,Generated short-form concept A,TikTok Ads,development,40947,40455,445,6,46559,1.137055,,
2026-03-29,SYN-TIKT-01,Generated short-form concept A,TikTok Ads,development,37097,36636,403,5,43281,1.166698,,
2026-03-30,SYN-TIKT-01,Generated short-form concept A,TikTok Ads,development,34574,34182,376,5,38439,1.111789,,
2026-03-31,SYN-TIKT-01,Generated short-form concept A,TikTok Ads,development,32322,31909,351,4,33324,1.031001,,
2026-04-01,SYN-TIKT-01,Generated short-form concept A,TikTok Ads,development,29496,29182,321,4,31248,1.059398,,
2026-04-02,SYN-TIKT-01,Generated short-form concept A,TikTok Ads,development,34019,33636,370,4,32109,0.943855,,
2026-04-03,SYN-TIKT-01,Generated short-form concept A,TikTok Ads,development,38575,38091,419,5,39901,1.034375,,
2026-04-04,SYN-TIKT-01,Generated short-form concept A,TikTok Ads,development,38114,37636,414,5,41338,1.084588,,
2026-04-05,SYN-TIKT-01,Generated short-form concept A,TikTok Ads,development,36811,36364,400,5,38465,1.044932,,
2026-04-06,SYN-TIKT-01,Generated short-form concept A,TikTok Ads,development,32950,32545,358,4,33812,1.026161,,
2026-04-07,SYN-TIKT-01,Generated short-form concept A,TikTok Ads,development,26893,26545,292,3,24600,0.914736,,
2026-04-08,SYN-TIKT-01,Generated short-form concept A,TikTok Ads,development,28733,28364,312,3,26898,0.936136,,
2026-04-09,SYN-TIKT-01,Generated short-form concept A,TikTok Ads,development,28435,28091,309,4,28400,0.998769,,
2026-04-10,SYN-TIKT-01,Generated short-form concept A,TikTok Ads,development,33645,33273,366,4,36126,1.073741,,
2026-04-11,SYN-TIKT-01,Generated short-form concept A,TikTok Ads,development,33758,33364,367,4,36254,1.073938,,
2026-04-12,SYN-TIKT-01,Generated short-form concept A,TikTok Ads,development,34260,33818,372,4,36183,1.05613,,
2026-04-13,SYN-TIKT-01,Generated short-form concept A,TikTok Ads,development,27344,27000,297,3,27802,1.01675,,
2026-04-14,SYN-TIKT-01,Generated short-form concept A,TikTok Ads,development,24883,24545,270,3,24527,0.985693,,
2026-04-15,SYN-TIKT-01,Generated short-form concept A,TikTok Ads,development,31187,30818,339,4,31458,1.00869,,
2026-04-16,SYN-TIKT-01,Generated short-form concept A,TikTok Ads,development,32998,32636,359,4,33276,1.008425,,
2026-04-17,SYN-TIKT-01,Generated short-form concept A,TikTok Ads,development,34399,34000,374,4,35897,1.043548,,
2026-04-18,SYN-TIKT-01,Generated short-form concept A,TikTok Ads,development,37349,36909,406,6,46368,1.241479,,
2026-04-19,SYN-TIKT-01,Generated short-form concept A,TikTok Ads,development,34389,34000,374,5,37737,1.097357,,
2026-04-20,SYN-TIKT-01,Generated short-form concept A,TikTok Ads,development,32695,32273,355,4,35011,1.070837,,
2026-04-21,SYN-TIKT-01,Generated short-form concept A,TikTok Ads,development,29759,29364,323,4,30418,1.022145,,
2026-04-22,SYN-TIKT-01,Generated short-form concept A,TikTok Ads,development,31376,31000,341,4,30505,0.97224,,
2026-04-23,SYN-TIKT-01,Generated short-form concept A,TikTok Ads,development,30178,29818,328,4,35065,1.161939,,
2026-04-24,SYN-TIKT-01,Generated short-form concept A,TikTok Ads,development,37213,36727,404,6,45738,1.229087,,
2026-04-25,SYN-TIKT-01,Generated short-form concept A,TikTok Ads,development,39967,39455,434,6,47014,1.17632,,
2026-04-26,SYN-TIKT-01,Generated short-form concept A,TikTok Ads,development,41237,40727,448,6,48928,1.186507,,
2026-04-27,SYN-TIKT-01,Generated short-form concept A,TikTok Ads,development,34424,34000,374,5,38616,1.121776,,
2026-04-28,SYN-TIKT-01,Generated short-form concept A,TikTok Ads,development,31914,31545,347,4,30827,0.96594,,
2026-04-29,SYN-TIKT-01,Generated short-form concept A,TikTok Ads,development,29585,29273,322,4,29995,1.013858,,
2026-04-30,SYN-TIKT-01,Generated short-form concept A,TikTok Ads,development,37646,37182,409,5,41022,1.089678,,
2026-05-01,SYN-TIKT-01,Generated short-form concept A,TikTok Ads,development,40217,39727,437,6,46314,1.151603,,
2026-05-02,SYN-TIKT-01,Generated short-form concept A,TikTok Ads,development,38947,38455,423,5,42958,1.102986,,
2026-05-03,SYN-TIKT-01,Generated short-form concept A,TikTok Ads,development,35892,35455,390,5,37897,1.055862,,
2026-05-04,SYN-TIKT-01,Generated short-form concept A,TikTok Ads,development,30816,30455,335,4,29536,0.958463,,
2026-05-05,SYN-TIKT-01,Generated short-form concept A,TikTok Ads,development,29148,28818,317,3,27388,0.939618,,
2026-05-06,SYN-TIKT-01,Generated short-form concept A,TikTok Ads,development,29071,28727,316,3,28105,0.966771,,
2026-05-07,SYN-TIKT-01,Generated short-form concept A,TikTok Ads,development,28472,28091,309,3,26171,0.919184,,
2026-05-08,SYN-TIKT-01,Generated short-form concept A,TikTok Ads,development,34908,34455,379,4,35035,1.003638,,
2026-05-09,SYN-TIKT-01,Generated short-form concept A,TikTok Ads,development,34147,33727,371,5,38508,1.127713,,
2026-05-10,SYN-TIKT-01,Generated short-form concept A,TikTok Ads,development,32664,32273,355,4,33203,1.016501,,
2026-05-11,SYN-TIKT-01,Generated short-form concept A,TikTok Ads,development,27901,27545,303,3,26696,0.956812,,
2026-05-12,SYN-TIKT-01,Generated short-form concept A,TikTok Ads,development,26079,25727,283,3,24911,0.955213,,
2026-05-13,SYN-TIKT-01,Generated short-form concept A,TikTok Ads,development,25614,25273,278,3,23217,0.906418,,
2026-05-14,SYN-TIKT-01,Generated short-form concept A,TikTok Ads,development,31424,31091,342,4,31216,0.993381,,
2026-05-15,SYN-TIKT-01,Generated short-form concept A,TikTok Ads,development,31241,30909,340,4,35184,1.126212,,
2026-05-16,SYN-TIKT-01,Generated short-form concept A,TikTok Ads,development,35261,34818,383,5,42168,1.195882,,
2026-05-17,SYN-TIKT-01,Generated short-form concept A,TikTok Ads,development,35536,35091,386,5,37717,1.061374,,
2026-05-18,SYN-TIKT-01,Generated short-form concept A,TikTok Ads,development,30958,30545,336,4,30773,0.994024,,
2026-05-19,SYN-TIKT-01,Generated short-form concept A,TikTok Ads,development,30691,30364,334,4,28592,0.931609,,
2026-05-20,SYN-TIKT-01,Generated short-form concept A,TikTok Ads,development,29851,29455,324,4,32806,1.098992,,
2026-05-21,SYN-TIKT-01,Generated short-form concept A,TikTok Ads,development,32680,32273,355,4,31411,0.961169,,
2026-05-22,SYN-TIKT-01,Generated short-form concept A,TikTok Ads,development,39539,39091,430,5,43147,1.091252,,
2026-05-23,SYN-TIKT-01,Generated short-form concept A,TikTok Ads,development,40504,40000,440,5,44219,1.091719,,
2026-05-24,SYN-TIKT-01,Generated short-form concept A,TikTok Ads,development,39048,38545,424,6,45755,1.171763,,
2026-05-25,SYN-TIKT-01,Generated short-form concept A,TikTok Ads,development,34110,33727,371,4,36427,1.067927,,
2026-05-26,SYN-TIKT-01,Generated short-form concept A,TikTok Ads,development,32139,31727,349,4,32317,1.005538,,
2026-05-27,SYN-TIKT-01,Generated short-form concept A,TikTok Ads,development,31420,31091,342,4,30853,0.981954,,
2026-05-28,SYN-TIKT-01,Generated short-form concept A,TikTok Ads,development,34271,33909,373,4,36363,1.061043,,
2026-05-29,SYN-TIKT-01,Generated short-form concept A,TikTok Ads,development,38802,38364,422,6,48353,1.246147,,
2026-05-30,SYN-TIKT-01,Generated short-form concept A,TikTok Ads,development,40173,39727,437,6,46495,1.157369,,
2026-05-31,SYN-TIKT-01,Generated short-form concept A,TikTok Ads,development,33265,32909,362,5,37088,1.114926,,
2026-06-01,SYN-TIKT-01,Generated short-form concept A,TikTok Ads,development,37039,36636,403,4,36384,0.982316,,
2026-06-02,SYN-TIKT-01,Generated short-form concept A,TikTok Ads,development,27607,27273,300,3,27613,1.000217,,
2026-06-03,SYN-TIKT-01,Generated short-form concept A,TikTok Ads,development,28801,28455,313,4,30585,1.061942,,
2026-06-04,SYN-TIKT-01,Generated short-form concept A,TikTok Ads,development,31490,31091,342,4,30287,0.961797,,
2026-06-05,SYN-TIKT-01,Generated short-form concept A,TikTok Ads,development,33324,32909,362,4,35103,1.053385,,
2026-06-06,SYN-TIKT-01,Generated short-form concept A,TikTok Ads,development,37702,37273,410,5,41770,1.107899,,
2026-06-07,SYN-TIKT-01,Generated short-form concept A,TikTok Ads,development,36121,35727,393,5,38105,1.054926,,
2026-06-08,SYN-TIKT-01,Generated short-form concept A,TikTok Ads,development,31387,31000,341,4,31389,1.000064,,
2026-06-09,SYN-TIKT-01,Generated short-form concept A,TikTok Ads,development,25004,24727,272,3,22897,0.915733,,
2026-06-10,SYN-TIKT-01,Generated short-form concept A,TikTok Ads,development,25620,25273,278,3,23027,0.89879,,
2026-06-11,SYN-TIKT-01,Generated short-form concept A,TikTok Ads,development,29897,29545,325,3,26919,0.900391,,
2026-06-12,SYN-TIKT-01,Generated short-form concept A,TikTok Ads,development,32987,32636,359,4,32960,0.999181,,
2026-06-13,SYN-TIKT-01,Generated short-form concept A,TikTok Ads,development,35786,35364,389,5,38974,1.089085,,
2026-06-14,SYN-TIKT-01,Generated short-form concept A,TikTok Ads,development,36827,36364,400,5,40670,1.104353,,
2026-06-15,SYN-TIKT-01,Generated short-form concept A,TikTok Ads,development,28680,28364,312,4,29318,1.022245,,
2026-06-16,SYN-TIKT-01,Generated short-form concept A,TikTok Ads,development,28360,28000,308,3,26337,0.928667,,
2026-06-17,SYN-TIKT-01,Generated short-form concept A,TikTok Ads,development,27064,26727,294,3,25557,0.944317,,
2026-06-18,SYN-TIKT-01,Generated short-form concept A,TikTok Ads,development,32250,31909,351,4,31295,0.970388,,
2026-06-19,SYN-TIKT-01,Generated short-form concept A,TikTok Ads,development,36647,36182,398,5,39203,1.069747,,
2026-06-20,SYN-TIKT-01,Generated short-form concept A,TikTok Ads,development,39595,39091,430,5,42947,1.084657,,
2026-06-21,SYN-TIKT-01,Generated short-form concept A,TikTok Ads,development,37788,37364,411,5,39418,1.043135,,
2026-06-22,SYN-TIKT-01,Generated short-form concept A,TikTok Ads,development,33948,33545,369,4,35999,1.060416,,
2026-06-23,SYN-TIKT-01,Generated short-form concept A,TikTok Ads,development,30882,30545,336,4,29819,0.965579,,
2026-06-24,SYN-TIKT-01,Generated short-form concept A,TikTok Ads,development,30655,30273,333,4,31486,1.027108,,
2026-06-25,SYN-TIKT-01,Generated short-form concept A,TikTok Ads,development,35270,34818,383,5,39580,1.1222,,
2026-06-26,SYN-TIKT-01,Generated short-form concept A,TikTok Ads,development,39975,39545,435,6,47596,1.190644,,
2026-06-27,SYN-TIKT-01,Generated short-form concept A,TikTok Ads,development,39746,39273,432,6,45918,1.155286,,
2026-06-28,SYN-TIKT-01,Generated short-form concept A,TikTok Ads,development,38157,37727,415,5,42433,1.112063,,
2026-06-29,SYN-TIKT-01,Generated short-form concept A,TikTok Ads,development,33290,32909,362,4,33082,0.993752,,
2026-06-30,SYN-TIKT-01,Generated short-form concept A,TikTok Ads,development,30131,29818,328,4,28437,0.943779,,
2026-07-01,SYN-TIKT-01,Generated short-form concept A,TikTok Ads,development,30074,29727,327,4,29900,0.994214,,
2026-07-02,SYN-TIKT-01,Generated short-form concept A,TikTok Ads,development,31756,31364,345,4,30974,0.975375,,
2026-07-03,SYN-TIKT-01,Generated short-form concept A,TikTok Ads,development,36324,35909,395,5,43633,1.201217,,
2026-07-04,SYN-TIKT-01,Generated short-form concept A,TikTok Ads,development,35169,34727,382,5,41008,1.166027,,
2026-07-05,SYN-TIKT-01,Generated short-form concept A,TikTok Ads,development,34682,34273,377,4,34624,0.998328,,
2026-07-06,SYN-TIKT-01,Generated short-form concept A,TikTok Ads,development,32168,31818,350,4,31449,0.977649,,
2026-07-07,SYN-TIKT-01,Generated short-form concept A,TikTok Ads,development,24527,24273,267,3,24128,0.983732,,
2026-07-08,SYN-TIKT-01,Generated short-form concept A,TikTok Ads,development,26337,26000,286,3,26579,1.009189,,
2026-07-09,SYN-TIKT-01,Generated short-form concept A,TikTok Ads,development,30951,30545,336,4,31374,1.013667,,
2026-07-10,SYN-TIKT-01,Generated short-form concept A,TikTok Ads,development,32624,32273,355,4,34164,1.047205,,
2026-07-11,SYN-TIKT-01,Generated short-form concept A,TikTok Ads,development,36733,36273,399,5,37416,1.018594,,
2026-07-12,SYN-TIKT-01,Generated short-form concept A,TikTok Ads,development,34103,33727,371,4,33743,0.989444,,
2026-07-13,SYN-TIKT-01,Generated short-form concept A,TikTok Ads,development,27563,27273,300,3,27657,1.00341,,
2026-07-14,SYN-TIKT-01,Generated short-form concept A,TikTok Ads,development,25032,24727,272,3,25537,1.020174,,
2026-07-15,SYN-TIKT-01,Generated short-form concept A,TikTok Ads,development,26466,26182,288,3,25515,0.964067,,
2026-07-16,SYN-TIKT-01,Generated short-form concept A,TikTok Ads,development,29433,29091,320,4,30725,1.043896,,
2026-07-17,SYN-TIKT-01,Generated short-form concept A,TikTok Ads,development,33760,33364,367,5,36460,1.079976,,
2026-07-18,SYN-TIKT-01,Generated short-form concept A,TikTok Ads,development,38364,37909,417,5,40843,1.064618,,
2026-07-19,SYN-TIKT-01,Generated short-form concept A,TikTok Ads,development,40166,39727,437,5,42501,1.058134,,
2026-07-20,SYN-TIKT-01,Generated short-form concept A,TikTok Ads,development,33235,32818,361,4,30880,0.929141,,
2026-07-21,SYN-TIKT-01,Generated short-form concept A,TikTok Ads,development,30448,30091,331,4,28969,0.951425,,
2026-07-22,SYN-TIKT-01,Generated short-form concept A,TikTok Ads,development,29331,29000,319,3,27563,0.939722,,
2026-07-23,SYN-TIKT-01,Generated short-form concept A,TikTok Ads,development,35547,35091,386,4,34811,0.979295,,
2026-07-24,SYN-TIKT-01,Generated short-form concept A,TikTok Ads,development,39857,39364,433,6,46104,1.156735,,
2026-07-25,SYN-TIKT-01,Generated short-form concept A,TikTok Ads,development,40597,40091,441,6,47802,1.177476,,
2026-07-26,SYN-TIKT-01,Generated short-form concept A,TikTok Ads,development,38916,38455,423,6,46202,1.187224,,
2026-07-27,SYN-TIKT-01,Generated short-form concept A,TikTok Ads,development,36414,36000,396,5,42365,1.163426,,
2026-07-28,SYN-TIKT-01,Generated short-form concept A,TikTok Ads,development,32430,32000,352,4,32474,1.001357,,
2026-07-29,SYN-TIKT-01,Generated short-form concept A,TikTok Ads,development,30964,30636,337,4,32276,1.042372,,
2026-07-30,SYN-TIKT-01,Generated short-form concept A,TikTok Ads,development,34435,34000,374,4,35573,1.033048,,
2026-07-31,SYN-TIKT-01,Generated short-form concept A,TikTok Ads,development,32951,32545,358,5,37219,1.129526,,
2026-08-01,SYN-TIKT-01,Generated short-form concept A,TikTok Ads,development,39458,39000,429,6,46293,1.173222,,
2026-08-02,SYN-TIKT-01,Generated short-form concept A,TikTok Ads,holdout,38072,37636,414,5,41211,1.082449,1.05011,1.130208
2026-08-03,SYN-TIKT-01,Generated short-form concept A,TikTok Ads,holdout,29317,29000,319,4,29016,0.989733,1.05011,1.024839
2026-08-04,SYN-TIKT-01,Generated short-form concept A,TikTok Ads,holdout,26624,26273,289,3,23691,0.889836,1.05011,0.98248
2026-08-05,SYN-TIKT-01,Generated short-form concept A,TikTok Ads,holdout,26490,26182,288,3,25792,0.97365,1.05011,0.975081
2026-08-06,SYN-TIKT-01,Generated short-form concept A,TikTok Ads,holdout,28611,28273,311,4,30285,1.058509,1.05011,1.00197
2026-08-07,SYN-TIKT-01,Generated short-form concept A,TikTok Ads,holdout,32380,32000,352,4,34423,1.063095,1.05011,1.051418
2026-08-08,SYN-TIKT-01,Generated short-form concept A,TikTok Ads,holdout,34714,34273,377,4,36277,1.045025,1.05011,1.081898
2026-08-09,SYN-TIKT-01,Generated short-form concept A,TikTok Ads,holdout,30509,30182,332,4,30948,1.014389,1.05011,1.033322
2026-08-10,SYN-TIKT-01,Generated short-form concept A,TikTok Ads,holdout,30159,29818,328,4,29577,0.980702,1.05011,1.022102
2026-08-11,SYN-TIKT-01,Generated short-form concept A,TikTok Ads,holdout,26711,26364,290,3,24676,0.923814,1.05011,0.972691
2026-08-12,SYN-TIKT-01,Generated short-form concept A,TikTok Ads,holdout,26984,26636,293,3,23579,0.873814,1.05011,0.972519
2026-08-13,SYN-TIKT-01,Generated short-form concept A,TikTok Ads,holdout,26714,26364,290,3,25033,0.937074,1.05011,0.973154
2026-08-14,SYN-TIKT-01,Generated short-form concept A,TikTok Ads,holdout,33953,33545,369,4,35034,1.031838,1.05011,1.066
2026-08-15,SYN-TIKT-01,Generated short-form concept A,TikTok Ads,holdout,38697,38273,421,5,38553,0.996279,1.05011,1.124462
2026-08-16,SYN-TIKT-01,Generated short-form concept A,TikTok Ads,holdout,35852,35455,390,5,37319,1.040918,1.05011,1.096287
2026-08-17,SYN-TIKT-01,Generated short-form concept A,TikTok Ads,holdout,30844,30455,335,4,30980,1.004409,1.05011,1.036458
2026-08-18,SYN-TIKT-01,Generated short-form concept A,TikTok Ads,holdout,27645,27273,300,3,27842,1.007126,1.05011,0.993296
2026-08-19,SYN-TIKT-01,Generated short-form concept A,TikTok Ads,holdout,30198,29818,328,3,28206,0.934035,1.05011,1.022495
2026-08-20,SYN-TIKT-01,Generated short-form concept A,TikTok Ads,holdout,31011,30636,337,4,32274,1.040727,1.05011,1.037823
2026-08-21,SYN-TIKT-01,Generated short-form concept A,TikTok Ads,holdout,38957,38455,423,5,43139,1.107349,1.05011,1.134602
2026-08-22,SYN-TIKT-01,Generated short-form concept A,TikTok Ads,holdout,40161,39727,437,6,47192,1.17507,1.05011,1.155494
2026-08-23,SYN-TIKT-01,Generated short-form concept A,TikTok Ads,holdout,39056,38636,425,5,43503,1.113862,1.05011,1.146203
2026-08-24,SYN-TIKT-01,Generated short-form concept A,TikTok Ads,holdout,33442,33091,364,4,33318,0.996292,1.05011,1.081502
2026-08-25,SYN-TIKT-01,Generated short-form concept A,TikTok Ads,holdout,33327,32909,362,4,29908,0.897411,1.05011,1.073627
2026-08-26,SYN-TIKT-01,Generated short-form concept A,TikTok Ads,holdout,30250,29909,329,3,27949,0.923934,1.05011,1.035873
2026-08-27,SYN-TIKT-01,Generated short-form concept A,TikTok Ads,holdout,33595,33182,365,4,35821,1.06626,1.05011,1.077514
2026-08-28,SYN-TIKT-01,Generated short-form concept A,TikTok Ads,holdout,37147,36727,404,5,41713,1.122917,1.05011,1.123529
2026-08-29,SYN-TIKT-01,Generated short-form concept A,TikTok Ads,holdout,35940,35545,391,5,43992,1.22404,1.05011,1.11623
2026-08-30,SYN-TIKT-01,Generated short-form concept A,TikTok Ads,holdout,39403,38909,428,6,44572,1.131183,1.05011,1.151518
2026-08-31,SYN-TIKT-01,Generated short-form concept A,TikTok Ads,holdout,32407,32000,352,4,33398,1.03058,1.05011,1.068483
2026-01-04,SYN-TIKT-02,Generated short-form concept B,TikTok Ads,development,27999,24333,292,5,34302,1.225115,,
2026-01-05,SYN-TIKT-02,Generated short-form concept B,TikTok Ads,development,26478,23000,276,4,30210,1.140947,,
2026-01-06,SYN-TIKT-02,Generated short-form concept B,TikTok Ads,development,24385,21167,254,4,28154,1.154562,,
2026-01-07,SYN-TIKT-02,Generated short-form concept B,TikTok Ads,development,26156,22667,272,4,31732,1.213182,,
2026-01-08,SYN-TIKT-02,Generated short-form concept B,TikTok Ads,development,30209,26250,315,5,38314,1.268298,,
2026-01-09,SYN-TIKT-02,Generated short-form concept B,TikTok Ads,development,28948,25167,302,5,36755,1.26969,,
2026-01-10,SYN-TIKT-02,Generated short-form concept B,TikTok Ads,development,31937,27750,333,5,40640,1.272505,,
2026-01-11,SYN-TIKT-02,Generated short-form concept B,TikTok Ads,development,28675,24917,299,5,35520,1.23871,,
2026-01-12,SYN-TIKT-02,Generated short-form concept B,TikTok Ads,development,26358,22917,275,4,30271,1.148456,,
2026-01-13,SYN-TIKT-02,Generated short-form concept B,TikTok Ads,development,23386,20333,244,3,26197,1.1202,,
2026-01-14,SYN-TIKT-02,Generated short-form concept B,TikTok Ads,development,23496,20417,245,4,27264,1.160368,,
2026-01-15,SYN-TIKT-02,Generated short-form concept B,TikTok Ads,development,31464,27333,328,5,38773,1.232297,,
2026-01-16,SYN-TIKT-02,Generated short-form concept B,TikTok Ads,development,33820,29333,352,6,47497,1.404406,,
2026-01-17,SYN-TIKT-02,Generated short-form concept B,TikTok Ads,development,35420,30750,369,6,46725,1.31917,,
2026-01-18,SYN-TIKT-02,Generated short-form concept B,TikTok Ads,development,32775,28417,341,6,42429,1.294554,,
2026-01-19,SYN-TIKT-02,Generated short-form concept B,TikTok Ads,development,29847,25917,311,5,38938,1.304587,,
2026-01-20,SYN-TIKT-02,Generated short-form concept B,TikTok Ads,development,27967,24250,291,4,33354,1.19262,,
2026-01-21,SYN-TIKT-02,Generated short-form concept B,TikTok Ads,development,30526,26500,318,5,35300,1.156391,,
2026-01-22,SYN-TIKT-02,Generated short-form concept B,TikTok Ads,development,32930,28583,343,6,43895,1.332979,,
2026-01-23,SYN-TIKT-02,Generated short-form concept B,TikTok Ads,development,39173,34000,408,7,50706,1.294412,,
2026-01-24,SYN-TIKT-02,Generated short-form concept B,TikTok Ads,development,38363,33333,400,7,51269,1.336418,,
2026-01-25,SYN-TIKT-02,Generated short-form concept B,TikTok Ads,development,35556,30833,370,6,45493,1.279475,,
2026-01-26,SYN-TIKT-02,Generated short-form concept B,TikTok Ads,development,30200,26250,315,5,37996,1.258146,,
2026-01-27,SYN-TIKT-02,Generated short-form concept B,TikTok Ads,development,26530,23000,276,4,33237,1.252808,,
2026-01-28,SYN-TIKT-02,Generated short-form concept B,TikTok Ads,development,30827,26750,321,5,39595,1.284426,,
2026-01-29,SYN-TIKT-02,Generated short-form concept B,TikTok Ads,development,35594,30917,371,6,47755,1.341659,,
2026-01-30,SYN-TIKT-02,Generated short-form concept B,TikTok Ads,development,37270,32333,388,6,49268,1.321921,,
2026-01-31,SYN-TIKT-02,Generated short-form concept B,TikTok Ads,development,40614,35250,423,7,54668,1.346038,,
2026-02-01,SYN-TIKT-02,Generated short-form concept B,TikTok Ads,development,34384,29833,358,6,47127,1.370608,,
2026-02-02,SYN-TIKT-02,Generated short-form concept B,TikTok Ads,development,28187,24500,294,5,37669,1.336396,,
2026-02-03,SYN-TIKT-02,Generated short-form concept B,TikTok Ads,development,26886,23333,280,5,35779,1.330767,,
2026-02-04,SYN-TIKT-02,Generated short-form concept B,TikTok Ads,development,26341,22833,274,4,32849,1.247067,,
2026-02-05,SYN-TIKT-02,Generated short-form concept B,TikTok Ads,development,29195,25333,304,5,39357,1.348073,,
2026-02-06,SYN-TIKT-02,Generated short-form concept B,TikTok Ads,development,32046,27833,334,6,44523,1.389347,,
2026-02-07,SYN-TIKT-02,Generated short-form concept B,TikTok Ads,development,32756,28417,341,5,41539,1.268134,,
2026-02-08,SYN-TIKT-02,Generated short-form concept B,TikTok Ads,development,31315,27167,326,5,40135,1.281654,,
2026-02-09,SYN-TIKT-02,Generated short-form concept B,TikTok Ads,development,25470,22083,265,4,30792,1.208952,,
2026-02-10,SYN-TIKT-02,Generated short-form concept B,TikTok Ads,development,26357,22917,275,4,31369,1.190158,,
2026-02-11,SYN-TIKT-02,Generated short-form concept B,TikTok Ads,development,24873,21583,259,4,28017,1.126402,,
2026-02-12,SYN-TIKT-02,Generated short-form concept B,TikTok Ads,development,29954,26000,312,5,36162,1.207251,,
2026-02-13,SYN-TIKT-02,Generated short-form concept B,TikTok Ads,development,31353,27250,327,5,40264,1.284215,,
2026-02-14,SYN-TIKT-02,Generated short-form concept B,TikTok Ads,development,33025,28667,344,5,41252,1.249114,,
2026-02-15,SYN-TIKT-02,Generated short-form concept B,TikTok Ads,development,30479,26417,317,5,39412,1.293087,,
2026-02-16,SYN-TIKT-02,Generated short-form concept B,TikTok Ads,development,30164,26167,314,5,39020,1.293595,,
2026-02-17,SYN-TIKT-02,Generated short-form concept B,TikTok Ads,development,24287,21083,253,4,28649,1.179602,,
2026-02-18,SYN-TIKT-02,Generated short-form concept B,TikTok Ads,development,25787,22417,269,4,33097,1.283476,,
2026-02-19,SYN-TIKT-02,Generated short-form concept B,TikTok Ads,development,32807,28500,342,5,41689,1.270735,,
2026-02-20,SYN-TIKT-02,Generated short-form concept B,TikTok Ads,development,36724,31917,383,6,49085,1.336592,,
2026-02-21,SYN-TIKT-02,Generated short-form concept B,TikTok Ads,development,38125,33083,397,7,52952,1.388905,,
2026-02-22,SYN-TIKT-02,Generated short-form concept B,TikTok Ads,development,35770,31083,373,7,49607,1.386833,,
2026-02-23,SYN-TIKT-02,Generated short-form concept B,TikTok Ads,development,31191,27083,325,5,38569,1.236543,,
2026-02-24,SYN-TIKT-02,Generated short-form concept B,TikTok Ads,development,28284,24583,295,4,34143,1.207149,,
2026-02-25,SYN-TIKT-02,Generated short-form concept B,TikTok Ads,development,31633,27500,330,5,40943,1.294313,,
2026-02-26,SYN-TIKT-02,Generated short-form concept B,TikTok Ads,development,31450,27333,328,5,39836,1.266645,,
2026-02-27,SYN-TIKT-02,Generated short-form concept B,TikTok Ads,development,38140,33083,397,7,50754,1.330729,,
2026-02-28,SYN-TIKT-02,Generated short-form concept B,TikTok Ads,development,37859,32833,394,7,53000,1.399931,,
2026-03-01,SYN-TIKT-02,Generated short-form concept B,TikTok Ads,development,33068,28667,344,6,43437,1.313566,,
2026-03-02,SYN-TIKT-02,Generated short-form concept B,TikTok Ads,development,30124,26167,314,5,35663,1.183873,,
2026-03-03,SYN-TIKT-02,Generated short-form concept B,TikTok Ads,development,29768,25833,310,5,36896,1.239452,,
2026-03-04,SYN-TIKT-02,Generated short-form concept B,TikTok Ads,development,27442,23833,286,4,32867,1.19769,,
2026-03-05,SYN-TIKT-02,Generated short-form concept B,TikTok Ads,development,32706,28417,341,6,41817,1.278573,,
2026-03-06,SYN-TIKT-02,Generated short-form concept B,TikTok Ads,development,33046,28667,344,6,42607,1.289324,,
2026-03-07,SYN-TIKT-02,Generated short-form concept B,TikTok Ads,development,33714,29250,351,6,48081,1.426143,,
2026-03-08,SYN-TIKT-02,Generated short-form concept B,TikTok Ads,development,31665,27500,330,5,39528,1.248318,,
2026-03-09,SYN-TIKT-02,Generated short-form concept B,TikTok Ads,development,27583,23917,287,4,31861,1.155096,,
2026-03-10,SYN-TIKT-02,Generated short-form concept B,TikTok Ads,development,24122,20917,251,4,28246,1.170964,,
2026-03-11,SYN-TIKT-02,Generated short-form concept B,TikTok Ads,development,25836,22417,269,4,29848,1.155287,,
2026-03-12,SYN-TIKT-02,Generated short-form concept B,TikTok Ads,development,28596,24833,298,5,34783,1.216359,,
2026-03-13,SYN-TIKT-02,Generated short-form concept B,TikTok Ads,development,36356,31583,379,6,47808,1.314996,,
2026-03-14,SYN-TIKT-02,Generated short-form concept B,TikTok Ads,development,34637,30083,361,6,44882,1.295782,,
2026-03-15,SYN-TIKT-02,Generated short-form concept B,TikTok Ads,development,29077,25250,303,5,38890,1.337483,,
2026-03-16,SYN-TIKT-02,Generated short-form concept B,TikTok Ads,development,24833,21583,259,4,30402,1.224258,,
2026-03-17,SYN-TIKT-02,Generated short-form concept B,TikTok Ads,development,23337,20250,243,4,28454,1.219266,,
2026-03-18,SYN-TIKT-02,Generated short-form concept B,TikTok Ads,development,28396,24667,296,5,34810,1.225877,,
2026-03-19,SYN-TIKT-02,Generated short-form concept B,TikTok Ads,development,29551,25667,308,5,37731,1.27681,,
2026-03-20,SYN-TIKT-02,Generated short-form concept B,TikTok Ads,development,35759,31000,372,6,47729,1.334741,,
2026-03-21,SYN-TIKT-02,Generated short-form concept B,TikTok Ads,development,35632,30917,371,6,45158,1.267344,,
2026-03-22,SYN-TIKT-02,Generated short-form concept B,TikTok Ads,development,34059,29583,355,6,45321,1.330661,,
2026-03-23,SYN-TIKT-02,Generated short-form concept B,TikTok Ads,development,30481,26500,318,5,38203,1.253338,,
2026-03-24,SYN-TIKT-02,Generated short-form concept B,TikTok Ads,development,26650,23167,278,4,33737,1.265929,,
2026-03-25,SYN-TIKT-02,Generated short-form concept B,TikTok Ads,development,29989,26000,312,5,37004,1.233919,,
2026-03-26,SYN-TIKT-02,Generated short-form concept B,TikTok Ads,development,32946,28583,343,6,45937,1.394312,,
2026-03-27,SYN-TIKT-02,Generated short-form concept B,TikTok Ads,development,34292,29750,357,6,47572,1.387262,,
2026-03-28,SYN-TIKT-02,Generated short-form concept B,TikTok Ads,development,37092,32167,386,7,51987,1.401569,,
2026-03-29,SYN-TIKT-02,Generated short-form concept B,TikTok Ads,development,35086,30417,365,6,48231,1.374651,,
2026-03-30,SYN-TIKT-02,Generated short-form concept B,TikTok Ads,development,30426,26417,317,5,37052,1.217774,,
2026-03-31,SYN-TIKT-02,Generated short-form concept B,TikTok Ads,development,28971,25167,302,5,34766,1.200028,,
2026-04-01,SYN-TIKT-02,Generated short-form concept B,TikTok Ads,development,25974,22583,271,5,34783,1.339147,,
2026-04-02,SYN-TIKT-02,Generated short-form concept B,TikTok Ads,development,34586,30000,360,6,46202,1.335858,,
2026-04-03,SYN-TIKT-02,Generated short-form concept B,TikTok Ads,development,34141,29667,356,6,47568,1.393281,,
2026-04-04,SYN-TIKT-02,Generated short-form concept B,TikTok Ads,development,34629,30083,361,6,46230,1.335008,,
2026-04-05,SYN-TIKT-02,Generated short-form concept B,TikTok Ads,development,29450,25583,307,5,37324,1.267368,,
2026-04-06,SYN-TIKT-02,Generated short-form concept B,TikTok Ads,development,29135,25250,303,5,35471,1.21747,,
2026-04-07,SYN-TIKT-02,Generated short-form concept B,TikTok Ads,development,24726,21500,258,4,29589,1.196676,,
2026-04-08,SYN-TIKT-02,Generated short-form concept B,TikTok Ads,development,25907,22500,270,4,30158,1.164087,,
2026-04-09,SYN-TIKT-02,Generated short-form concept B,TikTok Ads,development,29302,25417,305,5,37003,1.262815,,
2026-04-10,SYN-TIKT-02,Generated short-form concept B,TikTok Ads,development,32566,28250,339,6,42060,1.291531,,
2026-04-11,SYN-TIKT-02,Generated short-form concept B,TikTok Ads,development,32101,27833,334,6,42146,1.312919,,
2026-04-12,SYN-TIKT-02,Generated short-form concept B,TikTok Ads,development,30282,26250,315,5,39194,1.2943,,
2026-04-13,SYN-TIKT-02,Generated short-form concept B,TikTok Ads,development,26055,22583,271,4,33010,1.266935,,
2026-04-14,SYN-TIKT-02,Generated short-form concept B,TikTok Ads,development,24469,21250,255,4,27689,1.131595,,
2026-04-15,SYN-TIKT-02,Generated short-form concept B,TikTok Ads,development,28011,24333,292,5,34571,1.234194,,
2026-04-16,SYN-TIKT-02,Generated short-form concept B,TikTok Ads,development,32252,28000,336,6,41943,1.300477,,
2026-04-17,SYN-TIKT-02,Generated short-form concept B,TikTok Ads,development,32732,28417,341,6,42497,1.298332,,
2026-04-18,SYN-TIKT-02,Generated short-form concept B,TikTok Ads,development,36583,31750,381,7,51871,1.417899,,
2026-04-19,SYN-TIKT-02,Generated short-form concept B,TikTok Ads,development,32147,27917,335,6,42664,1.327153,,
2026-04-20,SYN-TIKT-02,Generated short-form concept B,TikTok Ads,development,31450,27333,328,5,37632,1.196566,,
2026-04-21,SYN-TIKT-02,Generated short-form concept B,TikTok Ads,development,27143,23583,283,5,34312,1.26412,,
2026-04-22,SYN-TIKT-02,Generated short-form concept B,TikTok Ads,development,31466,27333,328,5,37604,1.195068,,
2026-04-23,SYN-TIKT-02,Generated short-form concept B,TikTok Ads,development,34066,29583,355,6,45337,1.330858,,
2026-04-24,SYN-TIKT-02,Generated short-form concept B,TikTok Ads,development,35716,31000,372,7,51883,1.452654,,
2026-04-25,SYN-TIKT-02,Generated short-form concept B,TikTok Ads,development,36659,31833,382,7,50784,1.385308,,
2026-04-26,SYN-TIKT-02,Generated short-form concept B,TikTok Ads,development,34453,29917,359,7,50927,1.478159,,
2026-04-27,SYN-TIKT-02,Generated short-form concept B,TikTok Ads,development,30209,26250,315,5,40215,1.331226,,
2026-04-28,SYN-TIKT-02,Generated short-form concept B,TikTok Ads,development,30345,26333,316,5,37394,1.232295,,
2026-04-29,SYN-TIKT-02,Generated short-form concept B,TikTok Ads,development,29028,25167,302,5,37745,1.300296,,
2026-04-30,SYN-TIKT-02,Generated short-form concept B,TikTok Ads,development,34723,30167,362,6,48874,1.40754,,
2026-05-01,SYN-TIKT-02,Generated short-form concept B,TikTok Ads,development,36713,31833,382,7,49566,1.350094,,
2026-05-02,SYN-TIKT-02,Generated short-form concept B,TikTok Ads,development,36788,31917,383,6,48510,1.318637,,
2026-05-03,SYN-TIKT-02,Generated short-form concept B,TikTok Ads,development,32471,28167,338,6,43573,1.341905,,
2026-05-04,SYN-TIKT-02,Generated short-form concept B,TikTok Ads,development,26897,23333,280,4,33258,1.236495,,
2026-05-05,SYN-TIKT-02,Generated short-form concept B,TikTok Ads,development,21159,18333,220,3,24175,1.14254,,
2026-05-06,SYN-TIKT-02,Generated short-form concept B,TikTok Ads,development,26495,23000,276,4,32056,1.209889,,
2026-05-07,SYN-TIKT-02,Generated short-form concept B,TikTok Ads,development,30972,26917,323,5,39546,1.276831,,
2026-05-08,SYN-TIKT-02,Generated short-form concept B,TikTok Ads,development,30568,26500,318,5,37755,1.235115,,
2026-05-09,SYN-TIKT-02,Generated short-form concept B,TikTok Ads,development,31161,27083,325,5,40737,1.307307,,
2026-05-10,SYN-TIKT-02,Generated short-form concept B,TikTok Ads,development,30364,26333,316,5,38916,1.281649,,
2026-05-11,SYN-TIKT-02,Generated short-form concept B,TikTok Ads,development,23648,20500,246,4,30304,1.281461,,
2026-05-12,SYN-TIKT-02,Generated short-form concept B,TikTok Ads,development,25680,22333,268,4,32392,1.261371,,
2026-05-13,SYN-TIKT-02,Generated short-form concept B,TikTok Ads,development,26501,23000,276,4,32244,1.216709,,
2026-05-14,SYN-TIKT-02,Generated short-form concept B,TikTok Ads,development,26965,23417,281,4,33620,1.246801,,
2026-05-15,SYN-TIKT-02,Generated short-form concept B,TikTok Ads,development,31952,27750,333,5,40459,1.266243,,
2026-05-16,SYN-TIKT-02,Generated short-form concept B,TikTok Ads,development,31877,27667,332,6,42750,1.341092,,
2026-05-17,SYN-TIKT-02,Generated short-form concept B,TikTok Ads,development,32925,28583,343,6,42874,1.302172,,
2026-05-18,SYN-TIKT-02,Generated short-form concept B,TikTok Ads,development,30029,26083,313,5,36532,1.216557,,
2026-05-19,SYN-TIKT-02,Generated short-form concept B,TikTok Ads,development,29148,25333,304,5,35852,1.229999,,
2026-05-20,SYN-TIKT-02,Generated short-form concept B,TikTok Ads,development,28385,24667,296,5,34368,1.21078,,
2026-05-21,SYN-TIKT-02,Generated short-form concept B,TikTok Ads,development,31600,27417,329,6,42455,1.343513,,
2026-05-22,SYN-TIKT-02,Generated short-form concept B,TikTok Ads,development,35664,31000,372,7,50021,1.402563,,
2026-05-23,SYN-TIKT-02,Generated short-form concept B,TikTok Ads,development,39396,34167,410,7,56281,1.428597,,
2026-05-24,SYN-TIKT-02,Generated short-form concept B,TikTok Ads,development,37001,32083,385,7,52668,1.423421,,
2026-05-25,SYN-TIKT-02,Generated short-form concept B,TikTok Ads,development,33081,28750,345,6,45992,1.390284,,
2026-05-26,SYN-TIKT-02,Generated short-form concept B,TikTok Ads,development,28006,24333,292,5,35045,1.251339,,
2026-05-27,SYN-TIKT-02,Generated short-form concept B,TikTok Ads,development,29841,25917,311,5,40380,1.353172,,
2026-05-28,SYN-TIKT-02,Generated short-form concept B,TikTok Ads,development,32142,27917,335,6,43026,1.338622,,
2026-05-29,SYN-TIKT-02,Generated short-form concept B,TikTok Ads,development,36067,31333,376,7,51138,1.417861,,
2026-05-30,SYN-TIKT-02,Generated short-form concept B,TikTok Ads,development,35867,31167,374,7,50752,1.415005,,
2026-05-31,SYN-TIKT-02,Generated short-form concept B,TikTok Ads,development,33215,28833,346,6,43456,1.308325,,
2026-06-01,SYN-TIKT-02,Generated short-form concept B,TikTok Ads,development,29404,25500,306,5,36798,1.251462,,
2026-06-02,SYN-TIKT-02,Generated short-form concept B,TikTok Ads,development,26233,22750,273,4,31238,1.19079,,
2026-06-03,SYN-TIKT-02,Generated short-form concept B,TikTok Ads,development,26493,23000,276,4,33465,1.263164,,
2026-06-04,SYN-TIKT-02,Generated short-form concept B,TikTok Ads,development,29792,25833,310,5,37859,1.270777,,
2026-06-05,SYN-TIKT-02,Generated short-form concept B,TikTok Ads,development,33391,29000,348,6,42298,1.266749,,
2026-06-06,SYN-TIKT-02,Generated short-form concept B,TikTok Ads,development,32490,28167,338,6,43290,1.33241,,
2026-06-07,SYN-TIKT-02,Generated short-form concept B,TikTok Ads,development,31123,27000,324,5,38485,1.236545,,
2026-06-08,SYN-TIKT-02,Generated short-form concept B,TikTok Ads,development,26307,22833,274,4,32134,1.2215,,
2026-06-09,SYN-TIKT-02,Generated short-form concept B,TikTok Ads,development,24677,21417,257,4,27010,1.094541,,
2026-06-10,SYN-TIKT-02,Generated short-form concept B,TikTok Ads,development,26075,22667,272,4,30145,1.156088,,
2026-06-11,SYN-TIKT-02,Generated short-form concept B,TikTok Ads,development,28050,24333,292,5,37169,1.325098,,
2026-06-12,SYN-TIKT-02,Generated short-form concept B,TikTok Ads,development,32206,27917,335,6,42301,1.313451,,
2026-06-13,SYN-TIKT-02,Generated short-form concept B,TikTok Ads,development,33512,29083,349,6,43892,1.30974,,
2026-06-14,SYN-TIKT-02,Generated short-form concept B,TikTok Ads,development,29324,25417,305,5,38253,1.304495,,
2026-06-15,SYN-TIKT-02,Generated short-form concept B,TikTok Ads,development,25725,22333,268,4,30649,1.191409,,
2026-06-16,SYN-TIKT-02,Generated short-form concept B,TikTok Ads,development,26394,22917,275,4,32736,1.240282,,
2026-06-17,SYN-TIKT-02,Generated short-form concept B,TikTok Ads,development,29093,25250,303,5,36242,1.245729,,
2026-06-18,SYN-TIKT-02,Generated short-form concept B,TikTok Ads,development,32110,27833,334,5,41750,1.300218,,
2026-06-19,SYN-TIKT-02,Generated short-form concept B,TikTok Ads,development,36619,31750,381,6,47585,1.299462,,
2026-06-20,SYN-TIKT-02,Generated short-form concept B,TikTok Ads,development,35935,31167,374,6,49386,1.374315,,
2026-06-21,SYN-TIKT-02,Generated short-form concept B,TikTok Ads,development,32383,28083,337,6,43175,1.333261,,
2026-06-22,SYN-TIKT-02,Generated short-form concept B,TikTok Ads,development,34245,29750,357,6,45561,1.330442,,
2026-06-23,SYN-TIKT-02,Generated short-form concept B,TikTok Ads,development,27808,24167,290,5,36477,1.311745,,
2026-06-24,SYN-TIKT-02,Generated short-form concept B,TikTok Ads,development,30250,26250,315,5,36275,1.199174,,
2026-06-25,SYN-TIKT-02,Generated short-form concept B,TikTok Ads,development,32374,28083,337,5,39887,1.232069,,
2026-06-26,SYN-TIKT-02,Generated short-form concept B,TikTok Ads,development,39715,34500,414,7,55848,1.406219,,
2026-06-27,SYN-TIKT-02,Generated short-form concept B,TikTok Ads,development,37312,32417,389,7,55034,1.474968,,
2026-06-28,SYN-TIKT-02,Generated short-form concept B,TikTok Ads,development,33666,29250,351,6,47561,1.412731,,
2026-06-29,SYN-TIKT-02,Generated short-form concept B,TikTok Ads,development,28389,24667,296,5,36110,1.271972,,
2026-06-30,SYN-TIKT-02,Generated short-form concept B,TikTok Ads,development,27967,24250,291,5,36486,1.304609,,
2026-07-01,SYN-TIKT-02,Generated short-form concept B,TikTok Ads,development,30409,26417,317,5,35543,1.168832,,
2026-07-02,SYN-TIKT-02,Generated short-form concept B,TikTok Ads,development,29213,25333,304,5,38884,1.331051,,
2026-07-03,SYN-TIKT-02,Generated short-form concept B,TikTok Ads,development,36619,31750,381,6,47914,1.308446,,
2026-07-04,SYN-TIKT-02,Generated short-form concept B,TikTok Ads,development,33889,29417,353,7,49753,1.468116,,
2026-07-05,SYN-TIKT-02,Generated short-form concept B,TikTok Ads,development,31464,27333,328,5,40398,1.283944,,
2026-07-06,SYN-TIKT-02,Generated short-form concept B,TikTok Ads,development,27329,23750,285,4,31804,1.163745,,
2026-07-07,SYN-TIKT-02,Generated short-form concept B,TikTok Ads,development,24898,21583,259,4,30748,1.234959,,
2026-07-08,SYN-TIKT-02,Generated short-form concept B,TikTok Ads,development,27578,23917,287,4,31888,1.156284,,
2026-07-09,SYN-TIKT-02,Generated short-form concept B,TikTok Ads,development,25327,22000,264,4,32323,1.276227,,
2026-07-10,SYN-TIKT-02,Generated short-form concept B,TikTok Ads,development,34455,29917,359,6,45903,1.332259,,
2026-07-11,SYN-TIKT-02,Generated short-form concept B,TikTok Ads,development,33218,28833,346,6,43587,1.31215,,
2026-07-12,SYN-TIKT-02,Generated short-form concept B,TikTok Ads,development,30703,26667,320,5,36409,1.185845,,
2026-07-13,SYN-TIKT-02,Generated short-form concept B,TikTok Ads,development,27596,23917,287,5,34502,1.250254,,
2026-07-14,SYN-TIKT-02,Generated short-form concept B,TikTok Ads,development,25326,22000,264,4,28406,1.121614,,
2026-07-15,SYN-TIKT-02,Generated short-form concept B,TikTok Ads,development,26352,22833,274,4,32097,1.21801,,
2026-07-16,SYN-TIKT-02,Generated short-form concept B,TikTok Ads,development,29910,26000,312,5,39063,1.306018,,
2026-07-17,SYN-TIKT-02,Generated short-form concept B,TikTok Ads,development,35299,30667,368,6,46872,1.327856,,
2026-07-18,SYN-TIKT-02,Generated short-form concept B,TikTok Ads,development,35682,31000,372,6,49218,1.379351,,
2026-07-19,SYN-TIKT-02,Generated short-form concept B,TikTok Ads,development,31208,27083,325,6,41918,1.343181,,
2026-07-20,SYN-TIKT-02,Generated short-form concept B,TikTok Ads,development,30115,26167,314,5,39690,1.317948,,
2026-07-21,SYN-TIKT-02,Generated short-form concept B,TikTok Ads,development,31255,27167,326,5,40103,1.283091,,
2026-07-22,SYN-TIKT-02,Generated short-form concept B,TikTok Ads,development,32503,28250,339,5,39880,1.226964,,
2026-07-23,SYN-TIKT-02,Generated short-form concept B,TikTok Ads,development,35216,30583,367,6,44218,1.255622,,
2026-07-24,SYN-TIKT-02,Generated short-form concept B,TikTok Ads,development,38431,33333,400,7,53883,1.402071,,
2026-07-25,SYN-TIKT-02,Generated short-form concept B,TikTok Ads,development,38946,33833,406,7,50595,1.299106,,
2026-07-26,SYN-TIKT-02,Generated short-form concept B,TikTok Ads,development,34862,30250,363,6,47250,1.355344,,
2026-07-27,SYN-TIKT-02,Generated short-form concept B,TikTok Ads,development,26885,23333,280,5,35898,1.335243,,
2026-07-28,SYN-TIKT-02,Generated short-form concept B,TikTok Ads,development,30547,26500,318,5,37801,1.23747,,
2026-07-29,SYN-TIKT-02,Generated short-form concept B,TikTok Ads,development,31570,27417,329,5,39711,1.257871,,
2026-07-30,SYN-TIKT-02,Generated short-form concept B,TikTok Ads,development,34729,30167,362,6,43189,1.2436,,
2026-07-31,SYN-TIKT-02,Generated short-form concept B,TikTok Ads,development,36306,31500,378,7,50484,1.390514,,
2026-08-01,SYN-TIKT-02,Generated short-form concept B,TikTok Ads,development,36775,31917,383,7,51967,1.413107,,
2026-08-02,SYN-TIKT-02,Generated short-form concept B,TikTok Ads,holdout,33416,29000,348,6,43185,1.292345,1.28954,1.339972
2026-08-03,SYN-TIKT-02,Generated short-form concept B,TikTok Ads,holdout,29585,25667,308,5,39370,1.330742,1.28954,1.287933
2026-08-04,SYN-TIKT-02,Generated short-form concept B,TikTok Ads,holdout,26962,23417,281,4,31748,1.177509,1.28954,1.246556
2026-08-05,SYN-TIKT-02,Generated short-form concept B,TikTok Ads,holdout,25718,22333,268,5,34539,1.342989,1.28954,1.225496
2026-08-06,SYN-TIKT-02,Generated short-form concept B,TikTok Ads,holdout,28896,25083,301,5,36422,1.260451,1.28954,1.265298
2026-08-07,SYN-TIKT-02,Generated short-form concept B,TikTok Ads,holdout,32554,28250,339,6,43608,1.339559,1.28954,1.313323
2026-08-08,SYN-TIKT-02,Generated short-form concept B,TikTok Ads,holdout,32847,28500,342,6,44312,1.349043,1.28954,1.321191
2026-08-09,SYN-TIKT-02,Generated short-form concept B,TikTok Ads,holdout,30780,26750,321,5,38955,1.265595,1.28954,1.296398
2026-08-10,SYN-TIKT-02,Generated short-form concept B,TikTok Ads,holdout,27547,23917,287,4,32900,1.194322,1.28954,1.251085
2026-08-11,SYN-TIKT-02,Generated short-form concept B,TikTok Ads,holdout,22496,19500,234,4,26701,1.186922,1.28954,1.179372
2026-08-12,SYN-TIKT-02,Generated short-form concept B,TikTok Ads,holdout,26957,23417,281,4,30962,1.14857,1.28954,1.232135
2026-08-13,SYN-TIKT-02,Generated short-form concept B,TikTok Ads,holdout,30883,26833,322,5,39840,1.29003,1.28954,1.282568
2026-08-14,SYN-TIKT-02,Generated short-form concept B,TikTok Ads,holdout,33766,29333,352,6,44626,1.321625,1.28954,1.323879
2026-08-15,SYN-TIKT-02,Generated short-form concept B,TikTok Ads,holdout,32366,28083,337,6,45887,1.417753,1.28954,1.315963
2026-08-16,SYN-TIKT-02,Generated short-form concept B,TikTok Ads,holdout,31814,27583,331,6,44440,1.396869,1.28954,1.311588
2026-08-17,SYN-TIKT-02,Generated short-form concept B,TikTok Ads,holdout,27937,24250,291,5,35840,1.282886,1.28954,1.262209
2026-08-18,SYN-TIKT-02,Generated short-form concept B,TikTok Ads,holdout,29469,25583,307,5,36258,1.230378,1.28954,1.274955
2026-08-19,SYN-TIKT-02,Generated short-form concept B,TikTok Ads,holdout,29085,25250,303,5,38390,1.319924,1.28954,1.269397
2026-08-20,SYN-TIKT-02,Generated short-form concept B,TikTok Ads,holdout,31997,27750,333,6,43147,1.34847,1.28954,1.309022
2026-08-21,SYN-TIKT-02,Generated short-form concept B,TikTok Ads,holdout,35373,30667,368,7,51323,1.450909,1.28954,1.356636
2026-08-22,SYN-TIKT-02,Generated short-form concept B,TikTok Ads,holdout,37933,32917,395,7,56435,1.487755,1.28954,1.392435
2026-08-23,SYN-TIKT-02,Generated short-form concept B,TikTok Ads,holdout,37045,32167,386,7,53183,1.435632,1.28954,1.385121
2026-08-24,SYN-TIKT-02,Generated short-form concept B,TikTok Ads,holdout,32524,28250,339,6,44439,1.366345,1.28954,1.331182
2026-08-25,SYN-TIKT-02,Generated short-form concept B,TikTok Ads,holdout,29883,25917,311,5,36768,1.230399,1.28954,1.294313
2026-08-26,SYN-TIKT-02,Generated short-form concept B,TikTok Ads,holdout,30505,26500,318,5,38459,1.260744,1.28954,1.298775
2026-08-27,SYN-TIKT-02,Generated short-form concept B,TikTok Ads,holdout,35034,30417,365,6,48664,1.389051,1.28954,1.353263
2026-08-28,SYN-TIKT-02,Generated short-form concept B,TikTok Ads,holdout,36421,31583,379,7,53092,1.45773,1.28954,1.375758
2026-08-29,SYN-TIKT-02,Generated short-form concept B,TikTok Ads,holdout,34766,30167,362,6,48810,1.403958,1.28954,1.363461
2026-08-30,SYN-TIKT-02,Generated short-form concept B,TikTok Ads,holdout,35395,30750,369,6,45626,1.289052,1.28954,1.369194
2026-08-31,SYN-TIKT-02,Generated short-form concept B,TikTok Ads,holdout,31020,26917,323,5,40147,1.29423,1.28954,1.312644
2026-01-04,SYN-TIKT-03,Generated creator concept A,TikTok Ads,development,28442,21846,284,5,42299,1.487202,,
2026-01-05,SYN-TIKT-03,Generated creator concept A,TikTok Ads,development,24581,18923,246,4,32709,1.330662,,
2026-01-06,SYN-TIKT-03,Generated creator concept A,TikTok Ads,development,22130,17000,221,4,29131,1.316358,,
2026-01-07,SYN-TIKT-03,Generated creator concept A,TikTok Ads,development,22973,17692,230,4,31125,1.354851,,
2026-01-08,SYN-TIKT-03,Generated creator concept A,TikTok Ads,development,25061,19308,251,5,35497,1.416424,,
2026-01-09,SYN-TIKT-03,Generated creator concept A,TikTok Ads,development,27729,21308,277,5,38363,1.383497,,
2026-01-10,SYN-TIKT-03,Generated creator concept A,TikTok Ads,development,27915,21462,279,5,42117,1.508759,,
2026-01-11,SYN-TIKT-03,Generated creator concept A,TikTok Ads,development,26066,20077,261,5,37946,1.455766,,
2026-01-12,SYN-TIKT-03,Generated creator concept A,TikTok Ads,development,22857,17615,229,4,29049,1.270902,,
2026-01-13,SYN-TIKT-03,Generated creator concept A,TikTok Ads,development,23657,18231,237,4,30867,1.304772,,
2026-01-14,SYN-TIKT-03,Generated creator concept A,TikTok Ads,development,26710,20538,267,4,34400,1.287907,,
2026-01-15,SYN-TIKT-03,Generated creator concept A,TikTok Ads,development,28632,22000,286,5,39156,1.367561,,
2026-01-16,SYN-TIKT-03,Generated creator concept A,TikTok Ads,development,31775,24462,318,6,47611,1.498379,,
2026-01-17,SYN-TIKT-03,Generated creator concept A,TikTok Ads,development,32792,25231,328,6,49769,1.517718,,
2026-01-18,SYN-TIKT-03,Generated creator concept A,TikTok Ads,development,28021,21538,280,5,40811,1.456443,,
2026-01-19,SYN-TIKT-03,Generated creator concept A,TikTok Ads,development,27171,20923,272,5,37884,1.394281,,
2026-01-20,SYN-TIKT-03,Generated creator concept A,TikTok Ads,development,24952,19231,250,4,34554,1.384819,,
2026-01-21,SYN-TIKT-03,Generated creator concept A,TikTok Ads,development,27905,21462,279,5,42684,1.529618,,
2026-01-22,SYN-TIKT-03,Generated creator concept A,TikTok Ads,development,31165,24000,312,6,48252,1.548275,,
2026-01-23,SYN-TIKT-03,Generated creator concept A,TikTok Ads,development,35924,27615,359,7,58754,1.635508,,
2026-01-24,SYN-TIKT-03,Generated creator concept A,TikTok Ads,development,31775,24462,318,6,50854,1.600441,,
2026-01-25,SYN-TIKT-03,Generated creator concept A,TikTok Ads,development,28134,21615,281,5,41511,1.475475,,
2026-01-26,SYN-TIKT-03,Generated creator concept A,TikTok Ads,development,25947,19923,259,5,37170,1.432536,,
2026-01-27,SYN-TIKT-03,Generated creator concept A,TikTok Ads,development,25328,19462,253,5,35841,1.415074,,
2026-01-28,SYN-TIKT-03,Generated creator concept A,TikTok Ads,development,29544,22692,295,5,42716,1.445843,,
2026-01-29,SYN-TIKT-03,Generated creator concept A,TikTok Ads,development,29451,22692,295,6,43826,1.488099,,
2026-01-30,SYN-TIKT-03,Generated creator concept A,TikTok Ads,development,31127,23923,311,6,47242,1.517718,,
2026-01-31,SYN-TIKT-03,Generated creator concept A,TikTok Ads,development,33420,25692,334,6,48763,1.459096,,
2026-02-01,SYN-TIKT-03,Generated creator concept A,TikTok Ads,development,26371,20308,264,5,37606,1.426036,,
2026-02-02,SYN-TIKT-03,Generated creator concept A,TikTok Ads,development,22919,17615,229,4,31967,1.394782,,
2026-02-03,SYN-TIKT-03,Generated creator concept A,TikTok Ads,development,25372,19538,254,4,33447,1.318264,,
2026-02-04,SYN-TIKT-03,Generated creator concept A,TikTok Ads,development,24011,18462,240,4,34131,1.421473,,
2026-02-05,SYN-TIKT-03,Generated creator concept A,TikTok Ads,development,27601,21231,276,5,39287,1.42339,,
2026-02-06,SYN-TIKT-03,Generated creator concept A,TikTok Ads,development,31415,24154,314,6,44765,1.424956,,
2026-02-07,SYN-TIKT-03,Generated creator concept A,TikTok Ads,development,28299,21769,283,5,39211,1.385597,,
2026-02-08,SYN-TIKT-03,Generated creator concept A,TikTok Ads,development,27017,20769,270,5,36856,1.364178,,
2026-02-09,SYN-TIKT-03,Generated creator concept A,TikTok Ads,development,21571,16615,216,4,28351,1.314311,,
2026-02-10,SYN-TIKT-03,Generated creator concept A,TikTok Ads,development,22689,17462,227,4,30977,1.365287,,
2026-02-11,SYN-TIKT-03,Generated creator concept A,TikTok Ads,development,23517,18077,235,4,31384,1.334524,,
2026-02-12,SYN-TIKT-03,Generated creator concept A,TikTok Ads,development,28719,22077,287,5,38510,1.340924,,
2026-02-13,SYN-TIKT-03,Generated creator concept A,TikTok Ads,development,30492,23462,305,6,48927,1.604585,,
2026-02-14,SYN-TIKT-03,Generated creator concept A,TikTok Ads,development,30980,23846,310,6,46114,1.488509,,
2026-02-15,SYN-TIKT-03,Generated creator concept A,TikTok Ads,development,28207,21692,282,5,40798,1.446379,,
2026-02-16,SYN-TIKT-03,Generated creator concept A,TikTok Ads,development,26296,20231,263,5,35636,1.355187,,
2026-02-17,SYN-TIKT-03,Generated creator concept A,TikTok Ads,development,26286,20231,263,4,35236,1.340485,,
2026-02-18,SYN-TIKT-03,Generated creator concept A,TikTok Ads,development,25184,19385,252,5,36600,1.453304,,
2026-02-19,SYN-TIKT-03,Generated creator concept A,TikTok Ads,development,31091,23923,311,6,45544,1.464861,,
2026-02-20,SYN-TIKT-03,Generated creator concept A,TikTok Ads,development,34968,26923,350,7,55132,1.576642,,
2026-02-21,SYN-TIKT-03,Generated creator concept A,TikTok Ads,development,35347,27154,353,7,54110,1.530823,,
2026-02-22,SYN-TIKT-03,Generated creator concept A,TikTok Ads,development,28908,22231,289,6,43303,1.497959,,
2026-02-23,SYN-TIKT-03,Generated creator concept A,TikTok Ads,development,25868,19923,259,5,35535,1.373705,,
2026-02-24,SYN-TIKT-03,Generated creator concept A,TikTok Ads,development,25058,19308,251,5,36915,1.473182,,
2026-02-25,SYN-TIKT-03,Generated creator concept A,TikTok Ads,development,29793,22923,298,6,43786,1.469674,,
2026-02-26,SYN-TIKT-03,Generated creator concept A,TikTok Ads,development,33200,25538,332,7,53489,1.611114,,
2026-02-27,SYN-TIKT-03,Generated creator concept A,TikTok Ads,development,32343,24846,323,7,51790,1.601274,,
2026-02-28,SYN-TIKT-03,Generated creator concept A,TikTok Ads,development,30730,23615,307,6,47943,1.560137,,
2026-03-01,SYN-TIKT-03,Generated creator concept A,TikTok Ads,development,29628,22769,296,6,43716,1.475496,,
2026-03-02,SYN-TIKT-03,Generated creator concept A,TikTok Ads,development,23920,18385,239,4,34161,1.428135,,
2026-03-03,SYN-TIKT-03,Generated creator concept A,TikTok Ads,development,24945,19154,249,4,34062,1.365484,,
2026-03-04,SYN-TIKT-03,Generated creator concept A,TikTok Ads,development,25854,19923,259,5,37248,1.440706,,
2026-03-05,SYN-TIKT-03,Generated creator concept A,TikTok Ads,development,27893,21462,279,5,40463,1.450651,,
2026-03-06,SYN-TIKT-03,Generated creator concept A,TikTok Ads,development,30191,23231,302,6,45390,1.503428,,
2026-03-07,SYN-TIKT-03,Generated creator concept A,TikTok Ads,development,28079,21615,281,5,42121,1.500089,,
2026-03-08,SYN-TIKT-03,Generated creator concept A,TikTok Ads,development,26853,20692,269,5,37576,1.399322,,
2026-03-09,SYN-TIKT-03,Generated creator concept A,TikTok Ads,development,22729,17462,227,4,30632,1.347706,,
2026-03-10,SYN-TIKT-03,Generated creator concept A,TikTok Ads,development,20477,15769,205,3,27191,1.32788,,
2026-03-11,SYN-TIKT-03,Generated creator concept A,TikTok Ads,development,24541,18846,245,5,35436,1.443951,,
2026-03-12,SYN-TIKT-03,Generated creator concept A,TikTok Ads,development,27591,21231,276,5,41426,1.501432,,
2026-03-13,SYN-TIKT-03,Generated creator concept A,TikTok Ads,development,29840,22923,298,5,42968,1.439946,,
2026-03-14,SYN-TIKT-03,Generated creator concept A,TikTok Ads,development,27641,21231,276,5,41129,1.487971,,
2026-03-15,SYN-TIKT-03,Generated creator concept A,TikTok Ads,development,25846,19846,258,5,36134,1.39805,,
2026-03-16,SYN-TIKT-03,Generated creator concept A,TikTok Ads,development,25027,19231,250,4,33724,1.347505,,
2026-03-17,SYN-TIKT-03,Generated creator concept A,TikTok Ads,development,24045,18462,240,4,31734,1.319775,,
2026-03-18,SYN-TIKT-03,Generated creator concept A,TikTok Ads,development,26904,20692,269,5,39653,1.47387,,
2026-03-19,SYN-TIKT-03,Generated creator concept A,TikTok Ads,development,29134,22385,291,6,45003,1.54469,,
2026-03-20,SYN-TIKT-03,Generated creator concept A,TikTok Ads,development,33270,25615,333,7,54604,1.641238,,
2026-03-21,SYN-TIKT-03,Generated creator concept A,TikTok Ads,development,31546,24231,315,6,49238,1.560832,,
2026-03-22,SYN-TIKT-03,Generated creator concept A,TikTok Ads,development,28400,21846,284,5,41800,1.471831,,
2026-03-23,SYN-TIKT-03,Generated creator concept A,TikTok Ads,development,26914,20692,269,5,37929,1.409267,,
2026-03-24,SYN-TIKT-03,Generated creator concept A,TikTok Ads,development,26393,20308,264,5,37826,1.433183,,
2026-03-25,SYN-TIKT-03,Generated creator concept A,TikTok Ads,development,29198,22462,292,5,43173,1.478629,,
2026-03-26,SYN-TIKT-03,Generated creator concept A,TikTok Ads,development,33699,25923,337,7,52132,1.54699,,
2026-03-27,SYN-TIKT-03,Generated creator concept A,TikTok Ads,development,34664,26692,347,7,56078,1.617759,,
2026-03-28,SYN-TIKT-03,Generated creator concept A,TikTok Ads,development,32522,25000,325,6,50531,1.553748,,
2026-03-29,SYN-TIKT-03,Generated creator concept A,TikTok Ads,development,29958,23077,300,6,45115,1.505942,,
2026-03-30,SYN-TIKT-03,Generated creator concept A,TikTok Ads,development,29294,22538,293,5,42194,1.440363,,
2026-03-31,SYN-TIKT-03,Generated creator concept A,TikTok Ads,development,25125,19308,251,4,34169,1.35996,,
2026-04-01,SYN-TIKT-03,Generated creator concept A,TikTok Ads,development,25217,19385,252,5,36397,1.443352,,
2026-04-02,SYN-TIKT-03,Generated creator concept A,TikTok Ads,development,29465,22692,295,6,43731,1.484168,,
2026-04-03,SYN-TIKT-03,Generated creator concept A,TikTok Ads,development,31556,24308,316,6,49484,1.568133,,
2026-04-04,SYN-TIKT-03,Generated creator concept A,TikTok Ads,development,30272,23308,303,6,46152,1.524577,,
2026-04-05,SYN-TIKT-03,Generated creator concept A,TikTok Ads,development,29400,22615,294,5,38195,1.29915,,
2026-04-06,SYN-TIKT-03,Generated creator concept A,TikTok Ads,development,26791,20615,268,5,36797,1.373484,,
2026-04-07,SYN-TIKT-03,Generated creator concept A,TikTok Ads,development,22363,17231,224,4,29011,1.297277,,
2026-04-08,SYN-TIKT-03,Generated creator concept A,TikTok Ads,development,21543,16538,215,4,28853,1.339321,,
2026-04-09,SYN-TIKT-03,Generated creator concept A,TikTok Ads,development,27597,21231,276,5,37626,1.363409,,
2026-04-10,SYN-TIKT-03,Generated creator concept A,TikTok Ads,development,30939,23769,309,6,46679,1.508743,,
2026-04-11,SYN-TIKT-03,Generated creator concept A,TikTok Ads,development,27094,20846,271,5,39699,1.465232,,
2026-04-12,SYN-TIKT-03,Generated creator concept A,TikTok Ads,development,26437,20308,264,5,37592,1.421947,,
2026-04-13,SYN-TIKT-03,Generated creator concept A,TikTok Ads,development,22738,17462,227,4,31364,1.379365,,
2026-04-14,SYN-TIKT-03,Generated creator concept A,TikTok Ads,development,21478,16538,215,4,28640,1.333457,,
2026-04-15,SYN-TIKT-03,Generated creator concept A,TikTok Ads,development,26168,20154,262,5,35808,1.368389,,
2026-04-16,SYN-TIKT-03,Generated creator concept A,TikTok Ads,development,28491,21923,285,6,43362,1.521954,,
2026-04-17,SYN-TIKT-03,Generated creator concept A,TikTok Ads,development,34231,26308,342,7,51810,1.51354,,
2026-04-18,SYN-TIKT-03,Generated creator concept A,TikTok Ads,development,32396,24923,324,6,48847,1.50781,,
2026-04-19,SYN-TIKT-03,Generated creator concept A,TikTok Ads,development,28856,22231,289,5,41437,1.435993,,
2026-04-20,SYN-TIKT-03,Generated creator concept A,TikTok Ads,development,26973,20769,270,5,38976,1.445001,,
2026-04-21,SYN-TIKT-03,Generated creator concept A,TikTok Ads,development,25463,19615,255,5,35638,1.399599,,
2026-04-22,SYN-TIKT-03,Generated creator concept A,TikTok Ads,development,29504,22692,295,5,41835,1.417943,,
2026-04-23,SYN-TIKT-03,Generated creator concept A,TikTok Ads,development,29798,22923,298,6,46061,1.545775,,
2026-04-24,SYN-TIKT-03,Generated creator concept A,TikTok Ads,development,35810,27538,358,8,59556,1.663111,,
2026-04-25,SYN-TIKT-03,Generated creator concept A,TikTok Ads,development,33959,26154,340,7,54700,1.610766,,
2026-04-26,SYN-TIKT-03,Generated creator concept A,TikTok Ads,development,31091,23923,311,6,47445,1.526004,,
2026-04-27,SYN-TIKT-03,Generated creator concept A,TikTok Ads,development,25961,20000,260,5,38439,1.480644,,
2026-04-28,SYN-TIKT-03,Generated creator concept A,TikTok Ads,development,25146,19308,251,5,37419,1.48807,,
2026-04-29,SYN-TIKT-03,Generated creator concept A,TikTok Ads,development,28423,21846,284,5,40762,1.43412,,
2026-04-30,SYN-TIKT-03,Generated creator concept A,TikTok Ads,development,30385,23385,304,6,44853,1.476156,,
2026-05-01,SYN-TIKT-03,Generated creator concept A,TikTok Ads,development,32350,24923,324,6,48850,1.510046,,
2026-05-02,SYN-TIKT-03,Generated creator concept A,TikTok Ads,development,29753,22923,298,6,43650,1.467079,,
2026-05-03,SYN-TIKT-03,Generated creator concept A,TikTok Ads,development,27580,21231,276,5,41159,1.49235,,
2026-05-04,SYN-TIKT-03,Generated creator concept A,TikTok Ads,development,24348,18692,243,5,36078,1.481764,,
2026-05-05,SYN-TIKT-03,Generated creator concept A,TikTok Ads,development,22459,17308,225,4,30803,1.371521,,
2026-05-06,SYN-TIKT-03,Generated creator concept A,TikTok Ads,development,25675,19769,257,5,35711,1.390886,,
2026-05-07,SYN-TIKT-03,Generated creator concept A,TikTok Ads,development,27761,21385,278,5,39446,1.420914,,
2026-05-08,SYN-TIKT-03,Generated creator concept A,TikTok Ads,development,29238,22462,292,6,44969,1.538033,,
2026-05-09,SYN-TIKT-03,Generated creator concept A,TikTok Ads,development,26644,20462,266,5,40900,1.535055,,
2026-05-10,SYN-TIKT-03,Generated creator concept A,TikTok Ads,development,24838,19077,248,5,37756,1.52009,,
2026-05-11,SYN-TIKT-03,Generated creator concept A,TikTok Ads,development,23055,17769,231,4,31046,1.346606,,
2026-05-12,SYN-TIKT-03,Generated creator concept A,TikTok Ads,development,21595,16615,216,4,28232,1.30734,,
2026-05-13,SYN-TIKT-03,Generated creator concept A,TikTok Ads,development,23121,17769,231,4,32211,1.393149,,
2026-05-14,SYN-TIKT-03,Generated creator concept A,TikTok Ads,development,27876,21462,279,5,42778,1.534582,,
2026-05-15,SYN-TIKT-03,Generated creator concept A,TikTok Ads,development,30990,23846,310,6,47334,1.527396,,
2026-05-16,SYN-TIKT-03,Generated creator concept A,TikTok Ads,development,32488,25000,325,6,50457,1.553097,,
2026-05-17,SYN-TIKT-03,Generated creator concept A,TikTok Ads,development,27015,20769,270,5,37703,1.395632,,
2026-05-18,SYN-TIKT-03,Generated creator concept A,TikTok Ads,development,25524,19615,255,5,35569,1.393551,,
2026-05-19,SYN-TIKT-03,Generated creator concept A,TikTok Ads,development,26603,20462,266,5,37247,1.400105,,
2026-05-20,SYN-TIKT-03,Generated creator concept A,TikTok Ads,development,28035,21538,280,5,40188,1.433494,,
2026-05-21,SYN-TIKT-03,Generated creator concept A,TikTok Ads,development,31932,24538,319,6,48564,1.520857,,
2026-05-22,SYN-TIKT-03,Generated creator concept A,TikTok Ads,development,34553,26615,346,7,53753,1.555668,,
2026-05-23,SYN-TIKT-03,Generated creator concept A,TikTok Ads,development,31923,24538,319,7,52111,1.632397,,
2026-05-24,SYN-TIKT-03,Generated creator concept A,TikTok Ads,development,29816,22923,298,6,46772,1.568688,,
2026-05-25,SYN-TIKT-03,Generated creator concept A,TikTok Ads,development,28249,21692,282,5,40575,1.436334,,
2026-05-26,SYN-TIKT-03,Generated creator concept A,TikTok Ads,development,27000,20769,270,5,39263,1.454185,,
2026-05-27,SYN-TIKT-03,Generated creator concept A,TikTok Ads,development,30783,23692,308,6,45346,1.473086,,
2026-05-28,SYN-TIKT-03,Generated creator concept A,TikTok Ads,development,30807,23692,308,6,46998,1.525562,,
2026-05-29,SYN-TIKT-03,Generated creator concept A,TikTok Ads,development,30732,23615,307,6,49616,1.614474,,
2026-05-30,SYN-TIKT-03,Generated creator concept A,TikTok Ads,development,33706,25923,337,7,53849,1.597609,,
2026-05-31,SYN-TIKT-03,Generated creator concept A,TikTok Ads,development,29732,22846,297,5,43051,1.447969,,
2026-06-01,SYN-TIKT-03,Generated creator concept A,TikTok Ads,development,27235,20923,272,5,38275,1.405361,,
2026-06-02,SYN-TIKT-03,Generated creator concept A,TikTok Ads,development,22478,17308,225,4,30444,1.354391,,
2026-06-03,SYN-TIKT-03,Generated creator concept A,TikTok Ads,development,24548,18846,245,4,34681,1.412783,,
2026-06-04,SYN-TIKT-03,Generated creator concept A,TikTok Ads,development,26305,20231,263,5,40317,1.532674,,
2026-06-05,SYN-TIKT-03,Generated creator concept A,TikTok Ads,development,30080,23154,301,6,46802,1.555918,,
2026-06-06,SYN-TIKT-03,Generated creator concept A,TikTok Ads,development,27063,20846,271,5,39690,1.466578,,
2026-06-07,SYN-TIKT-03,Generated creator concept A,TikTok Ads,development,26204,20154,262,5,38657,1.475233,,
2026-06-08,SYN-TIKT-03,Generated creator concept A,TikTok Ads,development,22628,17385,226,4,32506,1.436539,,
2026-06-09,SYN-TIKT-03,Generated creator concept A,TikTok Ads,development,20566,15846,206,3,27324,1.328601,,
2026-06-10,SYN-TIKT-03,Generated creator concept A,TikTok Ads,development,25570,19692,256,5,36035,1.409269,,
2026-06-11,SYN-TIKT-03,Generated creator concept A,TikTok Ads,development,26069,20077,261,5,39421,1.512179,,
2026-06-12,SYN-TIKT-03,Generated creator concept A,TikTok Ads,development,29089,22385,291,6,43892,1.508887,,
2026-06-13,SYN-TIKT-03,Generated creator concept A,TikTok Ads,development,30709,23615,307,6,45659,1.486828,,
2026-06-14,SYN-TIKT-03,Generated creator concept A,TikTok Ads,development,26975,20769,270,5,40932,1.517405,,
2026-06-15,SYN-TIKT-03,Generated creator concept A,TikTok Ads,development,25525,19615,255,5,35660,1.397062,,
2026-06-16,SYN-TIKT-03,Generated creator concept A,TikTok Ads,development,24751,19077,248,4,33096,1.337158,,
2026-06-17,SYN-TIKT-03,Generated creator concept A,TikTok Ads,development,26149,20077,261,5,36224,1.385292,,
2026-06-18,SYN-TIKT-03,Generated creator concept A,TikTok Ads,development,29926,23000,299,6,47610,1.590924,,
2026-06-19,SYN-TIKT-03,Generated creator concept A,TikTok Ads,development,34900,26846,349,7,56026,1.60533,,
2026-06-20,SYN-TIKT-03,Generated creator concept A,TikTok Ads,development,31546,24231,315,6,49714,1.575921,,
2026-06-21,SYN-TIKT-03,Generated creator concept A,TikTok Ads,development,29348,22538,293,5,43110,1.468925,,
2026-06-22,SYN-TIKT-03,Generated creator concept A,TikTok Ads,development,26927,20692,269,5,36877,1.369518,,
2026-06-23,SYN-TIKT-03,Generated creator concept A,TikTok Ads,development,26338,20231,263,5,37150,1.41051,,
2026-06-24,SYN-TIKT-03,Generated creator concept A,TikTok Ads,development,32199,24769,322,6,48313,1.50045,,
2026-06-25,SYN-TIKT-03,Generated creator concept A,TikTok Ads,development,31230,24000,312,6,47456,1.519565,,
2026-06-26,SYN-TIKT-03,Generated creator concept A,TikTok Ads,development,33089,25462,331,6,50752,1.533803,,
2026-06-27,SYN-TIKT-03,Generated creator concept A,TikTok Ads,development,34324,26385,343,7,51225,1.492396,,
2026-06-28,SYN-TIKT-03,Generated creator concept A,TikTok Ads,development,30359,23385,304,6,47437,1.562535,,
2026-06-29,SYN-TIKT-03,Generated creator concept A,TikTok Ads,development,26291,20231,263,5,39201,1.491043,,
2026-06-30,SYN-TIKT-03,Generated creator concept A,TikTok Ads,development,25490,19615,255,4,34928,1.370263,,
2026-07-01,SYN-TIKT-03,Generated creator concept A,TikTok Ads,development,28428,21846,284,5,40700,1.431687,,
2026-07-02,SYN-TIKT-03,Generated creator concept A,TikTok Ads,development,28387,21846,284,5,41633,1.466622,,
2026-07-03,SYN-TIKT-03,Generated creator concept A,TikTok Ads,development,29255,22538,293,6,44542,1.522543,,
2026-07-04,SYN-TIKT-03,Generated creator concept A,TikTok Ads,development,27899,21462,279,5,41581,1.490412,,
2026-07-05,SYN-TIKT-03,Generated creator concept A,TikTok Ads,development,27569,21231,276,5,42824,1.553339,,
2026-07-06,SYN-TIKT-03,Generated creator concept A,TikTok Ads,development,23576,18154,236,4,32748,1.38904,,
2026-07-07,SYN-TIKT-03,Generated creator concept A,TikTok Ads,development,22273,17154,223,4,31143,1.39824,,
2026-07-08,SYN-TIKT-03,Generated creator concept A,TikTok Ads,development,26212,20154,262,5,37158,1.417595,,
2026-07-09,SYN-TIKT-03,Generated creator concept A,TikTok Ads,development,26776,20615,268,5,41168,1.537496,,
2026-07-10,SYN-TIKT-03,Generated creator concept A,TikTok Ads,development,26918,20692,269,5,41600,1.545434,,
2026-07-11,SYN-TIKT-03,Generated creator concept A,TikTok Ads,development,29632,22769,296,6,45942,1.550418,,
2026-07-12,SYN-TIKT-03,Generated creator concept A,TikTok Ads,development,25660,19769,257,5,35632,1.38862,,
2026-07-13,SYN-TIKT-03,Generated creator concept A,TikTok Ads,development,20967,16154,210,4,30025,1.432012,,
2026-07-14,SYN-TIKT-03,Generated creator concept A,TikTok Ads,development,23927,18385,239,4,32084,1.340912,,
2026-07-15,SYN-TIKT-03,Generated creator concept A,TikTok Ads,development,26128,20077,261,5,37235,1.4251,,
2026-07-16,SYN-TIKT-03,Generated creator concept A,TikTok Ads,development,27631,21231,276,6,43848,1.586913,,
2026-07-17,SYN-TIKT-03,Generated creator concept A,TikTok Ads,development,32676,25154,327,6,49848,1.525523,,
2026-07-18,SYN-TIKT-03,Generated creator concept A,TikTok Ads,development,30560,23538,306,6,48585,1.589823,,
2026-07-19,SYN-TIKT-03,Generated creator concept A,TikTok Ads,development,29380,22615,294,6,44719,1.52209,,
2026-07-20,SYN-TIKT-03,Generated creator concept A,TikTok Ads,development,28404,21846,284,5,41729,1.469124,,
2026-07-21,SYN-TIKT-03,Generated creator concept A,TikTok Ads,development,25883,19923,259,5,36277,1.401576,,
2026-07-22,SYN-TIKT-03,Generated creator concept A,TikTok Ads,development,27477,21154,275,5,40249,1.464825,,
2026-07-23,SYN-TIKT-03,Generated creator concept A,TikTok Ads,development,31451,24231,315,6,48572,1.544371,,
2026-07-24,SYN-TIKT-03,Generated creator concept A,TikTok Ads,development,34818,26769,348,7,52946,1.52065,,
2026-07-25,SYN-TIKT-03,Generated creator concept A,TikTok Ads,development,34876,26846,349,7,53101,1.522566,,
2026-07-26,SYN-TIKT-03,Generated creator concept A,TikTok Ads,development,30476,23462,305,6,47479,1.557914,,
2026-07-27,SYN-TIKT-03,Generated creator concept A,TikTok Ads,development,28071,21615,281,5,40478,1.441986,,
2026-07-28,SYN-TIKT-03,Generated creator concept A,TikTok Ads,development,25056,19308,251,5,36957,1.474976,,
2026-07-29,SYN-TIKT-03,Generated creator concept A,TikTok Ads,development,27941,21462,279,6,43630,1.561505,,
2026-07-30,SYN-TIKT-03,Generated creator concept A,TikTok Ads,development,30234,23231,302,6,46780,1.547265,,
2026-07-31,SYN-TIKT-03,Generated creator concept A,TikTok Ads,development,31247,24000,312,6,47614,1.523794,,
2026-08-01,SYN-TIKT-03,Generated creator concept A,TikTok Ads,development,29606,22769,296,6,44467,1.501959,,
2026-08-02,SYN-TIKT-03,Generated creator concept A,TikTok Ads,holdout,28422,21846,284,5,39376,1.385406,1.491601,1.495308
2026-08-03,SYN-TIKT-03,Generated creator concept A,TikTok Ads,holdout,20800,16000,208,3,26893,1.292933,1.491601,1.390622
2026-08-04,SYN-TIKT-03,Generated creator concept A,TikTok Ads,holdout,23063,17769,231,4,32051,1.389715,1.491601,1.410425
2026-08-05,SYN-TIKT-03,Generated creator concept A,TikTok Ads,holdout,24603,18923,246,5,36972,1.502744,1.491601,1.424359
2026-08-06,SYN-TIKT-03,Generated creator concept A,TikTok Ads,holdout,25341,19462,253,5,37261,1.470384,1.491601,1.434891
2026-08-07,SYN-TIKT-03,Generated creator concept A,TikTok Ads,holdout,30289,23308,303,6,46148,1.523589,1.491601,1.500268
2026-08-08,SYN-TIKT-03,Generated creator concept A,TikTok Ads,holdout,29826,22923,298,5,42108,1.411788,1.491601,1.499453
2026-08-09,SYN-TIKT-03,Generated creator concept A,TikTok Ads,holdout,26294,20231,263,5,38095,1.44881,1.491601,1.455791
2026-08-10,SYN-TIKT-03,Generated creator concept A,TikTok Ads,holdout,23532,18077,235,4,30256,1.285739,1.491601,1.413903
2026-08-11,SYN-TIKT-03,Generated creator concept A,TikTok Ads,holdout,23863,18385,239,4,31514,1.320622,1.491601,1.409858
2026-08-12,SYN-TIKT-03,Generated creator concept A,TikTok Ads,holdout,25285,19462,253,5,37383,1.478465,1.491601,1.424326
2026-08-13,SYN-TIKT-03,Generated creator concept A,TikTok Ads,holdout,28786,22154,288,5,40939,1.422184,1.491601,1.470888
2026-08-14,SYN-TIKT-03,Generated creator concept A,TikTok Ads,holdout,30778,23692,308,6,48265,1.568166,1.491601,1.502962
2026-08-15,SYN-TIKT-03,Generated creator concept A,TikTok Ads,holdout,32790,25231,328,7,53044,1.617688,1.491601,1.533559
2026-08-16,SYN-TIKT-03,Generated creator concept A,TikTok Ads,holdout,29011,22308,290,5,42630,1.469443,1.491601,1.491925
2026-08-17,SYN-TIKT-03,Generated creator concept A,TikTok Ads,holdout,24494,18846,245,5,36062,1.472279,1.491601,1.432594
2026-08-18,SYN-TIKT-03,Generated creator concept A,TikTok Ads,holdout,25603,19692,256,5,35786,1.397727,1.491601,1.441055
2026-08-19,SYN-TIKT-03,Generated creator concept A,TikTok Ads,holdout,26802,20615,268,5,40139,1.497612,1.491601,1.454801
2026-08-20,SYN-TIKT-03,Generated creator concept A,TikTok Ads,holdout,30981,23846,310,6,46405,1.497854,1.491601,1.510251
2026-08-21,SYN-TIKT-03,Generated creator concept A,TikTok Ads,holdout,34015,26154,340,7,55427,1.629487,1.491601,1.554627
2026-08-22,SYN-TIKT-03,Generated creator concept A,TikTok Ads,holdout,36296,27923,363,7,57213,1.576289,1.491601,1.587939
2026-08-23,SYN-TIKT-03,Generated creator concept A,TikTok Ads,holdout,28730,22077,287,6,47209,1.643195,1.491601,1.504748
2026-08-24,SYN-TIKT-03,Generated creator concept A,TikTok Ads,holdout,27452,21154,275,5,39376,1.434358,1.491601,1.484842
2026-08-25,SYN-TIKT-03,Generated creator concept A,TikTok Ads,holdout,25814,19846,258,5,38995,1.510614,1.491601,1.458184
2026-08-26,SYN-TIKT-03,Generated creator concept A,TikTok Ads,holdout,28648,22000,286,5,40435,1.411442,1.491601,1.48982
2026-08-27,SYN-TIKT-03,Generated creator concept A,TikTok Ads,holdout,30819,23692,308,6,49663,1.611441,1.491601,1.518909
2026-08-28,SYN-TIKT-03,Generated creator concept A,TikTok Ads,holdout,34005,26154,340,7,52154,1.533716,1.491601,1.56237
2026-08-29,SYN-TIKT-03,Generated creator concept A,TikTok Ads,holdout,29839,22923,298,6,47806,1.602131,1.491601,1.520655
2026-08-30,SYN-TIKT-03,Generated creator concept A,TikTok Ads,holdout,30105,23154,301,6,45061,1.496795,1.491601,1.522653
2026-08-31,SYN-TIKT-03,Generated creator concept A,TikTok Ads,holdout,24731,19000,247,4,34293,1.38664,1.491601,1.449803
2026-01-04,SYN-TIKT-04,Generated creator concept B,TikTok Ads,development,23912,16429,230,5,39097,1.635037,,
2026-01-05,SYN-TIKT-04,Generated creator concept B,TikTok Ads,development,20769,14286,200,4,31758,1.529106,,
2026-01-06,SYN-TIKT-04,Generated creator concept B,TikTok Ads,development,21488,14786,207,4,33692,1.567945,,
2026-01-07,SYN-TIKT-04,Generated creator concept B,TikTok Ads,development,22277,15286,214,4,36254,1.627418,,
2026-01-08,SYN-TIKT-04,Generated creator concept B,TikTok Ads,development,24277,16643,233,5,42220,1.739095,,
2026-01-09,SYN-TIKT-04,Generated creator concept B,TikTok Ads,development,26296,18071,253,5,44305,1.684857,,
2026-01-10,SYN-TIKT-04,Generated creator concept B,TikTok Ads,development,27880,19143,268,6,46058,1.652009,,
2026-01-11,SYN-TIKT-04,Generated creator concept B,TikTok Ads,development,21621,14857,208,4,33628,1.55534,,
2026-01-12,SYN-TIKT-04,Generated creator concept B,TikTok Ads,development,20388,14000,196,4,30763,1.508878,,
2026-01-13,SYN-TIKT-04,Generated creator concept B,TikTok Ads,development,20219,13857,194,4,32093,1.587269,,
2026-01-14,SYN-TIKT-04,Generated creator concept B,TikTok Ads,development,23792,16357,229,5,38230,1.606843,,
2026-01-15,SYN-TIKT-04,Generated creator concept B,TikTok Ads,development,24941,17143,240,5,42000,1.683974,,
2026-01-16,SYN-TIKT-04,Generated creator concept B,TikTok Ads,development,29843,20500,287,7,54819,1.836913,,
2026-01-17,SYN-TIKT-04,Generated creator concept B,TikTok Ads,development,25099,17214,241,5,42885,1.708634,,
2026-01-18,SYN-TIKT-04,Generated creator concept B,TikTok Ads,development,27185,18643,261,5,42670,1.569616,,
2026-01-19,SYN-TIKT-04,Generated creator concept B,TikTok Ads,development,20901,14357,201,4,33020,1.579829,,
2026-01-20,SYN-TIKT-04,Generated creator concept B,TikTok Ads,development,24468,16786,235,5,40924,1.672552,,
2026-01-21,SYN-TIKT-04,Generated creator concept B,TikTok Ads,development,24928,17143,240,5,42010,1.685254,,
2026-01-22,SYN-TIKT-04,Generated creator concept B,TikTok Ads,development,28571,19643,275,6,50335,1.761751,,
2026-01-23,SYN-TIKT-04,Generated creator concept B,TikTok Ads,development,30427,20929,293,7,56089,1.843396,,
2026-01-24,SYN-TIKT-04,Generated creator concept B,TikTok Ads,development,29331,20143,282,6,50322,1.715659,,
2026-01-25,SYN-TIKT-04,Generated creator concept B,TikTok Ads,development,27541,18929,265,6,47433,1.722269,,
2026-01-26,SYN-TIKT-04,Generated creator concept B,TikTok Ads,development,23221,15929,223,5,39066,1.682356,,
2026-01-27,SYN-TIKT-04,Generated creator concept B,TikTok Ads,development,25123,17286,242,5,39925,1.589181,,
2026-01-28,SYN-TIKT-04,Generated creator concept B,TikTok Ads,development,26523,18214,255,6,45082,1.699732,,
2026-01-29,SYN-TIKT-04,Generated creator concept B,TikTok Ads,development,27294,18714,262,6,46365,1.698725,,
2026-01-30,SYN-TIKT-04,Generated creator concept B,TikTok Ads,development,29256,20071,281,7,54188,1.852201,,
2026-01-31,SYN-TIKT-04,Generated creator concept B,TikTok Ads,development,27680,19000,266,6,46839,1.69216,,
2026-02-01,SYN-TIKT-04,Generated creator concept B,TikTok Ads,development,23766,16357,229,5,39328,1.654801,,
2026-02-02,SYN-TIKT-04,Generated creator concept B,TikTok Ads,development,20396,14000,196,4,32617,1.599186,,
2026-02-03,SYN-TIKT-04,Generated creator concept B,TikTok Ads,development,20958,14429,202,4,31983,1.526052,,
2026-02-04,SYN-TIKT-04,Generated creator concept B,TikTok Ads,development,24096,16571,232,5,37689,1.564119,,
2026-02-05,SYN-TIKT-04,Generated creator concept B,TikTok Ads,development,27744,19071,267,6,46986,1.693555,,
2026-02-06,SYN-TIKT-04,Generated creator concept B,TikTok Ads,development,26537,18214,255,6,44568,1.679466,,
2026-02-07,SYN-TIKT-04,Generated creator concept B,TikTok Ads,development,25527,17500,245,5,43533,1.705371,,
2026-02-08,SYN-TIKT-04,Generated creator concept B,TikTok Ads,development,21918,15071,211,5,36539,1.667077,,
2026-02-09,SYN-TIKT-04,Generated creator concept B,TikTok Ads,development,20358,14000,196,4,31021,1.523774,,
2026-02-10,SYN-TIKT-04,Generated creator concept B,TikTok Ads,development,22917,15714,220,4,35554,1.551425,,
2026-02-11,SYN-TIKT-04,Generated creator concept B,TikTok Ads,development,23494,16143,226,5,38694,1.646974,,
2026-02-12,SYN-TIKT-04,Generated creator concept B,TikTok Ads,development,28929,19857,278,6,46318,1.601092,,
2026-02-13,SYN-TIKT-04,Generated creator concept B,TikTok Ads,development,29259,20071,281,6,50967,1.741926,,
2026-02-14,SYN-TIKT-04,Generated creator concept B,TikTok Ads,development,26846,18429,258,6,44870,1.671385,,
2026-02-15,SYN-TIKT-04,Generated creator concept B,TikTok Ads,development,25523,17500,245,5,44434,1.74094,,
2026-02-16,SYN-TIKT-04,Generated creator concept B,TikTok Ads,development,21249,14571,204,4,34180,1.608546,,
2026-02-17,SYN-TIKT-04,Generated creator concept B,TikTok Ads,development,22511,15429,216,4,35864,1.593177,,
2026-02-18,SYN-TIKT-04,Generated creator concept B,TikTok Ads,development,24928,17143,240,5,41084,1.648107,,
2026-02-19,SYN-TIKT-04,Generated creator concept B,TikTok Ads,development,27593,18929,265,6,49399,1.790273,,
2026-02-20,SYN-TIKT-04,Generated creator concept B,TikTok Ads,development,30942,21286,298,7,54432,1.759162,,
2026-02-21,SYN-TIKT-04,Generated creator concept B,TikTok Ads,development,28618,19643,275,6,49032,1.713327,,
2026-02-22,SYN-TIKT-04,Generated creator concept B,TikTok Ads,development,25926,17786,249,6,45454,1.753221,,
2026-02-23,SYN-TIKT-04,Generated creator concept B,TikTok Ads,development,23535,16143,226,5,38700,1.644359,,
2026-02-24,SYN-TIKT-04,Generated creator concept B,TikTok Ads,development,23062,15857,222,5,39592,1.716764,,
2026-02-25,SYN-TIKT-04,Generated creator concept B,TikTok Ads,development,25336,17429,244,5,42106,1.661904,,
2026-02-26,SYN-TIKT-04,Generated creator concept B,TikTok Ads,development,28872,19857,278,6,49693,1.721149,,
2026-02-27,SYN-TIKT-04,Generated creator concept B,TikTok Ads,development,28479,19571,274,6,49061,1.722708,,
2026-02-28,SYN-TIKT-04,Generated creator concept B,TikTok Ads,development,30480,20929,293,7,53736,1.762992,,
2026-03-01,SYN-TIKT-04,Generated creator concept B,TikTok Ads,development,24164,16571,232,5,40645,1.682048,,
2026-03-02,SYN-TIKT-04,Generated creator concept B,TikTok Ads,development,20345,14000,196,4,30897,1.518653,,
2026-03-03,SYN-TIKT-04,Generated creator concept B,TikTok Ads,development,21975,15071,211,4,35276,1.605279,,
2026-03-04,SYN-TIKT-04,Generated creator concept B,TikTok Ads,development,23632,16214,227,5,40476,1.712762,,
2026-03-05,SYN-TIKT-04,Generated creator concept B,TikTok Ads,development,26548,18214,255,6,45809,1.725516,,
2026-03-06,SYN-TIKT-04,Generated creator concept B,TikTok Ads,development,29981,20571,288,6,52500,1.751109,,
2026-03-07,SYN-TIKT-04,Generated creator concept B,TikTok Ads,development,24439,16786,235,5,42090,1.722247,,
2026-03-08,SYN-TIKT-04,Generated creator concept B,TikTok Ads,development,22031,15143,212,4,35210,1.598203,,
2026-03-09,SYN-TIKT-04,Generated creator concept B,TikTok Ads,development,20439,14071,197,4,32389,1.584667,,
2026-03-10,SYN-TIKT-04,Generated creator concept B,TikTok Ads,development,19368,13286,186,4,29044,1.499587,,
2026-03-11,SYN-TIKT-04,Generated creator concept B,TikTok Ads,development,22535,15500,217,4,35034,1.554648,,
2026-03-12,SYN-TIKT-04,Generated creator concept B,TikTok Ads,development,25924,17786,249,5,42949,1.656727,,
2026-03-13,SYN-TIKT-04,Generated creator concept B,TikTok Ads,development,26281,18071,253,6,45967,1.749058,,
2026-03-14,SYN-TIKT-04,Generated creator concept B,TikTok Ads,development,24017,16500,231,5,40504,1.686472,,
2026-03-15,SYN-TIKT-04,Generated creator concept B,TikTok Ads,development,23987,16500,231,5,38104,1.588527,,
2026-03-16,SYN-TIKT-04,Generated creator concept B,TikTok Ads,development,22033,15143,212,4,34182,1.5514,,
2026-03-17,SYN-TIKT-04,Generated creator concept B,TikTok Ads,development,21194,14571,204,4,33402,1.576012,,
2026-03-18,SYN-TIKT-04,Generated creator concept B,TikTok Ads,development,24717,17000,238,5,40034,1.619695,,
2026-03-19,SYN-TIKT-04,Generated creator concept B,TikTok Ads,development,28353,19500,273,6,49602,1.749445,,
2026-03-20,SYN-TIKT-04,Generated creator concept B,TikTok Ads,development,27438,18857,264,6,48023,1.750237,,
2026-03-21,SYN-TIKT-04,Generated creator concept B,TikTok Ads,development,28360,19500,273,6,51537,1.817243,,
2026-03-22,SYN-TIKT-04,Generated creator concept B,TikTok Ads,development,26155,17929,251,5,44192,1.68962,,
2026-03-23,SYN-TIKT-04,Generated creator concept B,TikTok Ads,development,24143,16571,232,5,40410,1.673777,,
2026-03-24,SYN-TIKT-04,Generated creator concept B,TikTok Ads,development,22669,15571,218,5,38473,1.697164,,
2026-03-25,SYN-TIKT-04,Generated creator concept B,TikTok Ads,development,25719,17643,247,6,46348,1.802092,,
2026-03-26,SYN-TIKT-04,Generated creator concept B,TikTok Ads,development,30758,21143,296,7,57806,1.879381,,
2026-03-27,SYN-TIKT-04,Generated creator concept B,TikTok Ads,development,30464,20929,293,7,55330,1.816242,,
2026-03-28,SYN-TIKT-04,Generated creator concept B,TikTok Ads,development,30308,20786,291,7,54708,1.805068,,
2026-03-29,SYN-TIKT-04,Generated creator concept B,TikTok Ads,development,26505,18214,255,5,43258,1.632069,,
2026-03-30,SYN-TIKT-04,Generated creator concept B,TikTok Ads,development,21938,15071,211,5,36717,1.673671,,
2026-03-31,SYN-TIKT-04,Generated creator concept B,TikTok Ads,development,21706,14929,209,5,36707,1.691099,,
2026-04-01,SYN-TIKT-04,Generated creator concept B,TikTok Ads,development,23666,16286,228,5,39170,1.655117,,
2026-04-02,SYN-TIKT-04,Generated creator concept B,TikTok Ads,development,28284,19429,272,6,49339,1.744414,,
2026-04-03,SYN-TIKT-04,Generated creator concept B,TikTok Ads,development,27906,19143,268,6,50087,1.794847,,
2026-04-04,SYN-TIKT-04,Generated creator concept B,TikTok Ads,development,26326,18071,253,5,44123,1.676024,,
2026-04-05,SYN-TIKT-04,Generated creator concept B,TikTok Ads,development,21673,14857,208,4,35705,1.647442,,
2026-04-06,SYN-TIKT-04,Generated creator concept B,TikTok Ads,development,17588,12071,169,4,29152,1.657494,,
2026-04-07,SYN-TIKT-04,Generated creator concept B,TikTok Ads,development,21463,14714,206,4,34098,1.588688,,
2026-04-08,SYN-TIKT-04,Generated creator concept B,TikTok Ads,development,20790,14286,200,4,33818,1.626647,,
2026-04-09,SYN-TIKT-04,Generated creator concept B,TikTok Ads,development,25080,17214,241,5,42599,1.698525,,
2026-04-10,SYN-TIKT-04,Generated creator concept B,TikTok Ads,development,26326,18071,253,6,45363,1.723125,,
2026-04-11,SYN-TIKT-04,Generated creator concept B,TikTok Ads,development,23369,16071,225,5,41322,1.76824,,
2026-04-12,SYN-TIKT-04,Generated creator concept B,TikTok Ads,development,22466,15429,216,4,36178,1.610345,,
2026-04-13,SYN-TIKT-04,Generated creator concept B,TikTok Ads,development,20533,14071,197,4,32840,1.599377,,
2026-04-14,SYN-TIKT-04,Generated creator concept B,TikTok Ads,development,20748,14286,200,4,34482,1.661943,,
2026-04-15,SYN-TIKT-04,Generated creator concept B,TikTok Ads,development,23566,16214,227,5,40050,1.699482,,
2026-04-16,SYN-TIKT-04,Generated creator concept B,TikTok Ads,development,27505,18857,264,6,45298,1.646901,,
2026-04-17,SYN-TIKT-04,Generated creator concept B,TikTok Ads,development,27847,19143,268,6,49505,1.77775,,
2026-04-18,SYN-TIKT-04,Generated creator concept B,TikTok Ads,development,28372,19500,273,6,49116,1.731143,,
2026-04-19,SYN-TIKT-04,Generated creator concept B,TikTok Ads,development,27535,18929,265,6,45567,1.654876,,
2026-04-20,SYN-TIKT-04,Generated creator concept B,TikTok Ads,development,22767,15643,219,5,40066,1.759828,,
2026-04-21,SYN-TIKT-04,Generated creator concept B,TikTok Ads,development,23593,16214,227,5,39545,1.676133,,
2026-04-22,SYN-TIKT-04,Generated creator concept B,TikTok Ads,development,27844,19143,268,6,48736,1.750323,,
2026-04-23,SYN-TIKT-04,Generated creator concept B,TikTok Ads,development,29391,20214,283,6,50725,1.725868,,
2026-04-24,SYN-TIKT-04,Generated creator concept B,TikTok Ads,development,29283,20143,282,6,51766,1.767783,,
2026-04-25,SYN-TIKT-04,Generated creator concept B,TikTok Ads,development,31326,21500,301,7,57306,1.829343,,
2026-04-26,SYN-TIKT-04,Generated creator concept B,TikTok Ads,development,22913,15714,220,5,39434,1.721032,,
2026-04-27,SYN-TIKT-04,Generated creator concept B,TikTok Ads,development,23636,16214,227,5,40577,1.716746,,
2026-04-28,SYN-TIKT-04,Generated creator concept B,TikTok Ads,development,22678,15571,218,5,38985,1.719067,,
2026-04-29,SYN-TIKT-04,Generated creator concept B,TikTok Ads,development,25163,17286,242,5,41826,1.662202,,
2026-04-30,SYN-TIKT-04,Generated creator concept B,TikTok Ads,development,28304,19429,272,6,46634,1.647612,,
2026-05-01,SYN-TIKT-04,Generated creator concept B,TikTok Ads,development,29700,20429,286,7,54006,1.818384,,
2026-05-02,SYN-TIKT-04,Generated creator concept B,TikTok Ads,development,27693,19000,266,6,46492,1.678836,,
2026-05-03,SYN-TIKT-04,Generated creator concept B,TikTok Ads,development,23375,16071,225,5,38959,1.666695,,
2026-05-04,SYN-TIKT-04,Generated creator concept B,TikTok Ads,development,19548,13429,188,4,31816,1.627583,,
2026-05-05,SYN-TIKT-04,Generated creator concept B,TikTok Ads,development,20191,13857,194,4,33375,1.652964,,
2026-05-06,SYN-TIKT-04,Generated creator concept B,TikTok Ads,development,23627,16214,227,5,38669,1.636645,,
2026-05-07,SYN-TIKT-04,Generated creator concept B,TikTok Ads,development,24746,17000,238,5,42766,1.728198,,
2026-05-08,SYN-TIKT-04,Generated creator concept B,TikTok Ads,development,26651,18286,256,6,45344,1.7014,,
2026-05-09,SYN-TIKT-04,Generated creator concept B,TikTok Ads,development,25166,17286,242,5,40884,1.624573,,
2026-05-10,SYN-TIKT-04,Generated creator concept B,TikTok Ads,development,22721,15571,218,5,36969,1.627085,,
2026-05-11,SYN-TIKT-04,Generated creator concept B,TikTok Ads,development,19710,13571,190,4,30507,1.547793,,
2026-05-12,SYN-TIKT-04,Generated creator concept B,TikTok Ads,development,21080,14500,203,4,32199,1.527467,,
2026-05-13,SYN-TIKT-04,Generated creator concept B,TikTok Ads,development,22924,15714,220,5,37526,1.636974,,
2026-05-14,SYN-TIKT-04,Generated creator concept B,TikTok Ads,development,27299,18714,262,6,47705,1.7475,,
2026-05-15,SYN-TIKT-04,Generated creator concept B,TikTok Ads,development,25225,17357,243,6,44925,1.780971,,
2026-05-16,SYN-TIKT-04,Generated creator concept B,TikTok Ads,development,25698,17643,247,6,45226,1.759903,,
2026-05-17,SYN-TIKT-04,Generated creator concept B,TikTok Ads,development,24318,16714,234,5,42232,1.736656,,
2026-05-18,SYN-TIKT-04,Generated creator concept B,TikTok Ads,development,22827,15643,219,4,36333,1.591668,,
2026-05-19,SYN-TIKT-04,Generated creator concept B,TikTok Ads,development,23124,15857,222,5,39091,1.690495,,
2026-05-20,SYN-TIKT-04,Generated creator concept B,TikTok Ads,development,24911,17143,240,5,43736,1.75569,,
2026-05-21,SYN-TIKT-04,Generated creator concept B,TikTok Ads,development,29426,20214,283,7,53347,1.812921,,
2026-05-22,SYN-TIKT-04,Generated creator concept B,TikTok Ads,development,30246,20786,291,7,56189,1.857733,,
2026-05-23,SYN-TIKT-04,Generated creator concept B,TikTok Ads,development,30574,21000,294,7,57340,1.87545,,
2026-05-24,SYN-TIKT-04,Generated creator concept B,TikTok Ads,development,25596,17571,246,6,46072,1.799969,,
2026-05-25,SYN-TIKT-04,Generated creator concept B,TikTok Ads,development,21924,15071,211,4,35622,1.624795,,
2026-05-26,SYN-TIKT-04,Generated creator concept B,TikTok Ads,development,23902,16429,230,5,40290,1.685633,,
2026-05-27,SYN-TIKT-04,Generated creator concept B,TikTok Ads,development,26123,17929,251,5,44226,1.692991,,
2026-05-28,SYN-TIKT-04,Generated creator concept B,TikTok Ads,development,28960,19857,278,6,51790,1.788329,,
2026-05-29,SYN-TIKT-04,Generated creator concept B,TikTok Ads,development,30518,20929,293,7,57152,1.872731,,
2026-05-30,SYN-TIKT-04,Generated creator concept B,TikTok Ads,development,27583,18929,265,6,49857,1.807526,,
2026-05-31,SYN-TIKT-04,Generated creator concept B,TikTok Ads,development,25161,17286,242,5,41509,1.649736,,
2026-06-01,SYN-TIKT-04,Generated creator concept B,TikTok Ads,development,22091,15143,212,4,36275,1.642071,,
2026-06-02,SYN-TIKT-04,Generated creator concept B,TikTok Ads,development,23114,15857,222,5,38257,1.655144,,
2026-06-03,SYN-TIKT-04,Generated creator concept B,TikTok Ads,development,22715,15571,218,5,39100,1.72133,,
2026-06-04,SYN-TIKT-04,Generated creator concept B,TikTok Ads,development,24992,17143,240,5,42355,1.694742,,
2026-06-05,SYN-TIKT-04,Generated creator concept B,TikTok Ads,development,26358,18071,253,6,46595,1.767774,,
2026-06-06,SYN-TIKT-04,Generated creator concept B,TikTok Ads,development,25833,17714,248,5,42883,1.660009,,
2026-06-07,SYN-TIKT-04,Generated creator concept B,TikTok Ads,development,21542,14786,207,4,33739,1.566196,,
2026-06-08,SYN-TIKT-04,Generated creator concept B,TikTok Ads,development,21388,14714,206,4,35035,1.638068,,
2026-06-09,SYN-TIKT-04,Generated creator concept B,TikTok Ads,development,19754,13571,190,4,30558,1.546927,,
2026-06-10,SYN-TIKT-04,Generated creator concept B,TikTok Ads,development,22040,15143,212,5,37109,1.683711,,
2026-06-11,SYN-TIKT-04,Generated creator concept B,TikTok Ads,development,25080,17214,241,6,45232,1.803509,,
2026-06-12,SYN-TIKT-04,Generated creator concept B,TikTok Ads,development,26931,18500,259,6,47968,1.781144,,
2026-06-13,SYN-TIKT-04,Generated creator concept B,TikTok Ads,development,25162,17286,242,6,44929,1.785589,,
2026-06-14,SYN-TIKT-04,Generated creator concept B,TikTok Ads,development,23443,16071,225,5,39275,1.67534,,
2026-06-15,SYN-TIKT-04,Generated creator concept B,TikTok Ads,development,21708,14929,209,4,35785,1.648471,,
2026-06-16,SYN-TIKT-04,Generated creator concept B,TikTok Ads,development,22461,15429,216,5,38727,1.724189,,
2026-06-17,SYN-TIKT-04,Generated creator concept B,TikTok Ads,development,25076,17214,241,5,43750,1.744696,,
2026-06-18,SYN-TIKT-04,Generated creator concept B,TikTok Ads,development,28812,19786,277,6,52285,1.814695,,
2026-06-19,SYN-TIKT-04,Generated creator concept B,TikTok Ads,development,30718,21071,295,7,54990,1.790156,,
2026-06-20,SYN-TIKT-04,Generated creator concept B,TikTok Ads,development,28299,19429,272,6,51037,1.803491,,
2026-06-21,SYN-TIKT-04,Generated creator concept B,TikTok Ads,development,26815,18429,258,6,47220,1.760955,,
2026-06-22,SYN-TIKT-04,Generated creator concept B,TikTok Ads,development,24920,17143,240,5,42770,1.716292,,
2026-06-23,SYN-TIKT-04,Generated creator concept B,TikTok Ads,development,23266,16000,224,5,41694,1.792057,,
2026-06-24,SYN-TIKT-04,Generated creator concept B,TikTok Ads,development,27145,18643,261,6,48128,1.772997,,
2026-06-25,SYN-TIKT-04,Generated creator concept B,TikTok Ads,development,27583,18929,265,6,50859,1.843853,,
2026-06-26,SYN-TIKT-04,Generated creator concept B,TikTok Ads,development,30215,20786,291,7,55051,1.821976,,
2026-06-27,SYN-TIKT-04,Generated creator concept B,TikTok Ads,development,28253,19429,272,6,49402,1.748558,,
2026-06-28,SYN-TIKT-04,Generated creator concept B,TikTok Ads,development,25312,17357,243,6,44690,1.765566,,
2026-06-29,SYN-TIKT-04,Generated creator concept B,TikTok Ads,development,21255,14571,204,5,37201,1.750223,,
2026-06-30,SYN-TIKT-04,Generated creator concept B,TikTok Ads,development,23104,15857,222,5,37606,1.627684,,
2026-07-01,SYN-TIKT-04,Generated creator concept B,TikTok Ads,development,23997,16500,231,5,39254,1.635788,,
2026-07-02,SYN-TIKT-04,Generated creator concept B,TikTok Ads,development,24487,16786,235,5,42538,1.737167,,
2026-07-03,SYN-TIKT-04,Generated creator concept B,TikTok Ads,development,28417,19500,273,6,51542,1.813773,,
2026-07-04,SYN-TIKT-04,Generated creator concept B,TikTok Ads,development,27327,18786,263,6,46665,1.707652,,
2026-07-05,SYN-TIKT-04,Generated creator concept B,TikTok Ads,development,22811,15643,219,5,37628,1.649555,,
2026-07-06,SYN-TIKT-04,Generated creator concept B,TikTok Ads,development,19471,13357,187,4,30102,1.545991,,
2026-07-07,SYN-TIKT-04,Generated creator concept B,TikTok Ads,development,21455,14714,206,4,34933,1.628199,,
2026-07-08,SYN-TIKT-04,Generated creator concept B,TikTok Ads,development,20505,14071,197,4,33374,1.627603,,
2026-07-09,SYN-TIKT-04,Generated creator concept B,TikTok Ads,development,24404,16786,235,5,44104,1.807245,,
2026-07-10,SYN-TIKT-04,Generated creator concept B,TikTok Ads,development,27011,18571,260,6,48253,1.78642,,
2026-07-11,SYN-TIKT-04,Generated creator concept B,TikTok Ads,development,26060,17929,251,6,48924,1.87736,,
2026-07-12,SYN-TIKT-04,Generated creator concept B,TikTok Ads,development,22559,15500,217,5,39595,1.755175,,
2026-07-13,SYN-TIKT-04,Generated creator concept B,TikTok Ads,development,19480,13357,187,4,31801,1.632495,,
2026-07-14,SYN-TIKT-04,Generated creator concept B,TikTok Ads,development,22019,15143,212,4,35889,1.629911,,
2026-07-15,SYN-TIKT-04,Generated creator concept B,TikTok Ads,development,23858,16357,229,5,41298,1.730992,,
2026-07-16,SYN-TIKT-04,Generated creator concept B,TikTok Ads,development,28937,19857,278,7,53330,1.842969,,
2026-07-17,SYN-TIKT-04,Generated creator concept B,TikTok Ads,development,27473,18857,264,6,50349,1.832672,,
2026-07-18,SYN-TIKT-04,Generated creator concept B,TikTok Ads,development,29844,20500,287,7,53911,1.806427,,
2026-07-19,SYN-TIKT-04,Generated creator concept B,TikTok Ads,development,23929,16429,230,5,41469,1.733002,,
2026-07-20,SYN-TIKT-04,Generated creator concept B,TikTok Ads,development,23897,16429,230,5,41776,1.748169,,
2026-07-21,SYN-TIKT-04,Generated creator concept B,TikTok Ads,development,24814,17071,239,5,41829,1.685702,,
2026-07-22,SYN-TIKT-04,Generated creator concept B,TikTok Ads,development,27595,18929,265,6,47200,1.710455,,
2026-07-23,SYN-TIKT-04,Generated creator concept B,TikTok Ads,development,29551,20286,284,7,53460,1.809076,,
2026-07-24,SYN-TIKT-04,Generated creator concept B,TikTok Ads,development,32018,22000,308,7,59373,1.854363,,
2026-07-25,SYN-TIKT-04,Generated creator concept B,TikTok Ads,development,29331,20143,282,7,53825,1.835089,,
2026-07-26,SYN-TIKT-04,Generated creator concept B,TikTok Ads,development,25043,17214,241,5,42345,1.690892,,
2026-07-27,SYN-TIKT-04,Generated creator concept B,TikTok Ads,development,26779,18357,257,5,42937,1.603383,,
2026-07-28,SYN-TIKT-04,Generated creator concept B,TikTok Ads,development,22257,15286,214,5,37847,1.700454,,
2026-07-29,SYN-TIKT-04,Generated creator concept B,TikTok Ads,development,25710,17643,247,6,45704,1.777674,,
2026-07-30,SYN-TIKT-04,Generated creator concept B,TikTok Ads,development,25342,17429,244,6,46397,1.830834,,
2026-07-31,SYN-TIKT-04,Generated creator concept B,TikTok Ads,development,27790,19071,267,6,48858,1.758114,,
2026-08-01,SYN-TIKT-04,Generated creator concept B,TikTok Ads,development,25885,17786,249,6,46478,1.795557,,
2026-08-02,SYN-TIKT-04,Generated creator concept B,TikTok Ads,holdout,21292,14643,205,4,35230,1.654612,1.74024,1.677353
2026-08-03,SYN-TIKT-04,Generated creator concept B,TikTok Ads,holdout,19657,13500,189,4,31999,1.627868,1.74024,1.646986
2026-08-04,SYN-TIKT-04,Generated creator concept B,TikTok Ads,holdout,18905,13000,182,4,31403,1.661095,1.74024,1.626613
2026-08-05,SYN-TIKT-04,Generated creator concept B,TikTok Ads,holdout,22406,15357,215,4,35847,1.599884,1.74024,1.667975
2026-08-06,SYN-TIKT-04,Generated creator concept B,TikTok Ads,holdout,26071,17929,251,6,45862,1.759119,1.74024,1.71581
2026-08-07,SYN-TIKT-04,Generated creator concept B,TikTok Ads,holdout,28163,19357,271,6,51292,1.821255,1.74024,1.747055
2026-08-08,SYN-TIKT-04,Generated creator concept B,TikTok Ads,holdout,25918,17786,249,6,46632,1.799213,1.74024,1.724302
2026-08-09,SYN-TIKT-04,Generated creator concept B,TikTok Ads,holdout,21349,14643,205,5,36666,1.717457,1.74024,1.664378
2026-08-10,SYN-TIKT-04,Generated creator concept B,TikTok Ads,holdout,19071,13071,183,4,30740,1.611871,1.74024,1.62634
2026-08-11,SYN-TIKT-04,Generated creator concept B,TikTok Ads,holdout,21741,14929,209,4,35226,1.620257,1.74024,1.654133
2026-08-12,SYN-TIKT-04,Generated creator concept B,TikTok Ads,holdout,23288,16000,224,5,39868,1.711955,1.74024,1.670824
2026-08-13,SYN-TIKT-04,Generated creator concept B,TikTok Ads,holdout,24938,17143,240,5,43431,1.741559,1.74024,1.69576
2026-08-14,SYN-TIKT-04,Generated creator concept B,TikTok Ads,holdout,30513,20929,293,7,57969,1.899813,1.74024,1.771753
2026-08-15,SYN-TIKT-04,Generated creator concept B,TikTok Ads,holdout,28202,19357,271,6,50578,1.793419,1.74024,1.752279
2026-08-16,SYN-TIKT-04,Generated creator concept B,TikTok Ads,holdout,25930,17786,249,6,46751,1.80297,1.74024,1.726504
2026-08-17,SYN-TIKT-04,Generated creator concept B,TikTok Ads,holdout,22424,15429,216,5,37928,1.691402,1.74024,1.677823
2026-08-18,SYN-TIKT-04,Generated creator concept B,TikTok Ads,holdout,22007,15143,212,5,37550,1.706275,1.74024,1.6669
2026-08-19,SYN-TIKT-04,Generated creator concept B,TikTok Ads,holdout,25124,17286,242,5,43033,1.712824,1.74024,1.705891
2026-08-20,SYN-TIKT-04,Generated creator concept B,TikTok Ads,holdout,30139,20714,290,7,53177,1.764392,1.74024,1.772365
2026-08-21,SYN-TIKT-04,Generated creator concept B,TikTok Ads,holdout,30626,21000,294,7,58000,1.893816,1.74024,1.788229
2026-08-22,SYN-TIKT-04,Generated creator concept B,TikTok Ads,holdout,29394,20214,283,7,55629,1.892529,1.74024,1.782408
2026-08-23,SYN-TIKT-04,Generated creator concept B,TikTok Ads,holdout,27317,18786,263,6,49093,1.797159,1.74024,1.759647
2026-08-24,SYN-TIKT-04,Generated creator concept B,TikTok Ads,holdout,23569,16214,227,5,42365,1.797488,1.74024,1.708308
2026-08-25,SYN-TIKT-04,Generated creator concept B,TikTok Ads,holdout,24056,16500,231,5,39378,1.63693,1.74024,1.70794
2026-08-26,SYN-TIKT-04,Generated creator concept B,TikTok Ads,holdout,25688,17643,247,6,47184,1.836811,1.74024,1.725702
2026-08-27,SYN-TIKT-04,Generated creator concept B,TikTok Ads,holdout,28407,19500,273,6,48945,1.722991,1.74024,1.762482
2026-08-28,SYN-TIKT-04,Generated creator concept B,TikTok Ads,holdout,28618,19643,275,6,52047,1.818681,1.74024,1.772543
2026-08-29,SYN-TIKT-04,Generated creator concept B,TikTok Ads,holdout,26133,17929,251,6,48123,1.841465,1.74024,1.74801
2026-08-30,SYN-TIKT-04,Generated creator concept B,TikTok Ads,holdout,22861,15714,220,5,38630,1.689777,1.74024,1.705495
2026-08-31,SYN-TIKT-04,Generated creator concept B,TikTok Ads,holdout,20477,14071,197,4,35453,1.731357,1.74024,1.666179
